Date,GLQ,SJU,CWN,PXI,ZLH,BQV,VLS,RDA,BEY,ZJB,AEQ,XXO,WDZ,TRV,DKS,BKI,WRL,XFP,CQC,TLJ,SPF,YVW,AXM,YRU,YDI,XLA,QRY,AWF,UZO,XJT,VRD,YXF,UFY,PDT,QJL,WXV,ZPL,XPE,ZFX,WFI
2019-01-01,56,531,175,485,54,0,63,798,231,0,0,102,84,87,228,0,92,67,199,79,560,0,59,62,0,87,275,198,64,84,66,81,64,357,283,81,61,71,84,62
2019-01-02,61,547,196,491,82,0,63,596,186,0,0,85,80,95,196,0,67,78,182,87,519,0,66,68,0,81,255,164,75,72,51,68,60,265,212,90,50,85,102,93
2019-01-03,57,448,193,342,59,0,66,412,127,0,0,85,92,90,158,0,79,64,141,78,452,0,56,58,0,59,212,120,77,76,60,83,67,294,211,95,48,70,108,93
2019-01-04,68,371,161,334,75,0,74,329,132,0,0,80,74,74,123,0,68,62,107,72,360,0,69,76,0,93,187,77,65,69,65,77,50,226,161,86,61,72,86,93
2019-01-05,58,359,177,204,80,0,63,504,140,0,0,77,87,79,119,0,91,47,103,82,382,0,57,81,0,64,187,106,57,75,54,80,79,226,258,75,66,83,79,77
2019-01-06,55,443,219,373,71,0,64,435,170,0,0,90,95,45,138,0,63,98,134,88,448,0,59,74,0,99,212,109,72,83,58,72,58,220,241,89,60,81,107,61
2019-01-07,59,482,245,474,63,0,63,625,200,0,0,93,82,65,193,0,89,63,185,85,516,0,56,62,0,80,254,179,78,72,62,72,84,296,282,98,56,73,82,88
2019-01-08,67,575,184,465,54,0,60,582,228,0,0,83,65,79,204,0,65,63,191,84,559,0,64,56,0,94,278,178,75,85,54,80,51,286,204,103,55,69,80,93
2019-01-09,58,524,211,404,91,0,67,569,245,0,0,91,84,78,178,0,79,60,187,91,526,0,58,63,0,70,261,182,62,71,70,85,52,330,288,80,65,85,104,127
2019-01-10,49,439,208,288,59,0,69,546,155,0,0,103,83,69,148,0,95,72,144,83,425,0,63,63,0,87,203,106,73,72,52,73,56,208,301,90,54,63,106,92
2019-01-11,67,402,189,336,88,0,60,428,98,0,0,80,94,78,113,0,74,60,95,73,386,0,61,63,0,79,176,83,76,68,62,86,74,261,237,74,55,81,82,62
2019-01-12,57,378,119,305,69,0,71,528,107,0,0,81,86,80,109,0,68,71,116,85,374,0,63,55,0,105,177,94,72,81,57,78,47,202,163,82,52,77,78,86
2019-01-13,52,397,182,342,60,0,62,470,219,0,0,80,95,84,174,0,83,71,135,76,437,0,65,77,0,76,221,133,63,77,54,70,78,243,244,103,64,80,101,73
2019-01-14,60,505,224,424,72,0,59,702,176,0,0,96,83,92,211,0,82,63,191,90,518,0,62,68,0,64,260,147,76,87,76,68,58,280,321,83,50,91,86,61
2019-01-15,55,613,274,526,54,0,65,528,235,0,0,84,82,70,217,0,79,59,192,77,561,0,55,62,0,71,274,161,57,76,53,84,63,357,290,75,66,76,79,90
2019-01-16,61,510,227,471,100,0,70,442,189,0,0,79,78,92,213,0,91,71,178,81,537,0,68,71,0,88,255,168,71,71,58,72,44,298,307,97,71,75,105,91
2019-01-17,62,390,158,429,73,0,63,513,174,0,0,95,90,93,163,0,74,67,136,86,430,0,58,59,0,67,213,124,76,72,58,76,60,223,248,84,56,70,99,87
2019-01-18,59,375,152,262,68,0,65,423,125,0,0,84,70,86,122,0,80,71,101,80,373,0,63,70,0,91,181,122,56,79,56,81,46,185,147,81,52,77,78,78
2019-01-19,59,382,207,370,58,0,68,315,115,0,0,80,94,78,119,0,85,80,112,78,382,0,51,66,0,80,175,95,71,80,60,80,33,195,214,85,53,74,102,72
2019-01-20,61,459,92,368,90,0,68,443,132,0,0,94,79,80,173,0,72,57,145,81,442,0,62,58,0,87,213,125,83,75,55,76,49,284,236,73,58,72,110,93
2019-01-21,64,504,135,451,62,0,61,539,145,0,0,88,72,90,179,0,64,57,178,86,513,0,64,90,0,83,252,158,69,72,56,75,48,276,269,109,47,70,90,72
2019-01-22,49,561,186,474,74,0,70,654,242,0,0,79,100,74,220,0,70,76,199,87,542,0,66,60,0,80,274,193,81,80,57,73,60,296,335,86,65,83,95,84
2019-01-23,73,551,277,464,66,0,63,460,197,0,0,86,81,77,212,0,81,65,178,79,524,0,63,56,0,91,256,152,62,71,37,85,79,276,232,84,57,72,81,58
2019-01-24,61,408,170,446,66,0,58,528,126,0,0,85,88,84,150,0,83,78,135,78,448,0,47,63,0,74,217,95,72,75,63,77,75,232,249,79,62,80,82,94
2019-01-25,61,383,156,216,64,0,66,425,122,0,0,93,95,80,134,0,73,69,111,87,373,0,59,71,0,72,185,95,66,83,61,78,60,193,198,93,51,73,88,90
2019-01-26,46,369,185,367,87,0,65,414,116,0,0,91,80,63,124,0,79,73,105,75,385,0,57,56,0,93,178,129,83,74,60,77,50,224,161,77,46,86,99,96
2019-01-27,52,430,177,465,50,0,70,477,159,0,0,79,77,71,156,0,90,68,138,84,427,0,75,74,0,105,213,146,73,77,60,68,66,233,217,104,48,70,86,76
2019-01-28,59,540,222,578,60,0,62,599,216,0,0,93,97,71,212,0,61,60,183,84,529,0,56,74,0,60,244,178,68,73,61,82,59,272,360,85,63,69,101,82
2019-01-29,62,606,207,430,87,0,69,651,239,0,0,84,82,55,226,0,75,55,191,86,556,0,69,57,0,44,265,140,73,70,73,71,54,307,217,86,59,86,120,78
2019-01-30,65,496,155,400,52,0,64,647,214,0,0,97,81,81,190,0,76,61,192,89,518,0,62,70,0,72,259,181,70,81,61,81,61,279,293,77,40,73,86,100
2019-01-31,54,435,211,344,73,0,52,446,186,0,0,84,80,91,170,0,86,69,143,73,440,0,57,63,0,119,216,160,61,69,58,76,60,223,233,92,58,69,79,92
2019-02-01,62,410,238,292,72,0,77,409,94,0,0,80,89,99,100,0,89,68,124,83,364,0,62,57,0,112,178,54,63,93,65,81,47,211,238,96,67,75,84,109
2019-02-02,53,347,128,319,72,0,69,432,115,0,0,73,76,81,112,0,66,63,105,72,372,0,66,73,0,52,177,74,60,71,60,71,55,162,153,83,59,73,98,80
2019-02-03,61,438,133,364,81,0,63,484,153,0,0,87,89,77,146,0,91,80,140,94,451,0,61,64,0,115,210,134,48,76,57,82,56,229,188,85,66,83,95,74
2019-02-04,49,579,265,444,55,0,68,676,208,0,0,89,83,90,204,0,88,63,188,89,514,0,56,69,0,88,263,175,77,64,55,80,40,288,249,93,52,76,108,81
2019-02-05,53,523,203,514,81,0,68,639,205,0,0,85,83,117,224,0,77,79,200,80,563,0,56,71,0,64,266,176,83,83,39,83,52,306,287,75,65,72,99,67
2019-02-06,60,536,229,524,80,0,59,548,219,0,0,94,94,66,175,0,76,74,184,75,512,0,63,60,0,75,256,194,86,79,50,76,46,318,261,89,54,86,80,73
2019-02-07,54,404,102,396,90,0,74,487,148,0,0,89,85,57,143,0,76,68,140,85,443,0,63,71,0,92,208,89,62,66,50,71,40,243,196,82,67,70,74,67
2019-02-08,63,367,148,370,65,0,59,710,123,0,0,88,81,49,140,0,85,56,117,85,369,0,52,60,0,103,175,66,74,85,62,79,74,241,154,96,49,72,104,107
2019-02-09,50,385,192,338,74,0,73,296,124,0,0,90,84,79,113,0,71,68,102,89,366,0,60,69,0,98,183,85,64,78,67,79,75,224,225,79,54,73,86,77
2019-02-10,54,477,211,326,44,0,63,561,95,0,0,99,70,67,138,0,64,55,145,83,440,0,66,68,0,102,213,131,57,69,77,85,61,207,264,91,55,81,69,98
2019-02-11,51,488,188,470,58,0,65,645,193,0,0,74,93,90,171,0,81,59,178,83,534,0,65,56,0,63,250,164,79,86,65,78,47,309,283,81,46,79,78,107
2019-02-12,55,556,301,456,74,0,57,686,224,0,0,99,84,62,187,0,83,76,184,91,574,0,59,76,0,90,277,193,68,72,62,75,64,261,284,88,69,70,113,95
2019-02-13,58,579,251,361,74,0,63,527,191,0,0,85,87,70,194,0,77,64,179,88,520,0,72,67,0,90,265,181,81,68,66,73,49,237,278,86,55,79,91,66
2019-02-14,64,447,134,447,90,0,69,532,156,0,0,89,70,66,147,0,84,86,133,91,428,0,57,65,0,62,217,117,69,83,53,85,63,182,157,91,61,79,114,80
2019-02-15,72,300,80,337,74,0,62,427,106,0,0,78,82,73,123,0,77,70,102,86,371,0,63,63,0,83,168,118,77,68,58,74,48,212,201,97,53,71,98,65
2019-02-16,60,393,91,309,108,0,60,324,126,0,0,90,92,60,109,0,81,77,95,82,369,0,53,69,0,80,180,102,53,80,56,73,70,241,174,87,61,72,80,65
2019-02-17,62,439,127,490,42,0,59,439,144,0,0,80,78,98,144,0,80,79,146,79,427,0,65,68,0,103,212,110,75,81,56,66,54,220,169,79,52,87,67,89
2019-02-18,58,550,242,470,71,0,59,716,195,0,0,84,73,72,195,0,77,67,185,92,522,0,53,62,0,91,255,203,74,71,64,79,80,297,298,87,62,67,103,81
2019-02-19,55,590,191,575,85,0,72,662,230,0,0,93,81,60,213,0,93,79,199,93,583,0,62,73,0,72,271,162,75,81,60,85,62,326,233,89,67,82,91,72
2019-02-20,54,534,208,411,80,0,63,528,180,0,0,85,78,66,189,0,76,60,186,81,512,0,67,60,0,83,253,139,77,85,49,79,55,279,285,91,53,79,82,106
2019-02-21,59,451,219,409,38,0,61,492,162,0,0,81,73,106,159,0,87,65,139,76,442,0,64,54,0,91,217,121,65,72,66,85,59,205,229,103,47,75,86,94
2019-02-22,54,372,116,329,71,0,66,441,144,0,0,93,79,75,108,0,99,74,101,90,357,0,64,62,0,85,177,121,56,71,48,85,58,227,121,75,60,73,101,79
2019-02-23,51,325,118,296,78,0,61,481,118,0,0,79,92,79,124,0,56,68,96,79,364,0,53,56,0,99,175,69,69,77,69,76,62,239,139,80,54,75,86,87
2019-02-24,53,430,226,470,67,0,70,507,120,0,0,92,89,64,156,0,77,62,147,87,433,0,58,66,0,73,219,135,60,80,63,75,47,253,232,96,56,75,64,72
2019-02-25,63,520,181,445,64,0,55,424,202,0,0,96,88,59,185,0,76,52,184,82,525,0,63,70,0,76,250,180,78,67,79,80,65,290,262,85,65,73,88,87
2019-02-26,65,596,243,477,71,0,63,600,213,0,0,71,73,85,229,0,76,69,200,79,572,0,65,86,0,64,276,203,71,77,58,79,67,275,224,97,48,87,87,95
2019-02-27,64,561,263,432,39,0,73,636,202,0,0,97,94,71,209,0,84,73,189,89,514,0,50,60,0,65,256,162,76,79,61,77,78,270,286,83,64,65,67,90
2019-02-28,53,391,210,315,65,0,68,482,151,0,0,83,103,73,147,0,79,71,138,80,439,0,59,70,0,76,206,113,81,83,68,71,82,247,224,94,57,81,105,95
2019-03-01,55,422,113,292,71,0,59,494,94,0,0,77,90,81,96,0,71,63,89,89,366,0,62,70,0,89,182,59,80,81,49,82,65,217,196,85,52,71,77,67
2019-03-02,62,348,139,307,75,0,70,410,101,0,0,90,83,53,128,0,82,69,113,90,379,0,66,56,0,95,179,120,69,92,67,71,51,251,144,89,60,76,97,86
2019-03-03,49,454,195,408,66,0,73,477,166,0,0,76,78,94,158,0,84,58,145,98,451,0,63,73,0,59,217,123,78,64,71,88,58,211,230,83,42,74,112,110
2019-03-04,57,533,241,468,78,0,64,617,213,0,0,96,85,82,197,0,67,69,177,81,526,0,65,72,0,71,265,150,71,73,75,75,64,298,237,77,64,90,95,109
2019-03-05,61,522,283,494,60,0,59,598,207,0,0,82,86,62,210,0,80,73,204,73,546,0,61,62,0,92,275,188,63,85,60,74,81,301,352,91,59,71,75,88
2019-03-06,65,566,138,640,77,0,67,621,213,0,0,95,80,83,191,0,83,71,191,87,512,0,67,57,0,95,260,189,67,72,59,82,71,264,250,91,46,74,82,84
2019-03-07,55,433,238,352,88,0,67,510,169,0,0,90,92,83,147,0,85,60,132,84,440,0,61,67,0,83,215,116,72,88,38,93,71,241,177,94,56,64,97,87
2019-03-08,57,404,127,233,58,0,66,516,132,0,0,78,96,95,129,0,75,58,115,81,367,0,55,74,0,97,177,73,59,69,65,77,48,214,216,71,64,76,106,73
2019-03-09,78,371,136,365,70,0,66,410,128,0,0,82,79,84,88,0,77,62,98,90,378,0,55,72,0,78,180,115,81,66,50,69,62,171,178,100,64,73,100,109
2019-03-10,58,415,72,347,59,0,70,536,125,0,0,97,95,76,161,0,86,70,137,84,435,0,63,57,0,117,207,109,74,88,46,73,74,214,208,85,46,90,79,117
2019-03-11,56,553,133,383,58,0,56,735,170,0,0,84,102,65,190,0,90,60,180,83,501,0,62,73,0,105,250,175,75,74,61,79,61,293,305,86,53,69,105,97
2019-03-12,56,600,226,511,82,0,67,638,223,0,0,89,85,71,227,0,83,61,212,88,564,0,67,61,0,91,274,161,67,68,57,72,78,306,225,91,72,84,106,87
2019-03-13,65,520,228,551,77,0,66,687,192,0,0,80,83,72,196,0,87,59,184,95,545,0,60,66,0,68,257,167,60,82,57,80,61,270,258,74,74,67,93,89
2019-03-14,58,415,166,398,72,0,61,436,155,0,0,80,92,102,169,0,80,55,135,97,439,0,59,66,0,101,204,151,86,83,52,88,71,217,229,84,79,89,105,70
2019-03-15,66,400,206,255,42,0,70,451,120,0,0,93,93,91,99,0,74,68,106,76,361,0,64,64,0,102,168,87,65,72,59,75,65,196,224,87,53,72,117,95
2019-03-16,52,380,170,228,67,0,69,405,117,0,0,83,79,82,138,0,83,75,104,82,380,0,53,66,0,100,182,100,83,88,52,75,64,183,109,77,48,80,93,90
2019-03-17,69,430,187,340,62,0,68,507,149,0,0,83,88,97,139,0,83,61,140,80,434,0,65,70,0,54,213,108,68,78,61,81,48,247,206,85,49,71,98,81
2019-03-18,56,522,227,535,68,0,66,576,202,0,0,92,101,78,184,0,94,58,189,77,503,0,68,57,0,96,253,166,69,75,58,75,63,269,281,94,63,75,83,101
2019-03-19,71,559,309,547,81,0,71,690,221,0,0,79,89,82,217,0,83,78,195,83,557,0,50,71,0,70,276,234,65,72,54,81,79,298,230,79,63,80,107,77
2019-03-20,62,554,264,417,88,0,61,575,192,0,0,83,68,81,205,0,93,86,184,85,531,0,72,73,0,96,250,167,74,78,60,78,51,276,321,70,58,67,94,75
2019-03-21,60,412,179,357,79,0,67,442,125,0,0,68,71,84,143,0,79,60,136,87,435,0,57,59,0,76,213,101,79,73,60,75,69,251,264,105,54,64,108,97
2019-03-22,57,421,127,280,70,0,69,377,104,0,0,106,92,76,116,0,91,57,89,70,378,0,58,70,0,78,182,90,68,80,44,77,72,187,214,85,58,76,95,81
2019-03-23,58,373,189,387,60,0,61,336,145,0,0,85,94,66,138,0,61,62,126,82,369,0,52,72,0,58,176,89,64,77,57,77,60,269,166,84,61,82,96,43
2019-03-24,72,410,164,403,45,0,61,367,154,0,0,100,84,102,158,0,82,55,136,82,430,0,65,67,0,92,211,121,73,63,67,82,67,248,263,92,43,75,94,98
2019-03-25,67,518,279,511,75,0,62,539,215,0,0,73,87,97,189,0,75,81,181,77,511,0,64,69,0,78,258,147,73,75,60,72,60,245,193,84,51,74,89,105
2019-03-26,62,572,294,543,69,0,67,661,205,0,0,97,88,89,220,0,73,63,182,78,552,0,64,71,0,67,270,186,69,84,62,80,69,340,323,105,52,83,77,88
2019-03-27,47,568,223,524,101,0,55,588,199,0,0,76,78,62,198,0,89,71,188,76,525,0,64,68,0,85,254,204,68,83,57,84,63,279,255,85,50,88,98,95
2019-03-28,65,428,155,470,74,0,66,463,164,0,0,91,98,73,134,0,88,61,145,83,451,0,53,76,0,80,212,162,83,89,63,74,76,258,266,100,64,67,86,87
2019-03-29,56,419,170,249,109,0,68,385,132,0,0,75,75,76,119,0,77,66,111,87,357,0,67,68,0,81,184,79,69,75,60,80,68,242,195,110,52,86,93,98
2019-03-30,61,337,190,309,63,0,65,491,122,0,0,89,91,76,114,0,57,81,111,92,366,0,56,65,0,64,174,110,69,76,50,71,65,223,92,99,58,76,81,43
2019-03-31,65,495,218,360,72,0,63,559,123,0,0,92,65,86,144,0,76,66,138,83,454,0,65,71,0,69,212,138,71,66,72,85,70,278,233,74,57,73,78,67
2019-04-01,58,486,174,513,69,0,63,672,168,0,0,88,92,115,208,0,65,63,192,88,520,0,75,61,0,57,261,152,71,82,59,80,43,323,258,97,51,76,46,79
2019-04-02,52,609,207,514,60,0,63,661,196,67,0,105,94,85,205,0,58,64,200,84,551,0,65,51,0,73,269,183,71,73,54,79,53,304,242,79,63,66,97,99
2019-04-03,67,504,231,461,83,7,72,574,187,1,0,71,88,73,189,0,102,72,177,81,529,0,54,69,0,56,250,182,70,74,58,71,68,325,279,99,50,79,122,72
2019-04-04,57,475,126,389,69,0,70,615,100,0,0,78,93,91,162,0,74,68,142,84,430,0,55,70,0,99,205,134,63,75,62,76,55,257,296,81,71,74,94,87
2019-04-05,59,381,128,360,64,25,79,378,109,3,0,94,81,79,114,0,78,58,103,80,363,0,59,61,0,85,181,69,75,80,73,83,42,277,166,98,59,79,102,86
2019-04-06,57,344,204,246,66,18,67,446,116,0,0,85,92,89,102,0,89,67,110,84,364,0,63,70,0,108,178,113,77,67,42,79,67,196,214,82,54,81,101,82
2019-04-07,64,457,198,322,83,21,66,770,170,0,0,85,63,65,157,0,93,70,141,95,428,0,51,69,0,73,201,131,85,80,44,85,66,216,170,73,56,80,110,75
2019-04-08,71,520,221,421,83,0,69,630,188,31,0,78,83,66,207,0,82,76,185,85,515,0,66,71,0,85,263,174,57,79,56,77,87,277,226,99,51,73,87,113
2019-04-09,56,557,286,456,67,0,68,698,236,0,0,72,92,70,206,0,68,63,205,95,565,0,53,74,0,80,279,180,71,80,50,78,76,276,269,88,41,73,90,66
2019-04-10,58,560,232,505,74,21,57,621,197,0,0,98,92,66,206,0,69,61,182,93,515,0,64,69,0,61,251,181,70,76,59,81,68,320,285,71,65,82,85,91
2019-04-11,57,474,141,445,103,0,63,521,140,7,0,94,92,65,134,0,78,76,132,78,440,0,65,67,0,82,212,130,66,82,66,79,68,269,232,97,51,72,104,89
2019-04-12,53,389,192,298,69,5,63,575,120,0,0,90,88,66,118,0,84,65,106,87,377,0,68,70,0,131,174,88,70,71,70,75,68,215,252,90,58,73,101,94
2019-04-13,58,369,89,371,66,0,61,377,105,26,0,68,92,64,128,0,76,62,116,89,361,0,59,57,0,78,170,97,76,88,61,71,55,174,165,96,76,60,138,107
2019-04-14,62,457,178,407,88,47,72,512,158,27,0,92,74,75,135,0,87,78,143,75,432,0,62,62,0,69,207,119,68,77,69,83,72,251,242,100,70,66,93,73
2019-04-15,66,522,215,468,71,0,61,666,187,20,0,88,73,64,200,0,79,62,176,82,524,0,55,69,0,98,247,141,70,69,50,81,65,294,229,81,56,82,91,104
2019-04-16,59,548,253,537,64,0,69,662,217,0,0,91,100,79,218,0,76,62,206,88,553,0,57,66,0,78,269,205,75,75,70,82,51,290,258,86,70,77,89,88
2019-04-17,51,526,217,416,65,0,67,487,203,14,0,91,83,83,190,0,89,62,173,78,537,0,66,64,0,86,253,158,86,81,62,77,49,258,251,81,59,70,89,108
2019-04-18,60,478,137,384,79,11,66,533,134,0,0,81,88,98,136,0,79,76,146,70,426,0,62,72,0,64,216,153,73,78,53,86,62,262,269,87,64,80,105,86
2019-04-19,67,338,176,164,96,0,66,332,124,0,0,92,91,66,135,0,62,64,106,93,363,0,54,62,0,66,178,129,72,77,62,76,83,223,131,99,66,71,92,90
2019-04-20,65,403,154,322,89,37,75,522,112,1,0,78,91,103,137,0,84,61,111,84,374,0,70,67,0,80,181,77,80,65,61,74,62,237,198,83,59,65,82,91
2019-04-21,53,488,189,289,58,0,66,546,159,7,0,90,88,84,112,0,98,71,144,84,433,0,56,53,0,68,204,135,76,73,58,69,64,221,272,87,60,81,79,84
2019-04-22,66,495,154,422,61,0,62,594,172,8,0,79,73,67,208,0,67,77,187,84,522,0,62,58,0,44,257,146,80,88,54,85,61,253,370,83,57,75,81,88
2019-04-23,52,590,284,497,64,10,68,575,235,15,0,88,89,59,229,0,88,62,202,91,564,0,58,61,0,81,264,200,65,76,74,82,53,284,325,97,68,85,108,92
2019-04-24,65,591,224,480,62,13,61,650,191,0,0,87,92,70,191,0,96,61,180,88,530,0,69,74,0,93,255,166,81,86,65,84,65,269,304,79,65,71,92,112
2019-04-25,55,448,228,463,79,22,68,334,177,9,0,90,102,69,143,0,87,60,158,88,431,0,57,66,0,64,212,105,77,71,62,87,66,236,145,95,52,74,90,79
2019-04-26,43,404,116,240,66,14,71,414,140,0,0,82,71,63,130,0,74,67,112,75,366,0,63,69,0,75,179,92,83,76,55,76,77,205,137,91,52,78,109,124
2019-04-27,63,360,224,405,71,9,64,266,103,0,0,89,72,73,118,0,90,77,99,75,362,0,50,50,0,74,176,76,73,81,66,79,68,190,209,77,50,70,93,99
2019-04-28,68,422,223,365,80,47,66,590,164,0,0,92,88,66,165,0,80,61,147,73,435,0,65,79,0,71,204,104,72,72,53,75,49,222,262,94,64,71,78,79
2019-04-29,66,505,271,546,73,13,64,591,166,0,0,81,85,65,194,0,76,73,175,84,513,0,69,65,0,72,254,190,84,81,51,79,67,278,266,85,64,77,95,108
2019-04-30,69,559,268,503,85,0,66,562,210,4,0,85,93,66,205,0,80,66,207,73,550,0,53,61,0,79,267,197,66,73,49,77,68,303,238,91,54,70,91,77
2019-05-01,47,507,247,484,65,0,62,413,204,0,0,80,95,89,182,0,85,60,189,79,525,0,71,61,0,100,254,159,84,80,52,82,74,310,169,79,74,61,104,84
2019-05-02,58,478,208,387,81,14,71,537,170,0,0,95,77,75,169,0,83,75,139,79,422,0,61,65,0,54,206,127,75,91,64,77,49,201,243,88,51,69,78,100
2019-05-03,72,401,135,360,108,0,76,509,136,0,0,102,79,71,108,0,80,67,113,83,382,0,57,63,0,53,170,105,63,74,69,94,60,214,143,70,55,64,123,77
2019-05-04,61,376,185,320,56,0,73,423,145,13,0,84,95,82,120,0,86,68,106,79,378,0,55,53,0,91,174,83,66,72,55,67,47,247,217,98,56,77,104,49
2019-05-05,54,475,184,380,81,11,68,461,177,8,0,94,78,76,135,0,86,62,137,87,431,0,66,70,0,66,208,136,64,68,50,78,76,255,205,89,46,76,106,80
2019-05-06,46,530,201,388,89,16,65,581,169,0,0,96,96,75,208,0,89,64,186,86,523,0,63,65,0,66,260,179,62,76,56,78,65,298,315,96,55,78,85,89
2019-05-07,71,598,218,460,80,55,73,802,219,13,0,72,79,77,206,0,81,89,194,84,552,0,64,56,0,61,268,179,65,83,65,72,75,268,224,88,64,78,85,82
2019-05-08,62,515,227,569,51,0,62,668,174,0,0,97,85,58,196,0,77,67,185,85,500,0,61,55,0,71,251,184,76,69,58,78,60,291,283,95,58,70,107,97
2019-05-09,66,450,183,307,74,0,74,488,168,9,0,98,94,63,159,0,76,54,138,77,438,0,57,57,0,68,208,149,71,77,67,84,71,243,211,100,54,86,95,51
2019-05-10,65,378,183,259,85,32,68,394,132,24,0,84,74,65,106,0,77,63,108,85,369,0,55,63,0,61,174,97,70,80,58,80,57,219,230,75,52,71,91,76
2019-05-11,56,367,148,227,89,50,66,458,110,36,0,88,99,62,125,0,96,64,109,94,369,0,48,63,0,76,179,95,68,77,55,80,71,200,173,96,68,69,83,105
2019-05-12,56,444,135,347,56,4,60,546,184,34,0,90,103,69,141,0,68,65,141,94,450,0,62,73,0,68,217,168,74,77,59,88,65,221,199,84,61,78,95,86
2019-05-13,66,522,200,453,60,1,68,461,148,0,0,95,92,83,174,0,77,75,185,80,515,0,60,61,0,91,257,165,73,80,57,80,68,285,334,90,67,76,106,74
2019-05-14,50,574,283,470,103,33,69,509,223,0,0,90,94,86,238,0,86,78,211,99,552,0,71,62,0,47,281,180,77,84,56,80,75,325,289,84,52,84,106,97
2019-05-15,63,556,257,419,63,2,60,791,182,21,0,85,93,63,199,0,98,63,179,84,498,0,62,73,0,56,255,160,63,69,58,83,63,245,204,78,42,68,89,119
2019-05-16,61,421,201,469,46,17,69,475,138,0,0,82,88,71,168,0,79,59,152,79,443,0,64,64,0,81,203,143,69,63,62,75,60,236,213,94,59,75,111,81
2019-05-17,50,446,159,274,82,22,70,566,125,0,0,81,104,79,107,0,80,58,99,84,361,0,75,62,0,77,173,69,72,87,46,80,71,215,250,88,54,74,98,57
2019-05-18,56,360,189,292,87,0,67,354,128,11,0,94,88,89,118,0,68,70,112,82,374,0,62,67,0,97,174,64,68,79,61,74,72,251,166,103,37,73,90,65
2019-05-19,59,492,202,363,59,27,64,588,189,2,0,91,94,97,141,0,91,73,140,85,456,0,54,62,0,76,211,138,71,83,56,78,59,212,256,85,67,81,106,99
2019-05-20,63,473,189,469,71,29,71,751,175,0,0,87,79,88,205,0,99,58,181,92,510,0,62,43,0,85,256,186,84,77,62,75,67,281,194,85,56,81,97,105
2019-05-21,65,568,261,466,60,0,65,478,213,0,0,67,81,91,192,0,93,71,200,71,549,0,54,64,0,90,274,171,70,78,58,74,65,327,339,93,52,75,93,74
2019-05-22,71,548,221,508,62,41,68,504,169,24,0,93,92,89,199,0,78,64,182,80,518,0,68,63,0,100,257,187,77,83,74,88,83,305,239,78,66,60,90,94
2019-05-23,52,460,212,488,62,0,67,505,118,18,0,76,93,73,148,0,70,74,146,78,423,0,48,67,0,78,213,142,77,77,53,75,74,211,143,96,60,87,104,70
2019-05-24,61,392,127,387,77,5,60,433,127,0,0,85,86,87,129,0,89,66,110,90,370,0,60,65,0,59,173,81,73,74,68,82,76,216,234,103,54,78,114,108
2019-05-25,64,399,101,311,53,49,64,438,108,15,0,87,98,63,104,0,88,56,107,82,359,0,65,70,0,81,183,61,83,93,72,75,56,195,187,69,48,80,90,88
2019-05-26,64,425,171,385,76,34,74,520,161,3,0,85,68,95,171,0,72,83,135,81,446,0,69,64,0,91,211,156,64,70,55,83,65,250,295,89,64,71,95,75
2019-05-27,57,533,196,570,64,17,59,706,183,37,0,101,75,93,211,0,80,64,178,78,529,0,60,74,0,86,249,186,75,72,65,72,61,335,257,69,52,82,93,71
2019-05-28,71,585,248,555,74,0,68,730,217,0,0,91,72,95,200,0,96,69,205,76,550,0,50,62,0,84,271,193,71,87,64,85,55,320,300,78,67,76,72,78
2019-05-29,54,560,238,373,84,0,75,661,230,24,0,69,83,76,190,0,71,65,176,80,537,0,66,76,0,106,253,166,69,75,54,75,69,263,290,93,59,87,93,101
2019-05-30,53,469,165,387,74,21,72,465,176,29,0,84,83,74,162,0,90,58,135,87,428,0,66,51,0,99,196,101,67,76,64,80,55,248,267,93,58,70,94,100
2019-05-31,59,366,185,284,55,32,78,413,83,11,0,78,91,99,102,0,87,76,106,90,359,0,63,63,0,101,171,69,81,70,58,80,75,217,223,96,50,77,48,86
2019-06-01,50,402,205,283,55,33,68,209,101,19,0,77,84,70,120,0,78,59,110,75,363,0,62,70,0,90,184,125,71,59,69,80,47,206,178,109,55,75,83,94
2019-06-02,67,473,229,397,74,27,64,529,169,28,0,89,94,49,171,0,84,77,144,88,437,0,54,75,0,77,207,144,65,84,71,74,67,252,281,95,59,77,86,76
2019-06-03,64,513,194,452,67,0,68,458,230,9,0,81,75,73,195,0,68,61,177,89,507,0,64,70,0,71,250,169,59,86,52,88,71,348,295,83,60,61,117,93
2019-06-04,65,558,206,486,63,30,75,704,210,8,0,75,76,83,217,0,92,87,206,80,545,0,58,59,0,89,267,202,74,88,50,76,58,291,318,86,67,72,89,85
2019-06-05,74,547,262,607,55,4,68,474,195,75,0,88,98,84,205,0,83,65,186,70,536,0,70,80,0,104,253,160,80,74,68,84,72,279,228,111,59,78,78,70
2019-06-06,54,490,191,364,68,27,68,469,163,43,0,77,77,52,139,0,95,73,138,83,415,0,59,58,0,88,213,141,71,86,53,79,49,254,191,96,49,83,120,91
2019-06-07,62,361,126,380,55,44,70,372,124,0,0,77,85,87,113,0,112,72,95,75,376,0,58,55,0,90,172,80,60,78,69,73,61,205,208,94,57,79,79,97
2019-06-08,59,359,193,308,71,0,69,522,116,33,0,78,98,77,116,0,82,76,96,95,360,0,54,64,0,99,171,95,71,75,58,85,65,238,220,91,54,87,90,99
2019-06-09,61,486,162,416,72,37,67,589,145,33,0,76,80,55,143,0,85,65,155,95,427,0,67,69,0,70,206,137,86,81,45,79,77,233,229,84,65,75,119,79
2019-06-10,55,555,222,441,86,32,66,656,166,12,0,77,78,52,187,0,108,78,174,100,518,0,59,69,0,81,256,201,73,78,74,80,59,302,313,102,52,71,116,94
2019-06-11,60,524,275,535,78,21,72,667,253,28,0,85,95,81,219,0,77,63,211,79,554,0,52,67,0,72,273,159,77,69,56,81,62,326,321,96,59,72,108,80
2019-06-12,55,553,199,431,65,25,71,524,186,3,0,91,88,68,167,0,69,67,176,84,529,0,58,63,0,75,250,188,73,78,56,73,37,284,296,84,69,81,65,109
2019-06-13,57,499,170,437,82,26,67,437,124,0,0,84,82,76,176,0,83,52,147,87,429,0,64,56,0,108,211,132,72,81,61,78,75,218,321,76,53,69,82,73
2019-06-14,62,391,110,353,74,24,67,422,91,23,0,106,83,97,127,0,83,87,111,78,374,0,68,74,0,71,171,88,82,85,54,81,52,203,184,92,56,66,81,73
2019-06-15,62,374,131,429,80,25,68,316,159,35,0,86,86,80,109,0,83,68,110,85,372,0,64,68,0,84,168,81,70,78,57,95,74,225,153,70,60,66,119,88
2019-06-16,60,498,151,356,71,0,61,572,145,0,0,84,99,76,167,0,74,54,139,94,441,0,56,79,0,65,215,116,67,76,64,72,56,263,159,88,51,80,89,89
2019-06-17,61,525,246,555,74,34,63,505,196,32,0,91,80,94,180,0,82,74,187,87,507,0,62,50,0,73,248,154,69,75,53,80,33,258,187,84,49,81,91,98
2019-06-18,57,539,206,514,68,33,74,606,240,19,0,89,95,72,208,0,67,75,204,97,542,0,65,63,0,81,264,188,72,71,53,73,75,275,348,86,55,66,48,89
2019-06-19,55,594,244,382,47,22,67,771,236,11,0,87,71,75,201,0,98,71,181,85,527,0,61,67,0,82,244,169,62,79,61,84,59,261,230,89,62,73,76,57
2019-06-20,61,425,185,420,78,38,68,428,126,57,0,93,90,79,162,0,96,46,143,93,431,0,64,46,0,102,210,141,102,80,62,85,80,255,212,80,57,75,85,87
2019-06-21,50,391,156,331,64,35,67,421,97,44,0,84,93,77,106,0,65,61,111,86,368,0,63,63,0,65,176,72,81,83,68,77,69,232,161,87,58,71,74,81
2019-06-22,73,310,120,239,56,3,67,423,104,43,0,91,87,65,117,0,76,59,105,94,366,0,52,70,0,83,173,96,84,71,66,76,90,239,166,88,63,71,64,101
2019-06-23,53,464,187,494,86,0,70,516,167,26,0,88,82,67,179,0,95,75,138,86,426,0,63,64,0,76,213,119,71,87,45,84,52,253,250,94,57,69,105,98
2019-06-24,67,571,234,444,68,65,73,527,168,0,0,95,84,88,189,0,90,74,174,79,521,0,69,79,0,69,242,197,81,80,58,73,66,304,260,83,62,86,107,86
2019-06-25,56,584,252,509,80,1,67,616,276,1,0,89,91,67,224,0,85,62,207,89,538,0,60,73,0,95,273,208,63,72,55,83,80,306,275,98,66,73,87,91
2019-06-26,57,561,257,505,75,28,68,595,180,0,0,83,86,75,193,0,98,75,185,74,516,0,60,63,0,96,251,166,89,80,64,82,73,284,239,86,55,66,103,88
2019-06-27,61,440,193,371,76,27,69,663,144,74,0,85,85,69,164,0,74,70,149,89,438,0,53,59,0,85,211,125,69,72,47,79,64,235,201,91,42,75,53,81
2019-06-28,68,419,105,311,95,29,64,415,120,29,0,85,96,79,124,0,83,67,101,84,369,0,67,63,0,74,176,75,69,87,60,76,52,230,202,80,51,72,89,89
2019-06-29,56,360,215,351,59,62,68,414,98,12,0,94,92,85,97,0,101,62,112,77,387,0,62,68,0,80,173,117,74,79,62,85,55,202,263,95,44,80,111,87
2019-06-30,65,479,218,384,87,0,72,383,179,59,0,97,80,69,169,0,82,67,154,76,427,0,62,78,0,65,215,114,70,69,56,84,58,273,215,85,51,81,75,94
2019-07-01,54,539,249,501,101,0,70,747,220,74,0,0,91,67,202,49,77,75,179,84,502,0,63,64,0,65,250,181,64,77,63,82,61,298,263,97,0,74,89,90
2019-07-02,50,569,226,576,79,47,72,668,232,31,0,0,106,64,215,19,66,76,196,101,572,0,61,73,52,101,268,138,74,79,64,78,51,331,211,80,0,73,85,78
2019-07-03,59,466,218,520,74,31,76,521,201,26,0,0,91,51,175,32,85,72,183,89,498,0,59,68,21,93,256,213,78,87,51,71,34,280,213,87,0,78,87,89
2019-07-04,72,458,248,427,79,31,76,535,151,19,0,0,85,95,149,45,79,71,141,74,428,0,66,78,30,73,203,134,86,74,65,83,64,220,167,101,0,74,84,90
2019-07-05,59,377,89,297,49,42,77,476,96,33,0,0,83,68,107,0,70,67,117,72,378,0,60,51,0,98,173,65,77,72,64,86,65,210,150,87,0,82,113,84
2019-07-06,66,408,170,323,68,37,74,392,112,0,0,0,84,75,109,0,96,69,107,96,364,0,61,67,0,81,182,101,70,84,51,78,49,188,208,103,0,75,89,89
2019-07-07,56,523,219,324,70,0,78,484,133,50,0,0,88,100,136,0,98,67,144,80,441,0,63,71,55,72,215,119,52,71,56,78,76,295,233,77,0,77,79,105
2019-07-08,57,572,186,516,57,40,68,607,212,45,0,0,82,75,198,0,77,64,170,82,512,0,57,51,26,83,258,154,56,80,53,82,76,303,283,89,0,81,96,76
2019-07-09,59,564,222,545,49,7,68,584,209,20,0,0,85,42,204,0,70,79,206,92,549,0,74,66,0,79,270,190,70,82,51,88,57,285,268,81,0,85,98,111
2019-07-10,59,533,156,455,63,48,66,500,184,35,0,0,80,66,183,8,88,65,193,79,506,0,60,51,0,80,251,161,76,75,49,74,58,281,242,96,0,77,113,130
2019-07-11,62,480,226,407,89,32,70,455,148,0,0,0,97,54,157,50,81,60,136,88,430,0,54,56,0,68,210,101,63,76,70,73,88,203,219,87,0,73,101,103
2019-07-12,60,391,119,311,64,50,73,281,113,44,0,0,80,75,136,0,74,70,111,83,368,0,60,77,0,100,172,104,80,81,58,80,62,198,258,76,0,82,104,66
2019-07-13,68,425,117,270,55,26,80,370,150,37,0,0,95,80,120,0,74,65,101,87,367,0,62,67,0,101,164,109,82,80,59,87,75,239,144,86,0,77,102,82
2019-07-14,53,477,124,469,56,24,66,537,121,31,0,0,82,81,158,80,88,66,148,89,434,0,63,61,0,80,205,156,72,78,66,79,50,253,245,90,0,77,120,110
2019-07-15,64,499,234,481,64,41,65,513,195,40,0,0,82,73,202,0,96,51,185,74,510,0,66,59,0,100,253,221,58,74,54,73,51,309,292,85,0,76,101,97
2019-07-16,59,579,263,591,72,30,66,554,212,0,0,0,91,76,199,0,72,65,196,92,548,0,62,69,16,89,266,208,89,78,65,87,72,343,306,104,0,68,116,113
2019-07-17,65,533,234,490,81,51,64,693,206,8,0,0,85,60,177,4,70,62,187,91,527,0,57,63,0,58,243,144,66,82,53,90,65,290,244,86,0,80,97,103
2019-07-18,56,478,230,468,79,10,59,423,154,29,0,0,103,74,132,24,94,66,142,80,445,0,66,66,0,81,206,134,82,74,69,85,83,247,237,73,0,67,107,68
2019-07-19,58,378,171,352,66,10,72,577,125,12,0,0,83,71,131,147,68,80,103,91,352,0,71,62,0,77,174,86,68,80,53,77,51,220,249,98,0,74,78,85
2019-07-20,65,398,134,320,59,32,60,388,147,1,0,0,90,68,117,98,84,45,112,87,354,0,53,64,24,55,165,67,71,81,64,77,56,198,112,100,0,72,88,103
2019-07-21,55,470,200,437,69,27,71,445,169,16,0,0,91,106,139,245,77,59,136,73,433,0,57,71,150,95,213,140,75,72,61,76,56,271,235,95,0,68,110,75
2019-07-22,79,559,256,587,79,26,71,592,201,11,0,0,81,65,210,47,93,55,193,81,515,0,49,61,29,70,247,135,67,90,63,77,53,321,217,91,0,78,118,78
2019-07-23,60,559,185,565,73,47,73,660,218,39,0,0,84,87,206,103,87,63,194,97,571,0,66,68,26,102,273,165,71,73,53,73,64,328,295,76,0,66,83,103
2019-07-24,67,534,288,528,54,34,62,569,221,41,0,0,105,75,211,29,55,61,186,91,521,0,63,64,0,70,244,209,77,73,68,81,47,302,158,93,0,70,115,77
2019-07-25,64,502,154,430,62,39,74,484,141,69,0,0,60,61,140,102,68,61,151,93,434,0,67,73,45,67,209,144,73,76,73,76,62,263,201,91,0,78,96,111
2019-07-26,58,352,158,390,62,7,64,367,96,41,0,0,84,74,96,0,106,58,100,83,357,0,71,65,21,93,177,87,69,80,65,80,53,187,139,100,0,90,87,97
2019-07-27,54,416,196,294,77,55,59,565,119,34,0,0,92,89,118,0,88,59,115,73,358,0,53,65,61,129,176,68,76,67,68,88,62,174,179,108,0,64,102,78
2019-07-28,72,475,199,447,55,39,70,590,149,0,0,0,94,87,169,9,66,66,144,93,417,0,64,56,26,92,203,106,63,72,49,82,51,247,232,81,0,79,90,79
2019-07-29,57,531,230,507,71,37,74,633,215,43,0,0,94,62,177,76,78,67,170,88,517,0,69,67,8,104,254,174,60,83,70,77,42,294,254,88,0,76,96,69
2019-07-30,62,620,234,513,82,56,69,589,229,20,0,0,97,72,230,0,95,58,206,88,567,0,65,49,0,86,285,217,77,87,60,77,72,319,279,76,0,81,112,66
2019-07-31,60,533,204,432,62,36,69,372,170,25,0,0,75,72,191,0,75,68,198,92,503,0,53,69,35,70,251,197,65,79,68,79,76,267,276,81,0,81,83,75
2019-08-01,54,433,226,429,69,14,59,501,173,47,0,0,88,73,144,24,76,69,142,100,441,0,67,61,0,78,206,116,87,83,58,80,67,224,209,88,0,72,91,93
2019-08-02,55,463,147,335,69,56,68,431,138,58,0,0,87,71,121,89,77,77,106,82,360,0,65,60,62,78,174,66,74,82,47,79,64,184,177,97,0,73,124,88
2019-08-03,62,326,95,338,61,24,71,592,123,50,0,0,108,69,120,0,88,71,108,84,364,0,59,68,96,109,175,60,81,68,74,89,53,220,190,78,0,78,103,75
2019-08-04,67,400,210,317,77,29,74,392,162,25,0,0,80,77,146,0,80,66,133,85,442,0,66,62,0,96,205,133,74,85,60,78,45,278,196,94,0,85,103,93
2019-08-05,76,542,209,475,74,35,76,546,179,50,0,0,79,95,195,54,71,60,185,83,504,0,57,68,50,57,250,192,67,66,63,76,54,268,287,88,0,71,103,86
2019-08-06,55,606,157,474,90,53,67,560,205,18,0,0,99,85,219,73,84,64,206,86,548,0,56,67,27,86,258,166,72,79,55,83,62,312,284,90,0,73,91,86
2019-08-07,64,558,233,413,55,34,69,741,210,81,0,0,80,85,215,17,85,57,189,74,524,0,67,73,0,86,250,196,62,86,65,88,55,289,281,89,0,81,89,84
2019-08-08,38,477,182,323,82,25,66,580,167,46,0,0,98,61,140,43,71,54,143,88,438,0,55,77,0,72,213,155,58,85,60,76,65,263,212,93,0,84,86,80
2019-08-09,58,394,78,392,63,33,74,351,115,36,0,0,84,81,113,0,91,73,110,80,367,0,64,63,0,74,169,93,80,69,53,87,85,190,126,112,0,78,87,99
2019-08-10,60,435,190,339,57,56,67,524,112,32,0,0,101,70,144,0,54,66,103,93,349,0,62,63,14,49,177,86,83,86,63,82,69,237,203,95,0,79,92,90
2019-08-11,62,477,154,320,66,29,67,423,158,25,0,0,94,56,150,0,75,80,141,91,431,0,68,63,64,93,208,91,77,72,68,73,67,220,247,101,0,78,103,96
2019-08-12,70,551,204,585,81,63,67,534,194,16,0,0,91,65,190,10,86,51,191,82,518,0,61,75,69,111,243,224,82,70,61,86,56,331,236,83,0,80,73,79
2019-08-13,60,547,268,509,73,19,76,579,215,36,0,0,93,90,220,15,81,79,200,87,533,0,69,65,0,72,271,199,81,86,60,84,64,316,287,60,0,78,98,94
2019-08-14,67,568,149,479,69,34,67,610,207,31,0,0,97,82,197,59,96,60,195,76,521,0,60,51,114,95,239,178,64,73,65,76,74,288,288,81,0,86,118,65
2019-08-15,61,471,132,347,65,50,68,512,171,26,0,0,87,88,150,0,96,54,142,94,432,0,57,57,26,109,207,102,75,80,59,85,63,252,148,106,0,87,92,61
2019-08-16,69,424,158,339,86,23,69,466,130,65,0,0,93,77,124,105,81,69,108,96,383,0,61,72,0,66,172,98,78,80,65,82,93,239,138,99,0,79,121,73
2019-08-17,56,389,212,347,65,44,59,386,149,53,0,0,81,100,132,82,83,74,101,89,351,0,60,65,2,108,174,94,74,86,66,81,50,227,235,89,0,83,93,100
2019-08-18,72,447,158,445,75,59,68,650,168,82,0,0,87,98,127,19,89,72,145,84,431,0,61,79,38,69,205,181,68,76,73,75,81,274,182,84,0,79,93,61
2019-08-19,59,500,234,613,66,72,69,560,178,18,0,0,94,83,185,57,68,55,183,79,521,0,69,58,70,97,254,163,86,73,55,83,59,242,284,88,0,69,94,106
2019-08-20,56,601,267,448,58,38,69,473,180,16,0,0,93,69,197,105,78,71,188,86,556,0,54,62,50,79,278,185,78,88,61,80,42,340,347,90,0,75,62,86
2019-08-21,70,585,282,509,80,33,66,450,204,26,0,0,83,73,174,0,77,47,188,80,502,0,62,60,21,51,249,175,79,74,53,82,69,282,285,88,0,81,94,46
2019-08-22,58,449,253,415,81,43,71,484,138,20,0,0,77,72,143,13,84,77,156,84,426,0,64,69,0,70,208,113,72,78,69,92,68,260,204,88,0,78,96,94
2019-08-23,51,401,129,349,65,8,75,616,107,39,0,0,90,73,101,158,86,74,118,90,363,0,63,63,19,78,182,86,74,89,61,81,84,237,218,87,0,72,107,99
2019-08-24,66,418,125,368,99,29,68,431,122,37,0,0,108,73,130,0,102,58,112,84,357,0,69,72,60,104,167,124,72,95,55,74,60,212,196,81,0,77,100,116
2019-08-25,62,437,156,401,63,68,73,553,135,31,0,0,98,93,154,10,72,72,143,96,427,0,58,57,43,74,205,124,88,79,60,73,64,212,193,91,0,68,84,93
2019-08-26,68,529,274,428,68,36,69,606,186,75,0,0,95,56,176,0,88,68,174,84,520,0,58,73,97,99,251,189,79,86,63,81,29,354,284,92,0,88,114,83
2019-08-27,62,570,264,544,87,45,66,614,208,66,0,0,75,85,225,115,87,46,209,88,552,0,62,63,13,91,261,173,73,77,51,84,42,342,295,81,0,82,83,106
2019-08-28,62,566,257,583,63,55,72,416,198,35,0,0,89,88,228,99,73,93,178,88,521,0,60,60,0,94,246,172,79,84,65,81,49,286,203,76,0,83,86,80
2019-08-29,65,485,176,396,81,32,66,549,137,37,0,0,92,69,156,0,94,59,144,96,437,0,73,76,7,97,211,127,67,91,65,77,68,228,279,103,0,87,110,88
2019-08-30,69,406,232,314,54,43,68,380,122,46,0,0,83,81,102,78,84,86,112,86,362,0,48,56,44,84,176,66,72,78,60,88,60,246,149,78,0,81,85,77
2019-08-31,62,451,147,313,68,57,70,410,119,27,0,0,77,108,112,267,93,76,118,82,357,0,67,67,0,86,167,82,70,73,60,83,52,230,181,98,0,65,93,99
2019-09-01,56,458,108,358,67,54,73,591,119,39,0,0,84,104,139,0,76,59,139,88,432,0,60,63,31,78,207,146,76,77,48,75,66,237,208,98,0,69,85,80
2019-09-02,60,501,279,450,62,19,60,610,219,87,0,0,93,80,177,23,89,67,184,81,518,0,63,73,43,90,251,164,78,79,53,76,89,263,266,72,0,82,95,65
2019-09-03,62,603,201,596,77,24,74,546,220,20,0,0,90,80,220,3,67,80,204,86,552,0,67,65,103,92,261,212,83,79,71,90,62,292,256,104,0,79,110,83
2019-09-04,56,567,229,579,73,55,75,571,210,10,0,0,85,80,207,0,61,66,187,89,504,0,61,66,18,103,250,163,72,73,54,82,75,303,195,97,0,75,113,99
2019-09-05,53,430,194,288,78,64,68,537,121,16,0,0,102,68,147,32,66,71,135,86,430,0,53,67,15,86,217,143,61,77,57,78,71,260,278,91,0,74,97,111
2019-09-06,63,420,109,308,78,15,66,426,116,23,0,0,103,83,107,121,84,71,109,105,372,0,65,60,75,94,173,106,81,81,54,85,66,196,205,83,0,78,109,81
2019-09-07,51,400,159,323,43,54,70,427,62,27,0,0,97,72,139,77,99,66,116,84,341,0,66,65,0,59,169,78,87,74,63,78,58,198,219,92,0,80,99,107
2019-09-08,69,481,189,401,91,37,65,410,189,66,0,0,67,56,138,0,85,68,148,83,441,0,51,64,53,95,205,131,79,85,49,80,52,232,170,93,0,74,87,70
2019-09-09,57,547,319,494,75,64,69,681,165,0,0,0,95,79,183,0,89,75,182,94,525,0,59,65,0,60,241,159,78,83,65,80,64,266,276,88,0,79,91,93
2019-09-10,54,575,280,550,86,54,76,647,244,29,0,0,93,84,216,94,82,75,196,93,541,0,70,78,62,66,271,214,72,84,57,91,71,279,327,95,0,77,117,76
2019-09-11,59,536,150,509,78,86,70,577,229,79,0,0,93,77,205,0,73,57,190,81,520,0,66,68,44,63,254,194,63,76,65,77,44,272,295,71,0,83,115,96
2019-09-12,57,455,173,387,76,52,59,451,145,69,0,0,82,100,145,62,82,62,129,92,437,0,79,71,8,87,213,114,76,73,58,73,72,286,225,101,0,77,121,95
2019-09-13,50,398,119,331,81,42,71,467,110,50,0,0,76,81,85,79,84,47,122,95,359,0,67,58,107,114,178,69,68,70,64,86,52,239,178,98,0,72,82,120
2019-09-14,58,425,200,351,67,44,69,382,153,42,0,0,86,77,119,14,79,56,113,80,366,0,56,72,74,88,173,116,73,79,50,77,62,179,135,86,0,86,93,107
2019-09-15,53,474,220,375,85,71,69,600,163,39,0,0,99,64,140,56,78,72,138,82,418,0,51,63,0,85,210,150,76,83,65,95,49,237,258,105,0,73,90,74
2019-09-16,64,534,264,548,75,25,73,612,194,45,0,0,83,68,197,39,89,58,180,99,513,0,52,68,85,81,251,150,73,72,52,87,83,272,285,89,0,87,76,115
2019-09-17,53,593,268,579,58,44,69,611,212,63,0,0,78,117,204,85,103,62,202,89,556,0,71,56,49,79,263,155,66,80,57,84,63,309,279,74,0,79,103,94
2019-09-18,49,537,247,498,82,23,72,615,218,80,0,0,83,52,177,5,87,72,195,97,507,0,60,59,0,78,238,150,72,84,52,78,73,307,328,86,0,72,94,118
2019-09-19,58,447,188,398,68,53,64,519,135,81,0,0,95,68,143,87,86,85,134,95,423,0,60,63,89,79,205,115,76,83,56,76,66,194,304,95,0,72,85,71
2019-09-20,56,438,173,389,76,59,74,539,91,38,0,0,91,76,112,57,84,59,109,86,355,0,72,54,46,91,166,87,65,72,62,76,72,223,223,83,0,75,92,108
2019-09-21,55,357,131,437,69,69,66,307,89,58,0,0,104,78,119,0,93,54,118,91,362,0,62,68,0,71,176,81,76,74,58,80,58,184,179,94,0,75,95,98
2019-09-22,54,474,150,431,65,38,61,556,126,41,0,0,94,78,119,149,70,45,124,88,434,0,60,65,0,85,211,126,70,69,60,79,72,275,251,103,0,79,116,106
2019-09-23,63,576,269,484,58,72,73,592,196,77,0,0,94,55,197,0,77,62,187,91,521,0,53,73,115,79,240,152,85,73,50,75,58,275,277,81,0,83,78,66
2019-09-24,55,596,219,465,65,55,70,444,207,39,0,0,90,88,235,151,77,68,200,77,536,0,67,59,0,62,264,185,79,74,54,76,70,326,279,79,0,75,63,80
2019-09-25,61,548,230,521,63,28,69,626,199,26,0,0,69,80,203,0,96,67,182,90,522,0,64,60,39,92,244,171,65,86,60,90,67,263,304,70,0,76,80,103
2019-09-26,48,429,165,373,85,56,72,525,149,44,0,0,78,82,145,57,86,60,152,76,423,0,73,68,10,77,208,138,78,79,56,81,72,247,212,85,0,71,88,106
2019-09-27,74,445,176,353,80,71,63,534,107,79,0,0,95,84,107,36,51,73,116,87,384,0,64,61,0,87,168,114,78,77,60,73,73,224,179,80,0,81,105,128
2019-09-28,51,418,172,306,44,30,74,354,121,57,0,0,91,80,134,146,96,53,120,86,353,0,62,69,67,86,176,80,72,72,65,82,83,219,173,96,0,77,80,76
2019-09-29,58,427,161,394,74,28,63,584,116,27,0,0,82,73,147,0,82,83,141,94,431,0,62,59,101,77,206,96,79,80,55,82,51,257,205,100,0,80,111,97
2019-09-30,57,568,299,488,47,57,71,631,186,66,0,0,84,77,192,76,94,56,177,94,514,0,61,67,89,78,246,183,69,87,58,83,64,311,218,95,0,79,118,66
2019-10-01,51,607,216,606,72,47,74,593,201,55,0,0,65,74,198,0,80,71,204,89,550,24,53,63,14,115,267,217,62,65,63,75,86,305,252,85,0,73,118,88
2019-10-02,62,583,219,432,77,75,62,529,169,72,57,0,90,63,183,203,61,51,183,95,519,63,60,76,21,80,255,186,75,83,70,88,73,279,249,96,0,84,100,84
2019-10-03,73,437,198,383,51,102,71,406,212,55,0,0,90,71,151,0,91,79,154,93,426,1,61,63,46,67,207,146,84,85,54,93,62,260,196,84,0,84,84,90
2019-10-04,56,424,182,307,48,48,79,444,106,62,0,0,106,73,109,65,82,52,114,94,349,0,57,59,24,64,170,83,74,74,56,82,70,248,269,92,0,78,106,64
2019-10-05,65,402,147,278,69,57,71,474,138,51,20,0,94,98,143,79,76,77,111,91,352,30,70,59,34,95,168,99,64,81,75,82,59,203,203,91,0,72,91,119
2019-10-06,61,475,152,478,71,43,65,394,134,79,0,0,93,78,148,89,82,66,130,77,427,0,54,50,64,86,212,134,91,81,70,81,62,268,204,96,0,67,112,100
2019-10-07,51,549,179,473,64,44,71,419,228,25,0,0,90,77,197,28,89,77,189,81,508,80,69,61,99,91,252,168,64,90,62,77,49,268,241,88,0,80,125,76
2019-10-08,68,574,200,472,43,76,72,613,202,33,17,0,86,86,217,0,65,67,202,85,554,32,60,67,0,77,271,158,70,72,60,77,68,323,226,107,0,89,112,89
2019-10-09,64,553,174,390,68,61,69,528,222,37,0,0,86,51,214,118,76,58,197,81,513,0,57,57,25,73,247,153,81,72,59,78,35,262,235,99,0,76,91,114
2019-10-10,53,423,155,399,67,60,72,462,130,11,24,0,81,98,137,1,83,51,139,86,443,0,64,59,56,83,202,139,78,77,60,84,62,260,268,86,0,75,101,80
2019-10-11,51,429,105,376,68,24,73,434,153,82,18,0,83,76,95,49,101,62,113,84,367,0,71,67,18,90,164,87,74,82,65,85,60,179,224,75,0,81,95,87
2019-10-12,61,428,103,363,80,23,63,439,125,60,71,0,82,99,116,36,91,72,99,76,354,42,60,62,43,88,175,72,68,77,59,81,53,235,298,88,0,75,108,84
2019-10-13,56,435,264,444,67,79,75,546,147,65,2,0,100,73,157,118,86,72,146,90,418,41,59,73,56,88,203,117,87,81,59,80,61,237,198,97,0,85,82,81
2019-10-14,76,531,233,486,58,43,62,632,184,38,0,0,81,78,228,192,77,68,188,93,507,47,54,52,99,93,251,173,74,77,50,87,70,244,249,99,0,100,96,90
2019-10-15,66,619,282,511,82,60,74,702,232,46,15,0,88,85,221,0,82,54,202,96,547,17,65,58,0,85,268,155,80,83,58,83,72,336,283,94,0,77,92,103
2019-10-16,49,491,231,537,70,66,78,622,170,43,0,0,81,85,189,12,93,79,206,98,517,0,62,65,0,76,248,180,75,73,49,79,64,315,161,87,0,67,106,100
2019-10-17,67,503,257,393,87,54,64,503,139,85,32,0,91,64,137,0,88,53,141,85,429,58,68,76,27,103,211,144,71,84,52,83,42,279,216,87,0,78,96,94
2019-10-18,65,433,115,327,69,41,65,494,124,71,45,0,72,95,134,48,87,73,110,98,351,0,75,59,125,79,170,102,73,78,63,74,69,256,200,87,0,76,77,116
2019-10-19,62,429,174,306,70,73,76,450,107,19,50,0,101,78,141,42,75,75,101,80,364,70,64,60,9,64,165,131,76,79,59,87,38,207,118,101,0,76,75,96
2019-10-20,54,442,174,342,49,65,65,540,127,92,47,0,96,85,154,154,70,58,152,84,436,52,67,65,71,70,209,116,82,61,62,83,71,214,213,80,0,65,99,88
2019-10-21,61,539,278,492,74,73,72,505,187,68,0,0,91,94,203,18,78,77,183,82,528,91,67,66,0,47,252,162,74,75,60,79,64,269,312,97,0,76,121,101
2019-10-22,65,610,229,524,68,49,72,592,205,24,28,0,96,93,219,182,105,61,195,88,540,0,60,65,95,71,268,180,77,81,55,88,38,356,250,80,0,75,94,96
2019-10-23,66,579,235,562,48,56,62,599,218,82,0,0,88,47,193,89,89,57,194,90,517,0,65,52,116,96,244,190,70,67,69,81,60,286,275,92,0,81,112,108
2019-10-24,54,476,196,346,68,54,74,590,165,60,58,0,95,76,146,0,90,79,138,84,416,0,59,68,43,84,209,127,79,82,49,77,66,248,200,96,0,69,86,60
2019-10-25,64,407,208,369,86,55,75,678,134,45,0,0,89,50,127,0,89,59,115,92,354,84,66,70,0,110,166,83,74,72,64,81,60,195,229,83,0,84,92,83
2019-10-26,67,383,117,282,69,62,70,383,141,31,36,0,89,31,90,128,71,66,101,94,367,68,65,56,31,94,174,95,73,89,62,89,71,192,255,93,0,74,75,77
2019-10-27,60,485,174,380,67,92,68,480,152,85,105,0,89,83,155,4,78,65,160,89,419,0,59,54,54,114,199,121,80,87,54,82,34,243,195,85,0,66,102,87
2019-10-28,57,595,208,509,103,79,68,607,203,37,25,0,86,70,197,0,96,70,179,93,511,77,67,62,109,84,241,218,77,77,65,85,53,276,310,91,0,85,81,100
2019-10-29,59,557,234,475,71,58,78,696,214,93,16,0,94,84,225,105,81,73,203,81,550,17,64,60,25,85,268,197,68,82,60,79,60,335,328,102,0,66,100,83
2019-10-30,61,517,183,542,50,62,69,609,221,63,32,0,98,89,205,101,83,66,183,95,516,0,60,50,32,85,246,137,70,87,57,80,63,301,300,93,0,83,100,97
2019-10-31,63,477,174,397,72,34,66,400,142,59,105,0,80,75,147,0,79,55,148,81,441,0,51,58,59,56,205,138,67,75,62,82,79,221,289,81,0,69,128,82
2019-11-01,43,415,226,398,82,75,73,392,121,67,50,0,90,76,102,53,72,70,112,93,362,69,61,71,83,82,177,107,78,82,60,75,52,218,140,99,0,86,94,102
2019-11-02,68,472,223,353,80,73,71,414,126,43,92,0,99,95,125,121,86,69,104,82,347,12,58,55,27,84,172,58,69,82,64,94,70,180,204,87,0,83,84,109
2019-11-03,59,458,162,467,82,57,65,638,96,74,53,0,92,61,144,93,78,60,144,93,436,87,67,64,38,68,210,76,79,84,53,79,48,235,216,86,0,71,101,69
2019-11-04,67,543,257,500,67,67,70,736,176,66,83,0,82,67,201,59,75,70,194,80,514,0,58,60,49,76,247,168,87,83,56,83,61,298,312,92,0,80,112,109
2019-11-05,46,576,218,460,66,83,72,428,227,44,61,0,88,81,215,88,86,64,202,86,551,12,61,79,5,79,267,193,76,71,64,75,58,298,236,84,0,79,88,61
2019-11-06,59,570,238,492,71,48,67,683,228,80,18,0,96,70,177,87,86,73,185,94,502,53,74,62,95,67,242,203,72,85,69,87,57,318,214,101,0,80,90,97
2019-11-07,73,464,191,364,95,66,76,443,167,35,33,0,80,67,135,129,93,66,129,80,440,144,63,57,80,104,203,112,78,87,58,82,51,282,261,88,0,70,126,67
2019-11-08,65,412,265,400,78,74,66,443,127,52,38,0,88,75,123,69,72,59,117,92,363,31,68,63,127,71,169,64,67,66,58,93,78,205,157,105,0,79,97,76
2019-11-09,73,328,181,258,70,80,71,442,96,61,88,0,93,74,125,63,94,75,112,88,359,0,69,68,91,120,168,91,80,87,52,81,53,244,181,89,0,82,96,78
2019-11-10,59,466,164,422,74,39,68,467,205,91,0,0,90,73,149,157,83,81,147,72,427,28,66,72,0,111,201,116,69,82,63,73,66,272,170,82,0,66,111,97
2019-11-11,54,604,193,556,76,44,67,548,176,40,74,0,99,65,156,67,88,47,186,76,511,92,68,66,48,104,240,186,69,81,65,76,63,268,273,85,0,73,80,97
2019-11-12,71,619,321,543,52,44,74,520,188,17,61,0,85,69,221,111,94,65,203,87,535,17,51,59,61,85,268,180,63,75,56,83,59,290,226,117,0,73,96,79
2019-11-13,56,533,153,575,72,74,72,495,203,42,61,0,84,81,213,228,57,65,191,89,496,60,47,56,43,53,245,174,74,69,69,84,57,292,268,81,0,76,93,104
2019-11-14,59,481,138,388,89,56,67,505,113,75,30,0,93,67,160,0,94,64,150,79,428,0,63,59,120,91,207,153,82,80,49,87,48,208,269,95,0,79,73,106
2019-11-15,60,418,97,279,76,78,72,449,141,75,62,0,102,85,102,167,89,70,102,86,368,59,60,60,21,111,172,86,73,83,63,80,66,216,210,95,0,76,106,88
2019-11-16,60,435,48,347,74,78,68,418,130,32,35,0,75,65,122,0,89,68,120,90,357,83,67,51,1,72,161,119,76,86,60,82,54,160,175,80,0,68,93,109
2019-11-17,62,441,186,376,67,80,70,622,186,100,21,0,93,93,167,48,97,62,142,88,418,89,59,52,63,78,214,135,72,73,52,82,72,221,178,100,0,73,101,101
2019-11-18,79,584,258,473,56,63,71,672,206,48,0,0,97,77,176,123,77,75,182,88,530,0,56,73,63,83,245,193,70,93,60,78,55,278,148,83,0,63,113,58
2019-11-19,63,628,288,632,67,80,73,562,223,60,148,0,79,70,189,0,79,54,198,89,543,0,59,71,95,99,268,183,72,72,70,79,82,297,264,107,0,82,102,76
2019-11-20,67,536,251,352,81,63,67,563,220,34,40,0,96,77,160,129,90,74,184,77,504,45,60,49,83,92,249,167,74,69,61,91,34,283,245,82,0,70,105,110
2019-11-21,57,474,270,425,61,52,68,429,142,77,107,0,89,58,144,95,86,63,147,92,448,145,57,61,100,73,206,112,67,86,72,76,62,214,177,86,0,66,120,69
2019-11-22,66,386,163,289,59,61,70,269,146,62,0,0,99,67,118,0,85,57,119,95,360,34,65,56,48,74,171,106,64,81,56,83,73,197,201,92,0,69,87,98
2019-11-23,49,423,245,342,59,67,75,493,107,41,32,0,86,98,144,102,83,43,104,84,350,0,67,67,94,65,174,99,84,89,52,87,62,211,214,92,0,65,83,89
2019-11-24,66,493,165,374,59,68,83,583,183,90,77,0,87,57,153,0,79,77,136,95,403,24,57,64,114,81,209,131,70,70,38,74,60,260,208,88,0,71,120,84
2019-11-25,51,472,239,549,72,58,66,473,207,49,98,0,86,73,223,135,89,74,196,82,516,33,58,65,136,89,244,159,65,78,60,82,65,312,256,79,0,75,90,86
2019-11-26,62,629,260,633,93,76,73,534,207,53,17,0,92,90,222,160,95,69,203,93,552,104,66,67,33,64,260,173,90,87,57,87,53,313,287,87,0,73,102,73
2019-11-27,57,622,170,531,66,81,62,674,170,92,36,0,97,78,178,84,56,47,183,92,529,80,58,71,93,88,243,188,77,85,75,81,41,281,232,87,0,80,100,105
2019-11-28,51,546,266,300,79,100,66,565,143,51,0,0,84,66,134,3,102,80,153,90,422,50,59,64,31,70,201,117,62,78,65,87,59,233,225,78,0,82,125,90
2019-11-29,64,436,150,286,68,101,65,603,131,69,43,0,85,71,92,187,103,75,105,85,364,161,52,47,57,89,167,96,83,77,63,77,84,215,236,98,0,81,115,84
2019-11-30,44,443,129,242,78,38,76,346,130,38,57,0,105,41,128,123,72,73,109,89,348,12,56,62,16,75,169,90,74,80,62,85,46,233,196,97,0,86,111,81
2019-12-01,68,491,190,351,70,38,68,473,184,68,46,0,79,68,138,29,82,64,147,96,419,73,66,78,57,57,201,135,71,81,71,83,72,271,215,93,0,86,104,128
2019-12-02,70,575,229,430,49,85,78,633,167,79,41,0,96,60,177,82,64,65,188,91,531,0,54,59,50,81,254,145,79,75,41,76,64,301,251,88,0,77,97,87
2019-12-03,51,620,263,534,72,68,68,629,215,53,44,0,78,82,216,0,107,70,210,89,548,82,64,62,79,66,269,215,73,88,70,83,81,293,277,90,0,79,100,97
2019-12-04,69,563,219,367,53,97,64,690,184,36,87,0,95,97,189,120,74,63,181,84,508,16,62,73,15,85,243,171,79,77,61,82,79,320,275,80,0,80,76,85
2019-12-05,64,432,133,242,53,64,75,463,162,35,59,0,100,57,149,22,95,55,148,103,421,2,73,65,110,71,204,125,76,80,59,84,54,269,206,95,0,73,81,103
2019-12-06,66,407,111,343,54,61,71,435,151,94,32,0,81,70,119,116,93,65,109,92,346,123,58,70,41,74,167,55,71,84,59,84,21,230,119,73,0,75,72,82
2019-12-07,57,462,183,380,90,48,67,366,147,32,66,0,95,37,110,85,81,69,114,85,372,34,60,64,136,75,175,80,66,79,56,83,54,225,213,81,0,64,126,100
2019-12-08,61,555,148,425,87,81,74,435,147,85,70,0,93,74,146,0,71,68,140,84,416,48,72,75,114,101,204,126,70,75,51,83,59,258,253,87,0,79,94,97
2019-12-09,64,549,183,466,57,78,66,686,165,86,100,0,82,79,202,0,88,72,193,90,513,140,59,74,57,113,244,153,73,86,63,91,52,297,277,108,0,76,95,105
2019-12-10,46,597,322,501,87,92,78,587,252,49,37,0,105,102,200,120,97,64,221,78,555,44,60,59,16,98,261,180,69,74,42,75,58,331,302,86,0,60,96,49
2019-12-11,67,560,274,478,49,68,63,609,168,56,164,0,86,58,191,0,70,72,177,79,503,162,76,53,92,85,246,180,64,88,57,89,53,282,259,92,0,65,96,98
2019-12-12,66,465,145,365,69,112,78,598,181,42,72,0,85,63,141,23,91,64,139,96,432,83,61,54,113,85,209,154,73,78,65,78,60,196,253,96,0,77,79,73
2019-12-13,65,422,152,283,72,67,67,665,122,64,52,0,76,82,117,9,88,63,98,89,347,14,50,50,138,93,164,68,77,79,67,91,46,246,176,93,0,74,72,86
2019-12-14,52,358,147,385,59,72,76,502,135,72,47,0,80,64,146,45,89,78,127,85,363,94,53,60,78,58,172,46,74,77,70,82,56,210,172,107,0,80,97,93
2019-12-15,66,464,167,403,74,74,72,486,117,72,27,0,93,79,138,96,88,57,145,88,436,88,73,58,142,103,205,167,77,79,61,74,43,254,220,89,0,76,117,98
2019-12-16,51,536,202,506,62,82,67,667,185,92,91,0,88,54,199,0,94,65,186,94,498,35,52,65,96,101,239,174,77,83,71,92,68,275,202,93,0,82,115,86
2019-12-17,73,598,284,561,67,56,74,722,206,65,137,0,84,85,208,59,72,61,204,85,542,186,62,72,63,81,266,153,81,75,55,81,81,273,310,95,0,88,95,89
2019-12-18,63,615,167,563,67,94,72,497,234,56,75,0,79,100,174,91,89,65,183,93,511,43,62,65,23,94,245,191,76,77,56,85,65,275,279,86,0,77,96,73
2019-12-19,65,481,161,409,50,101,68,499,138,57,60,0,90,83,150,126,87,68,135,97,419,0,67,59,111,65,204,176,74,80,60,81,61,221,154,88,0,79,101,113
2019-12-20,57,410,133,368,43,81,70,625,83,87,106,0,99,86,108,110,90,58,115,92,362,114,54,54,0,69,168,90,82,91,69,78,63,194,163,89,0,81,86,76
2019-12-21,59,400,140,357,85,58,63,513,125,69,26,0,95,100,87,102,82,73,121,96,357,81,69,79,35,64,164,86,78,75,53,89,73,185,133,100,0,76,113,79
2019-12-22,62,469,172,337,100,78,69,527,153,60,137,0,91,44,157,29,93,67,147,88,434,98,68,57,59,91,198,130,86,74,50,82,40,236,179,95,0,70,100,63
2019-12-23,59,560,181,514,42,75,74,654,193,62,30,0,91,84,198,194,88,62,173,81,513,108,59,51,56,111,247,187,72,84,75,78,54,334,235,87,0,74,82,77
2019-12-24,68,608,344,569,79,79,78,617,195,85,134,0,90,84,224,0,97,75,222,81,535,161,72,67,68,79,271,191,65,83,54,83,57,331,260,82,0,81,82,94
2019-12-25,58,560,222,485,53,79,65,637,217,73,69,0,86,71,178,6,77,62,178,77,524,116,58,58,67,85,250,192,64,90,52,81,63,301,224,101,0,81,111,110
2019-12-26,50,503,180,360,62,65,71,353,188,83,102,0,90,75,155,30,74,49,149,80,422,20,62,69,97,93,202,137,82,82,68,82,72,272,195,94,0,68,105,81
2019-12-27,64,363,205,381,56,71,76,475,112,63,110,0,101,67,125,102,88,78,96,90,362,0,53,62,67,67,165,106,71,70,55,85,55,236,110,87,0,87,113,72
2019-12-28,65,444,152,303,83,48,86,428,110,67,94,0,71,70,115,0,85,69,118,85,351,0,62,58,43,80,166,59,78,76,66,83,60,204,183,88,0,81,109,85
2019-12-29,41,449,183,368,62,82,77,539,179,93,164,0,78,81,158,22,87,74,155,84,413,110,64,69,68,90,206,138,73,67,52,88,38,249,142,91,0,80,107,107
2019-12-30,64,529,297,497,79,105,63,755,207,69,68,0,103,55,192,72,109,60,174,74,507,55,65,56,45,84,243,193,79,82,69,83,53,265,222,89,0,77,115,93
2019-12-31,64,597,248,546,61,85,63,736,202,62,89,0,86,102,202,0,60,60,215,89,541,84,57,69,115,73,268,206,71,87,79,82,68,327,323,80,0,72,95,52
