Date,BGW,MAJ,QHZ,VIY,VUV,NMN,WUC,DAT,NSY,VOK,LME,RBO,CUB,TTL,WAN,RNT,SZY,ZGP,UHQ,RTE,AUT,OAQ,COQ,OSG,QNM,ZOZ,AOJ,NGD,BAL,MGT,TNB,EUI,UAF,SHI,DGG
2023-01-01,103,202,78,242,0,584,204,86,297,212,282,60,81,45,192,0,95,63,0,79,79,516,62,533,95,79,55,597,77,323,0,97,0,0,65
2023-01-02,87,164,80,163,0,603,188,89,245,207,272,76,74,51,172,0,103,57,0,89,107,503,70,499,51,94,66,588,60,233,0,85,0,0,61
2023-01-03,62,155,84,153,0,431,144,93,186,105,192,75,73,82,140,0,98,56,0,71,96,475,58,434,86,79,81,466,62,246,0,79,0,0,62
2023-01-04,70,181,88,140,0,423,101,84,168,159,193,69,70,55,75,0,75,57,0,66,98,245,54,376,71,89,84,456,49,249,0,89,0,0,68
2023-01-05,65,166,79,140,0,471,104,82,183,119,147,85,67,56,105,0,89,58,0,79,80,341,66,369,85,84,77,410,64,203,0,99,0,0,63
2023-01-06,52,208,76,185,0,590,131,98,232,100,241,73,68,61,148,0,83,63,0,75,62,453,36,431,60,90,70,434,60,219,0,88,0,0,57
2023-01-07,82,216,88,224,0,480,179,89,200,227,293,64,80,50,173,0,89,63,0,88,70,421,50,498,59,93,77,557,63,326,0,82,0,0,63
2023-01-08,90,270,76,220,0,561,210,80,204,233,269,59,65,64,178,0,97,55,0,72,83,590,49,512,69,82,86,537,70,281,0,86,0,0,64
2023-01-09,76,229,82,232,0,420,190,92,258,214,293,75,66,70,184,0,75,54,0,80,82,496,75,534,111,86,89,614,67,324,0,90,0,0,55
2023-01-10,60,199,82,166,0,382,136,85,217,145,204,75,75,61,118,0,88,61,0,73,77,419,57,451,93,97,81,574,61,235,0,94,0,0,67
2023-01-11,70,169,84,111,0,286,108,90,150,163,221,66,63,64,93,0,81,62,0,79,100,395,56,354,69,77,75,403,53,174,0,94,0,0,69
2023-01-12,100,183,76,157,0,303,100,86,134,109,150,77,74,58,115,0,96,64,0,79,80,274,72,347,68,80,69,408,67,249,0,83,0,0,54
2023-01-13,63,201,83,162,0,516,131,87,158,213,221,61,72,36,113,0,92,59,0,74,81,447,63,417,91,99,80,452,61,259,0,86,0,0,62
2023-01-14,79,226,76,198,0,443,182,94,234,190,318,77,72,74,184,0,91,73,0,70,81,599,77,524,68,81,59,512,73,289,0,87,0,0,68
2023-01-15,93,250,83,215,0,468,203,84,231,239,271,69,78,38,193,0,87,65,0,82,82,559,65,543,64,77,68,652,63,340,0,92,0,0,65
2023-01-16,60,240,85,182,0,654,173,92,309,238,263,77,61,64,178,0,77,60,0,74,73,488,65,486,103,84,73,555,61,290,0,88,0,0,69
2023-01-17,103,158,80,177,0,481,141,90,167,133,223,65,77,60,123,0,78,60,0,78,100,390,69,429,79,94,84,425,59,240,0,92,0,0,60
2023-01-18,84,144,81,148,0,324,107,88,173,123,159,76,79,71,106,0,89,51,0,75,68,395,71,359,88,96,70,422,64,201,0,99,0,0,56
2023-01-19,48,162,81,111,0,446,121,86,210,124,165,82,76,58,87,0,87,60,0,77,59,438,72,358,46,74,70,416,67,180,0,85,0,0,71
2023-01-20,73,162,80,175,0,381,137,84,151,121,180,59,69,62,143,0,90,62,0,77,79,341,54,435,80,108,81,419,54,258,0,86,0,0,58
2023-01-21,76,177,73,223,0,464,176,83,255,196,269,69,71,71,156,0,83,65,0,82,110,508,73,519,81,69,80,537,63,272,0,83,0,0,67
2023-01-22,65,264,82,223,0,583,219,90,265,214,309,81,78,60,212,0,94,61,0,75,74,566,58,554,53,72,88,597,43,273,0,98,0,0,59
2023-01-23,92,246,90,222,0,483,180,90,249,205,304,72,63,57,162,0,91,58,0,76,91,490,57,507,72,107,78,567,53,344,0,88,0,0,65
2023-01-24,72,191,71,153,0,373,134,97,251,151,174,88,74,66,117,0,106,54,0,64,106,361,78,415,80,83,79,517,58,225,0,82,0,0,66
2023-01-25,70,122,90,122,0,401,93,84,133,49,220,79,80,51,94,0,94,67,0,70,64,369,72,342,87,69,82,440,61,209,0,96,0,0,65
2023-01-26,78,99,76,116,0,363,110,82,192,147,200,63,66,57,107,0,101,59,0,74,72,342,58,368,74,91,74,496,59,235,0,89,0,0,58
2023-01-27,60,232,81,183,0,400,146,86,249,135,271,68,77,62,127,0,91,61,0,75,76,379,59,426,70,66,81,584,57,304,0,89,0,0,59
2023-01-28,85,256,83,219,0,574,190,95,299,174,225,69,63,66,169,0,98,55,0,71,71,478,48,509,88,76,70,598,64,328,0,88,0,0,66
2023-01-29,75,230,87,253,0,587,200,83,227,221,256,78,73,67,193,0,84,56,0,81,105,475,56,524,76,94,85,542,67,268,0,86,0,0,70
2023-01-30,80,254,80,225,0,515,182,95,265,215,267,67,83,60,178,0,91,52,0,79,86,507,71,516,77,74,69,551,70,244,0,84,0,0,63
2023-01-31,76,145,77,178,0,443,138,82,237,191,234,60,69,67,145,0,94,67,0,74,103,385,51,444,81,98,81,436,62,234,0,92,0,0,60
2023-02-01,58,153,78,106,0,361,94,88,127,145,147,56,67,66,94,0,90,59,0,73,95,281,77,344,83,83,76,388,67,265,0,94,0,0,56
2023-02-02,84,143,85,132,0,360,97,87,161,123,213,60,70,56,77,0,80,65,0,86,82,270,60,365,67,106,70,340,63,146,0,82,0,0,67
2023-02-03,98,225,81,177,0,468,144,94,247,155,222,72,77,63,142,0,95,69,0,75,65,447,65,424,49,104,74,524,64,224,0,89,0,0,64
2023-02-04,58,228,76,172,0,629,191,77,244,194,271,52,83,55,168,0,115,62,0,75,86,493,66,504,93,72,62,515,69,355,0,87,0,0,64
2023-02-05,91,227,90,253,0,444,191,97,201,173,299,68,62,57,198,0,78,58,0,82,73,579,67,561,56,97,69,583,54,274,0,93,0,0,65
2023-02-06,88,220,81,175,0,530,189,85,173,217,295,78,59,64,146,0,84,57,0,72,92,480,78,507,78,88,63,608,65,311,0,92,0,0,63
2023-02-07,72,213,76,152,0,590,136,72,230,132,206,69,80,67,154,0,103,54,0,73,85,402,57,446,85,95,73,401,71,229,0,89,0,0,58
2023-02-08,54,116,81,144,0,410,115,92,160,116,176,68,80,72,113,0,92,59,0,71,103,259,69,346,83,82,81,494,72,208,0,92,0,0,59
2023-02-09,94,132,84,83,0,225,108,84,204,144,168,82,64,68,98,0,80,51,0,76,82,398,59,350,100,82,85,379,60,269,0,87,0,0,77
2023-02-10,59,203,65,205,0,544,139,106,239,200,241,78,71,46,106,0,99,65,0,86,106,486,54,421,76,68,89,505,57,223,0,87,0,0,58
2023-02-11,65,246,83,222,0,575,181,79,267,205,226,72,81,67,186,0,102,66,0,69,67,428,80,512,55,81,93,521,65,303,0,86,0,0,62
2023-02-12,74,215,89,228,0,542,195,96,266,242,270,70,60,60,186,0,90,59,0,72,62,537,60,510,63,81,89,608,51,325,0,95,0,0,59
2023-02-13,70,249,81,243,0,571,187,89,297,198,304,78,74,61,190,0,94,69,0,74,80,551,60,509,42,77,95,604,63,272,0,90,0,0,68
2023-02-14,84,176,89,186,0,490,131,82,156,134,247,75,72,49,136,0,85,54,0,75,96,405,58,443,98,95,71,469,65,190,0,82,0,0,66
2023-02-15,61,139,81,136,0,430,101,90,126,128,200,83,73,49,95,0,89,67,0,78,99,288,53,370,92,70,65,354,66,238,0,96,0,0,62
2023-02-16,70,153,75,133,0,295,117,93,237,137,189,70,73,54,83,0,99,62,0,85,79,383,67,360,54,72,73,437,73,280,0,84,0,0,58
2023-02-17,80,217,75,169,0,398,138,84,224,188,184,65,77,51,133,0,93,58,0,84,85,434,67,427,77,97,89,405,55,237,0,89,0,0,63
2023-02-18,71,244,83,206,0,540,182,93,294,168,305,61,76,60,166,0,89,58,0,88,74,458,65,528,90,96,66,501,61,329,0,94,0,0,71
2023-02-19,66,211,85,237,0,622,214,101,277,182,270,88,83,62,202,0,96,57,0,92,82,539,46,523,85,96,79,549,66,350,0,84,0,0,54
2023-02-20,68,211,88,238,0,463,175,83,277,162,296,67,64,60,177,0,106,58,0,80,96,540,51,540,48,78,73,533,59,269,0,93,0,0,65
2023-02-21,78,192,80,213,0,467,137,85,213,187,193,86,71,58,132,0,100,55,0,66,84,402,51,427,73,74,72,492,67,284,0,88,0,0,59
2023-02-22,103,137,77,112,0,286,101,100,158,157,187,64,73,67,96,0,98,60,0,81,67,306,60,334,67,86,66,383,52,199,0,93,0,0,66
2023-02-23,90,168,75,121,0,456,107,82,105,132,205,69,72,76,79,0,105,52,0,74,75,358,55,375,58,98,90,409,74,234,0,87,0,0,60
2023-02-24,63,199,84,128,0,439,141,79,296,181,201,68,80,45,136,0,85,65,0,82,86,456,69,447,68,101,78,489,70,250,0,97,0,0,53
2023-02-25,74,170,79,199,0,595,189,93,234,206,263,71,67,47,187,0,85,59,0,75,72,486,50,510,56,89,72,554,68,311,0,80,0,0,62
2023-02-26,73,231,87,205,0,658,201,81,272,215,245,56,74,64,174,0,106,61,0,72,67,508,66,545,67,104,82,660,56,295,0,92,0,0,65
2023-02-27,44,258,82,211,0,441,184,92,278,231,270,69,79,51,170,0,84,61,0,77,86,585,58,513,99,81,77,552,63,298,0,88,0,0,61
2023-02-28,97,175,77,153,0,541,138,91,285,124,206,70,70,53,143,0,91,58,0,77,75,366,73,431,85,83,72,495,61,226,0,92,0,0,57
2023-03-01,64,167,82,136,0,323,112,92,221,122,232,71,74,65,111,0,111,56,0,69,86,319,57,335,81,93,83,431,46,163,0,97,0,0,72
2023-03-02,64,204,84,152,0,333,108,96,281,140,189,82,80,51,89,0,110,50,0,75,92,289,67,365,71,85,68,413,62,199,0,93,0,0,66
2023-03-03,86,146,79,179,0,497,144,83,232,153,247,86,72,59,118,0,97,57,0,91,82,458,59,445,58,96,85,588,62,219,0,81,0,0,62
2023-03-04,92,238,74,212,0,516,181,89,304,223,291,62,70,61,177,0,101,58,0,83,68,491,58,500,81,81,85,566,61,316,0,90,0,0,67
2023-03-05,72,220,87,244,0,662,207,85,195,211,277,76,73,50,183,0,103,59,0,75,107,522,68,538,83,102,73,599,68,343,0,94,0,0,62
2023-03-06,95,218,85,199,0,556,186,88,247,181,309,79,73,66,176,0,91,60,0,76,68,547,78,517,72,87,70,525,75,278,0,90,0,0,66
2023-03-07,55,165,79,139,0,222,141,91,181,173,240,61,71,45,143,0,91,47,0,84,80,386,48,416,82,95,80,440,62,284,0,87,0,0,62
2023-03-08,61,145,80,123,0,271,109,100,162,99,202,76,76,57,117,0,90,64,0,78,87,365,49,358,69,76,83,385,64,228,0,86,0,0,62
2023-03-09,97,154,84,135,0,192,115,80,214,85,181,77,69,54,89,0,92,52,0,76,102,368,67,351,70,102,59,398,64,238,0,96,0,0,70
2023-03-10,55,210,75,158,0,420,140,79,275,156,215,61,63,63,126,0,101,59,0,81,71,389,41,422,72,82,72,454,67,242,0,79,0,0,66
2023-03-11,62,209,78,205,0,410,176,96,282,207,207,85,76,58,154,0,89,62,0,75,106,489,54,528,90,86,91,557,59,298,0,96,0,0,64
2023-03-12,84,172,85,223,0,513,193,99,241,221,265,66,73,54,202,0,90,57,0,87,67,514,58,533,62,85,54,587,64,304,0,93,0,0,57
2023-03-13,71,234,87,217,0,484,182,84,294,179,270,75,76,50,190,0,72,60,0,75,113,531,51,523,80,108,66,595,54,299,0,95,0,0,69
2023-03-14,99,228,80,148,0,450,145,82,201,145,222,74,78,50,120,0,95,55,0,85,76,360,57,432,77,92,80,472,55,225,0,89,0,0,62
2023-03-15,96,173,75,160,0,315,118,91,200,100,210,79,70,69,85,0,102,61,0,84,84,389,63,349,63,88,80,419,73,179,0,92,0,0,59
2023-03-16,99,170,71,112,0,386,110,94,198,121,238,67,76,60,118,0,88,56,0,77,111,231,58,364,81,85,61,465,59,234,0,95,0,0,66
2023-03-17,75,204,86,151,0,436,134,87,270,176,190,62,66,69,125,0,90,52,0,76,85,398,68,431,79,93,66,485,63,258,0,77,0,0,61
2023-03-18,79,236,83,215,0,445,188,85,322,205,271,84,79,69,157,0,99,61,0,73,73,526,57,503,80,100,72,588,70,253,0,100,0,0,62
2023-03-19,77,272,89,214,0,543,190,92,203,177,279,69,70,59,212,0,95,52,0,82,81,561,61,561,69,85,100,517,57,334,0,90,0,0,64
2023-03-20,81,193,83,226,0,529,180,88,267,216,300,71,73,43,155,0,104,61,0,85,95,519,67,510,71,112,62,550,57,303,0,88,0,0,66
2023-03-21,73,209,77,150,0,563,135,92,184,190,241,61,71,51,111,0,107,62,0,74,86,435,55,438,88,91,70,429,70,189,0,92,0,0,59
2023-03-22,57,190,82,136,0,295,117,83,135,197,207,75,74,62,99,0,107,57,0,74,84,393,58,335,76,86,76,515,67,234,0,89,0,0,57
2023-03-23,62,147,84,116,0,325,101,90,185,103,193,78,62,46,106,0,90,66,0,85,73,419,54,368,69,80,82,456,55,264,0,85,0,0,66
2023-03-24,65,200,70,181,0,428,135,103,243,129,267,69,68,49,136,0,94,58,0,68,83,414,48,420,77,81,68,445,60,280,0,99,0,0,67
2023-03-25,93,245,84,226,0,488,189,86,237,217,298,71,72,50,168,0,91,61,0,75,73,452,78,513,62,81,79,524,54,350,0,84,0,0,66
2023-03-26,83,290,77,218,0,461,220,77,208,211,287,79,73,55,213,0,92,62,0,77,74,516,57,538,82,76,71,580,66,334,0,86,0,0,60
2023-03-27,107,189,89,245,0,549,184,75,325,184,249,80,76,62,161,0,108,62,0,78,81,533,64,520,91,94,86,642,68,244,0,100,0,0,62
2023-03-28,66,179,78,153,0,508,141,81,276,180,231,65,74,53,141,0,86,63,0,74,97,410,71,435,87,81,72,437,60,186,0,87,0,0,63
2023-03-29,59,98,88,141,0,365,103,89,164,138,114,76,78,58,92,0,91,66,0,81,64,329,58,374,51,71,90,407,70,190,0,90,0,0,64
2023-03-30,51,166,79,103,0,463,89,91,163,178,198,71,71,68,111,0,91,65,0,67,102,367,62,370,59,82,84,419,57,211,0,94,0,0,67
2023-03-31,78,247,72,177,0,459,138,89,255,162,241,63,80,59,117,0,98,58,0,84,96,444,77,419,66,77,78,443,67,273,0,80,0,0,55
2023-04-01,100,199,85,256,50,646,185,94,245,214,286,58,75,70,165,69,81,56,0,76,82,480,59,510,59,110,87,482,60,289,0,95,0,0,61
2023-04-02,69,229,76,217,16,522,210,96,262,224,290,67,80,50,213,0,103,56,0,77,106,577,65,557,79,86,68,531,72,273,0,83,0,0,66
2023-04-03,110,263,92,165,0,593,184,89,309,181,269,68,68,60,168,37,81,53,0,81,81,470,75,514,85,70,70,636,58,305,0,87,0,0,68
2023-04-04,60,219,77,176,0,383,137,84,179,205,177,79,71,71,119,0,112,58,0,91,88,494,59,414,88,105,72,515,60,244,0,93,0,0,58
2023-04-05,57,119,78,167,7,375,104,106,161,133,214,66,58,55,108,91,102,59,0,86,100,264,65,337,65,76,86,443,65,276,0,97,0,0,60
2023-04-06,71,191,83,132,0,315,112,103,138,91,179,80,69,50,97,24,91,60,0,72,90,396,63,373,83,92,75,409,71,197,0,83,0,0,67
2023-04-07,63,206,81,188,34,320,144,88,174,214,218,77,78,57,122,0,88,56,0,80,99,371,58,459,67,82,88,467,63,270,0,92,0,0,61
2023-04-08,105,292,78,198,0,689,186,93,269,205,237,80,61,58,197,35,96,63,0,84,64,556,77,507,51,83,84,567,70,259,0,90,0,0,65
2023-04-09,81,233,72,229,23,486,201,82,277,210,260,75,78,52,175,48,99,63,0,78,64,542,68,521,63,87,73,564,70,333,0,87,0,0,63
2023-04-10,68,210,80,197,7,607,190,106,239,193,214,76,81,56,169,119,103,62,0,80,97,472,77,537,94,90,73,626,59,281,0,88,0,0,61
2023-04-11,98,160,85,166,31,297,138,89,225,142,244,75,76,48,130,64,111,60,0,79,64,439,60,423,63,77,83,504,64,362,0,93,0,0,61
2023-04-12,85,100,85,123,10,396,99,86,191,89,210,85,66,49,107,0,94,57,0,75,102,292,61,352,73,100,72,436,64,227,0,88,0,0,67
2023-04-13,75,106,77,150,14,230,96,90,195,153,220,71,73,55,106,0,98,61,0,85,75,230,66,336,78,100,87,432,67,257,0,92,0,0,63
2023-04-14,87,209,74,172,9,517,144,94,216,162,223,55,64,59,115,0,78,66,0,78,79,438,71,454,90,75,74,509,76,239,0,99,0,0,56
2023-04-15,75,236,80,217,14,492,178,89,300,221,276,74,71,65,170,0,93,55,0,83,101,560,82,519,61,87,76,583,74,254,0,85,0,0,65
2023-04-16,74,225,78,166,0,566,204,95,291,180,275,66,72,55,197,0,97,59,0,81,67,530,69,534,54,91,88,627,68,350,0,92,0,0,65
2023-04-17,53,273,83,243,57,492,186,80,265,216,281,75,79,64,180,7,84,67,0,78,84,548,65,511,54,96,81,566,70,261,0,89,0,0,64
2023-04-18,92,181,86,178,0,439,139,95,138,76,235,78,74,61,135,21,99,62,0,77,77,456,73,436,99,84,73,429,55,241,0,95,0,0,63
2023-04-19,83,146,79,123,0,292,106,90,171,101,182,70,74,60,94,38,81,57,0,78,82,327,49,349,84,76,85,398,71,259,0,87,0,0,67
2023-04-20,94,128,82,147,0,366,111,86,118,79,182,72,67,73,95,0,100,60,0,73,81,421,54,382,64,93,85,394,64,223,0,92,0,0,57
2023-04-21,77,172,71,157,0,397,151,96,218,138,243,68,78,47,154,0,94,69,0,92,110,403,58,438,80,70,65,501,72,272,0,84,0,0,66
2023-04-22,64,284,84,217,8,506,182,89,235,185,250,58,72,46,153,73,92,57,0,76,72,522,65,507,67,85,66,602,60,329,0,102,0,0,67
2023-04-23,73,240,80,209,26,564,198,94,262,179,301,79,74,73,207,0,87,57,0,79,95,500,53,551,72,93,90,643,64,272,0,90,0,0,63
2023-04-24,70,247,75,180,14,560,176,88,275,198,267,82,81,77,180,84,97,55,0,86,70,456,67,510,69,91,93,561,68,261,0,87,0,0,56
2023-04-25,88,215,81,162,0,433,146,83,252,138,274,69,71,47,114,13,102,48,0,80,76,452,64,434,73,92,66,507,63,235,0,83,0,0,68
2023-04-26,74,174,81,137,42,369,111,87,238,156,141,88,73,58,71,96,94,61,0,85,80,401,63,351,69,84,87,454,62,176,0,87,0,0,61
2023-04-27,89,112,85,144,0,410,108,92,188,121,194,51,69,54,110,81,107,57,0,84,87,301,80,362,56,100,83,451,77,200,0,88,0,0,70
2023-04-28,80,239,84,156,24,507,144,93,230,171,273,73,75,70,144,2,105,65,0,72,85,415,65,428,105,90,91,483,59,268,0,88,0,0,54
2023-04-29,79,216,77,183,13,618,187,87,314,210,223,78,78,62,184,164,83,60,0,79,59,554,62,495,49,77,91,538,68,269,0,89,0,0,60
2023-04-30,74,252,76,213,24,438,191,90,271,205,300,83,67,68,190,0,91,62,0,76,79,532,67,549,91,96,74,550,72,290,0,93,0,0,67
2023-05-01,57,192,75,245,19,545,184,98,239,201,279,64,69,58,175,0,90,50,0,83,79,465,59,515,84,98,70,613,53,322,0,98,0,0,62
2023-05-02,76,202,85,134,39,392,145,92,202,146,211,64,86,70,138,12,97,62,0,83,83,419,61,428,45,77,79,444,55,262,0,78,0,0,65
2023-05-03,62,135,87,122,6,406,100,101,194,129,271,81,68,40,87,0,119,60,0,80,89,401,62,354,99,92,59,448,62,198,0,94,0,0,58
2023-05-04,63,154,77,135,12,467,116,83,213,115,224,59,76,62,96,169,97,63,0,76,79,305,67,380,63,92,75,507,66,252,0,97,0,0,65
2023-05-05,76,188,81,157,40,510,141,96,283,172,194,78,80,66,129,0,99,60,0,78,80,419,47,447,50,92,78,510,66,268,0,89,0,0,67
2023-05-06,67,273,82,214,9,561,176,92,292,248,273,63,64,49,196,36,98,67,0,78,77,573,40,509,77,79,81,563,60,340,0,95,0,0,57
2023-05-07,80,285,77,260,5,650,206,87,279,249,292,74,83,59,173,0,81,51,0,86,93,512,65,556,58,94,62,564,62,275,0,86,0,0,65
2023-05-08,83,223,76,219,5,567,182,81,280,230,215,78,78,60,151,60,99,55,0,75,85,489,70,469,61,65,78,456,60,246,0,93,0,0,69
2023-05-09,69,211,79,167,22,498,142,95,258,174,177,71,81,63,145,113,97,55,0,81,71,422,74,432,88,88,64,502,81,258,0,85,0,0,59
2023-05-10,59,200,76,109,8,413,111,85,207,189,184,74,68,62,111,0,91,57,0,72,69,362,53,358,102,105,88,450,55,194,0,96,0,0,68
2023-05-11,85,192,81,175,24,411,94,96,271,110,188,85,80,70,91,0,106,61,0,88,83,257,71,367,74,96,69,404,63,247,0,86,0,0,62
2023-05-12,78,198,87,144,37,494,151,84,193,123,208,75,74,43,155,0,103,59,0,76,88,451,46,444,65,84,90,532,65,238,0,89,0,0,59
2023-05-13,71,316,80,228,0,461,179,100,286,194,224,63,74,68,159,0,99,53,0,78,59,600,74,532,65,88,82,504,61,297,0,96,0,0,67
2023-05-14,80,231,82,259,36,792,212,93,314,212,238,64,80,72,207,0,96,64,0,75,82,517,73,554,99,92,79,603,69,320,0,77,0,0,59
2023-05-15,77,268,77,169,42,449,172,91,288,217,286,74,77,52,166,21,105,65,0,84,54,527,51,514,54,93,77,506,62,274,0,97,0,0,61
2023-05-16,88,162,79,186,9,325,138,90,274,206,199,69,76,62,126,0,108,58,0,77,87,396,71,424,89,76,76,576,64,296,0,96,0,0,67
2023-05-17,72,172,70,111,4,401,107,86,173,145,162,60,61,55,103,212,100,59,0,76,95,390,69,354,63,95,85,396,56,176,0,80,0,0,65
2023-05-18,101,135,86,135,17,453,105,87,203,76,185,69,67,67,101,0,82,53,0,76,101,329,58,353,71,97,81,341,68,242,0,98,0,0,65
2023-05-19,67,203,86,185,2,455,144,95,159,143,233,81,69,58,134,91,93,71,0,90,74,360,68,435,48,81,86,452,71,220,0,84,0,0,60
2023-05-20,57,215,75,198,27,633,184,87,223,208,265,75,66,57,167,0,98,64,0,79,96,571,75,512,74,101,75,575,63,269,0,100,0,0,60
2023-05-21,73,287,77,174,37,553,205,88,165,199,290,89,80,63,197,0,108,53,0,75,75,569,67,526,78,77,89,632,63,268,0,85,0,0,63
2023-05-22,83,294,82,248,12,448,185,95,266,191,215,73,73,58,162,82,91,55,0,81,86,428,66,527,80,93,83,564,63,273,0,89,0,0,62
2023-05-23,93,213,81,202,38,367,139,85,185,201,197,65,72,70,138,77,92,53,0,73,73,462,51,407,66,95,83,470,56,166,0,85,0,0,72
2023-05-24,71,162,79,127,7,343,103,98,221,139,158,72,68,56,106,77,103,59,0,78,82,341,51,365,91,78,85,434,71,254,0,95,0,0,56
2023-05-25,80,124,84,131,39,446,112,81,207,153,228,81,79,52,81,0,91,51,0,81,74,392,74,365,58,108,82,437,68,227,0,99,0,0,69
2023-05-26,86,155,86,209,27,383,142,89,200,172,239,65,69,50,133,112,69,54,0,91,77,413,57,440,78,89,69,471,64,219,0,93,0,0,59
2023-05-27,70,247,76,195,4,601,190,104,292,210,275,71,74,68,182,0,89,58,0,71,85,532,57,521,55,83,77,584,63,258,0,78,0,0,61
2023-05-28,79,247,74,232,26,615,194,87,255,214,324,78,84,50,185,62,99,50,0,79,91,639,78,558,52,75,81,629,65,338,0,96,0,0,69
2023-05-29,111,199,84,176,42,591,191,96,232,181,251,62,78,66,177,24,90,55,0,90,86,539,55,520,97,99,86,490,60,249,0,90,0,0,61
2023-05-30,76,115,80,165,22,400,146,93,272,169,264,72,88,65,157,5,113,60,0,83,67,452,60,399,101,85,68,478,62,235,0,90,0,0,57
2023-05-31,98,172,80,136,30,269,112,83,179,116,176,92,77,56,78,236,96,67,0,82,76,345,63,366,79,105,75,392,68,152,0,87,0,0,62
2023-06-01,70,190,85,134,0,396,104,90,167,147,192,63,88,51,91,0,82,55,0,76,96,370,66,370,85,88,90,383,61,216,0,99,0,0,61
2023-06-02,75,113,79,176,37,497,153,95,195,175,256,70,68,67,144,0,104,66,0,88,94,373,59,449,84,82,72,453,59,241,0,94,0,0,69
2023-06-03,81,222,75,205,14,554,170,94,263,212,303,74,70,69,164,164,105,58,0,74,110,573,52,504,92,79,77,496,70,271,0,83,0,0,57
2023-06-04,67,269,71,229,30,593,207,101,202,237,273,78,84,68,189,165,113,68,0,76,100,597,73,553,75,94,87,626,54,314,0,97,0,0,68
2023-06-05,79,216,81,206,44,455,177,86,255,191,254,62,67,60,183,0,95,66,0,69,98,484,64,524,84,76,79,578,69,258,0,93,0,0,63
2023-06-06,77,181,85,177,0,440,135,86,252,155,202,52,70,57,158,171,102,55,0,81,97,432,48,435,76,99,70,513,72,206,0,92,0,0,58
2023-06-07,88,152,81,173,44,405,114,94,175,134,232,86,81,84,78,76,113,66,0,78,90,373,71,346,50,75,88,461,61,173,0,83,0,0,65
2023-06-08,110,159,68,107,28,300,112,87,181,156,195,82,84,76,109,0,100,64,0,76,90,366,69,378,64,88,71,394,74,230,0,88,0,0,61
2023-06-09,74,150,86,174,2,454,134,88,207,144,214,78,63,60,165,302,102,55,0,78,95,438,81,424,88,92,65,547,67,254,0,94,0,0,67
2023-06-10,66,192,83,154,43,544,185,89,314,200,312,84,71,51,182,16,96,49,0,83,98,570,60,519,61,84,72,584,61,278,0,90,0,0,63
2023-06-11,84,241,82,263,39,576,208,90,292,251,277,65,61,58,200,0,100,49,0,77,82,563,70,528,65,91,80,533,65,328,0,90,0,0,66
2023-06-12,106,221,85,185,11,522,193,91,254,205,239,92,68,64,209,71,93,61,0,79,105,374,62,517,68,84,82,526,48,253,0,93,0,0,57
2023-06-13,67,179,80,189,36,446,140,80,243,159,204,77,70,58,124,20,102,60,0,79,90,408,59,416,74,101,86,408,69,278,0,91,0,0,70
2023-06-14,92,154,78,141,41,456,118,95,165,136,200,50,64,57,114,0,86,53,0,79,101,410,56,362,73,66,88,406,67,228,0,91,0,0,58
2023-06-15,73,189,87,138,10,330,104,95,189,100,224,75,65,67,84,70,104,59,0,85,61,275,56,383,60,81,86,348,55,212,0,93,0,0,63
2023-06-16,99,229,78,141,50,419,149,99,204,153,194,70,79,56,127,26,82,63,0,72,77,423,65,436,64,76,74,433,67,192,0,86,0,0,63
2023-06-17,74,283,92,210,56,604,179,91,285,173,250,79,80,65,191,0,114,58,0,80,96,440,56,509,88,107,93,593,66,333,0,96,0,0,78
2023-06-18,76,260,78,246,38,557,189,90,266,225,328,65,63,64,210,0,102,57,0,79,79,562,52,549,75,90,61,565,62,313,0,101,0,0,66
2023-06-19,58,230,71,251,6,383,190,89,237,188,270,76,76,51,169,99,101,61,0,79,87,467,72,509,67,80,82,557,62,302,0,85,0,0,62
2023-06-20,77,169,79,179,31,485,149,96,249,186,207,88,75,49,135,0,91,59,0,86,71,407,63,421,80,89,85,526,62,322,0,95,0,0,64
2023-06-21,73,146,81,150,14,435,113,92,179,72,143,66,65,61,114,0,99,48,0,81,61,354,69,358,71,110,70,446,67,209,0,88,0,0,63
2023-06-22,88,113,74,96,1,473,105,96,231,147,240,72,78,70,92,84,121,60,0,85,74,358,63,355,77,100,100,369,69,224,0,92,0,0,53
2023-06-23,76,229,89,131,50,416,132,89,150,150,244,56,71,64,119,0,98,53,0,72,80,368,49,447,69,91,84,450,50,256,0,88,0,0,60
2023-06-24,70,254,78,209,58,516,182,86,289,191,240,77,72,56,172,0,92,58,0,80,57,576,64,540,30,96,85,585,71,334,0,95,0,0,63
2023-06-25,69,293,79,248,27,476,211,77,276,178,325,77,69,70,198,26,100,60,0,81,105,531,76,551,79,87,72,505,64,334,0,84,0,0,64
2023-06-26,100,216,72,207,58,357,182,75,249,254,254,90,76,65,184,70,85,48,0,82,93,486,87,477,45,94,71,549,48,297,0,92,0,0,58
2023-06-27,93,232,77,159,27,469,134,95,245,91,231,76,71,55,116,28,96,56,0,87,69,492,35,434,84,110,81,543,60,261,0,96,0,0,63
2023-06-28,66,149,85,91,33,362,101,78,155,138,181,68,75,53,87,205,97,51,0,74,95,321,65,350,74,97,72,437,58,219,0,91,0,0,65
2023-06-29,75,114,83,170,46,352,114,99,223,124,174,65,74,46,105,11,107,58,0,82,80,285,56,385,71,87,74,385,58,208,0,83,0,0,65
2023-06-30,80,199,73,174,35,382,143,78,219,164,275,67,75,56,129,13,100,59,0,81,93,443,75,420,74,78,70,415,66,233,0,90,0,0,63
2023-07-01,68,248,88,209,52,459,176,88,332,224,264,75,80,0,183,39,0,67,0,80,67,562,78,516,76,88,79,541,79,279,98,97,0,22,62
2023-07-02,87,256,81,213,39,525,208,96,274,214,311,77,59,0,182,0,0,59,0,90,83,521,60,603,61,100,89,603,55,264,0,85,0,0,59
2023-07-03,72,219,76,174,46,519,191,93,317,231,245,71,83,0,163,34,0,55,0,81,83,503,74,532,64,86,100,573,74,353,0,93,0,0,67
2023-07-04,87,182,83,205,15,466,134,104,203,163,252,73,77,0,133,166,0,64,0,74,122,484,44,439,79,75,87,462,68,227,98,87,0,0,64
2023-07-05,76,175,78,99,42,322,116,92,251,99,199,66,62,0,97,83,0,53,0,77,82,333,65,355,78,86,77,443,72,204,0,89,0,0,59
2023-07-06,60,146,83,97,27,416,109,101,207,127,214,84,82,0,80,0,0,60,0,76,77,305,62,370,51,80,83,418,66,259,215,96,0,9,59
2023-07-07,54,187,72,151,42,280,128,84,200,149,217,86,73,0,135,0,0,62,0,89,99,501,44,447,102,99,85,468,67,258,0,92,0,27,66
2023-07-08,74,251,83,210,19,383,190,79,317,195,332,74,72,0,155,68,0,61,0,76,75,430,69,502,76,89,99,641,74,290,0,102,0,5,69
2023-07-09,84,191,87,232,45,592,213,84,272,217,282,74,82,0,208,174,0,54,0,91,90,588,67,550,69,89,66,606,63,347,0,87,0,1,60
2023-07-10,83,232,76,207,25,578,174,92,267,240,270,72,71,0,185,168,0,45,0,77,58,517,74,509,60,72,85,602,58,277,20,92,0,0,64
2023-07-11,92,188,82,124,36,536,138,72,248,152,244,79,72,0,111,65,0,60,0,83,79,470,60,413,96,80,80,471,57,208,0,83,0,24,64
2023-07-12,85,116,77,126,62,439,115,96,184,159,198,70,78,0,84,27,0,62,0,77,69,289,54,373,77,98,94,386,72,171,0,94,0,14,64
2023-07-13,83,154,70,147,46,311,111,95,175,69,175,44,80,0,106,185,0,60,0,83,84,371,41,368,66,91,67,501,64,240,0,81,0,23,55
2023-07-14,76,179,80,181,46,446,136,93,242,139,215,77,68,0,125,94,0,63,0,83,98,520,80,434,60,84,86,473,60,217,0,95,0,0,62
2023-07-15,105,237,88,210,27,568,189,75,264,182,304,73,78,0,190,174,0,55,0,78,105,460,67,478,86,103,75,562,60,329,0,96,0,8,65
2023-07-16,65,254,87,254,63,506,197,93,304,204,328,88,84,0,185,230,0,66,0,80,93,553,61,544,85,100,84,676,75,302,0,92,0,20,64
2023-07-17,93,223,68,190,50,423,180,82,205,189,268,74,79,0,173,0,0,62,0,81,93,502,71,518,75,101,67,573,63,329,139,92,0,9,68
2023-07-18,83,206,83,179,0,449,153,83,274,156,269,74,81,0,156,99,0,69,0,71,65,392,61,420,55,107,80,468,61,206,0,80,0,0,58
2023-07-19,93,184,84,125,55,337,110,89,222,119,181,76,72,0,98,40,0,48,0,81,76,406,54,347,66,78,77,370,64,170,0,93,0,31,69
2023-07-20,72,178,97,134,15,271,107,86,177,76,191,78,75,0,101,29,0,60,0,75,74,428,67,359,90,81,81,528,67,250,93,91,0,6,59
2023-07-21,64,159,75,205,45,500,138,88,325,195,213,63,77,0,134,27,0,65,0,79,88,398,64,446,84,84,76,517,60,265,2,97,0,9,73
2023-07-22,85,237,72,239,41,615,191,86,225,222,278,73,73,0,134,85,0,58,0,78,87,519,42,513,61,95,77,624,75,287,152,81,0,16,61
2023-07-23,67,191,81,276,31,542,198,87,243,161,269,77,80,0,188,1,0,51,0,67,89,544,56,533,81,83,89,636,69,247,9,97,0,45,57
2023-07-24,58,245,79,219,43,486,196,91,211,219,279,70,66,0,180,114,0,66,0,78,76,497,65,517,72,90,96,610,64,270,30,91,0,21,67
2023-07-25,95,211,76,140,56,548,128,85,235,108,219,76,86,0,140,179,0,58,0,79,47,420,53,438,95,73,80,506,72,245,0,96,0,0,60
2023-07-26,68,177,75,131,30,435,109,93,204,157,251,80,73,0,70,0,0,60,0,81,69,351,63,370,62,109,84,389,56,182,0,89,0,7,58
2023-07-27,72,140,90,170,70,340,117,88,167,115,180,72,78,0,106,77,0,59,0,80,59,352,58,365,66,90,89,350,58,239,41,79,0,5,64
2023-07-28,75,222,79,181,41,414,136,88,232,161,252,70,80,0,116,149,0,66,0,79,65,423,73,450,59,72,87,438,66,207,0,105,0,0,70
2023-07-29,101,240,71,231,31,598,178,83,255,204,295,82,77,0,169,43,0,53,0,83,105,518,55,499,57,83,88,553,64,335,50,90,0,24,58
2023-07-30,42,252,80,229,41,597,209,99,303,219,274,72,62,0,179,0,0,55,0,83,85,553,58,535,75,83,52,599,66,322,36,90,0,14,56
2023-07-31,74,264,82,206,33,690,190,91,333,207,246,60,83,0,171,41,0,64,0,81,76,581,55,527,97,95,64,590,58,270,0,87,0,9,67
2023-08-01,101,199,78,180,66,365,143,85,161,123,259,68,83,0,129,34,0,71,0,84,84,365,73,422,67,93,74,495,52,252,0,92,0,26,60
2023-08-02,74,140,80,110,46,353,109,79,191,161,162,71,90,0,102,0,0,63,0,88,82,351,63,382,65,103,69,536,64,218,0,96,0,0,64
2023-08-03,73,154,81,128,46,356,108,76,173,163,195,66,81,0,94,0,0,65,0,75,73,364,79,375,65,92,82,490,69,183,52,88,0,27,63
2023-08-04,85,147,77,166,57,456,141,92,246,149,261,76,86,0,126,89,0,67,0,86,111,475,55,427,87,63,94,486,59,220,176,96,0,34,66
2023-08-05,86,177,83,200,38,361,183,91,288,242,284,69,71,0,201,0,0,60,0,80,73,456,67,527,72,94,76,523,71,314,169,91,0,11,69
2023-08-06,87,260,85,279,30,513,211,85,229,222,324,72,80,0,177,0,0,63,0,85,111,562,59,537,62,92,87,598,49,367,20,81,0,3,58
2023-08-07,69,165,80,225,38,464,178,91,311,146,270,74,65,0,184,46,0,56,0,74,82,571,73,495,60,93,89,533,60,233,0,94,0,8,55
2023-08-08,60,208,75,142,54,548,132,87,247,188,246,80,75,0,131,0,0,52,0,72,81,318,53,427,81,99,88,481,61,265,29,98,0,28,64
2023-08-09,83,192,78,153,56,256,108,84,236,111,202,91,76,0,78,0,0,58,0,88,69,389,71,382,61,80,97,409,69,268,32,90,0,21,63
2023-08-10,70,104,80,106,29,274,113,80,209,116,231,67,74,0,98,117,0,61,0,81,104,382,45,398,77,89,87,375,59,241,0,88,0,12,66
2023-08-11,88,141,83,152,45,348,142,100,248,172,232,70,79,0,138,0,0,58,0,83,72,470,58,411,72,108,77,485,55,229,0,86,0,11,76
2023-08-12,75,233,82,173,24,589,177,98,333,152,279,58,82,0,184,47,0,55,0,84,71,469,59,503,98,102,69,597,62,319,0,100,0,25,56
2023-08-13,64,278,79,193,74,734,204,81,283,198,273,95,70,0,177,0,0,58,0,91,88,573,62,528,71,92,87,614,59,293,73,95,0,14,56
2023-08-14,92,194,82,199,67,457,177,93,229,160,280,74,71,0,185,154,0,62,0,81,99,523,45,522,78,77,64,527,72,221,0,87,0,20,65
2023-08-15,78,244,69,166,51,399,145,100,220,153,203,78,85,0,116,100,0,57,0,74,66,488,73,442,72,102,94,483,68,256,200,90,0,36,67
2023-08-16,67,143,85,113,58,381,117,84,220,128,225,91,74,0,111,0,0,59,0,80,74,336,72,378,72,75,87,426,69,263,72,98,0,29,61
2023-08-17,85,176,86,163,61,485,110,89,257,113,228,70,73,0,109,161,0,58,0,78,62,324,57,358,68,87,75,422,83,244,113,87,0,6,74
2023-08-18,73,211,76,176,23,499,131,91,191,174,249,70,71,0,129,5,0,54,0,78,97,427,68,441,108,103,80,410,68,251,12,90,0,28,63
2023-08-19,86,213,80,193,30,453,193,88,259,187,317,71,77,0,161,127,0,64,0,86,74,573,55,508,49,104,54,542,64,281,48,90,0,13,60
2023-08-20,100,259,86,190,67,592,201,92,311,224,249,65,93,0,169,69,0,69,0,94,71,562,58,562,81,79,94,594,53,350,18,96,0,20,58
2023-08-21,80,222,75,203,72,473,202,89,227,177,231,77,78,0,176,43,0,57,0,79,98,516,59,492,88,85,81,590,69,252,138,96,0,35,61
2023-08-22,58,214,93,157,47,295,137,98,297,159,214,67,71,0,144,0,0,59,0,81,58,336,52,445,86,93,80,447,61,261,0,87,0,45,71
2023-08-23,67,248,80,134,66,442,108,79,196,121,196,71,80,0,114,0,0,61,0,75,62,408,60,362,63,96,88,363,69,245,82,83,0,12,60
2023-08-24,71,171,72,141,44,432,113,93,153,176,198,80,64,0,101,27,0,54,0,80,73,292,64,366,101,89,77,449,59,186,0,101,0,22,65
2023-08-25,88,168,81,134,15,334,145,81,185,144,231,86,62,0,134,0,0,56,0,75,63,429,54,419,81,82,82,464,61,224,123,89,0,17,60
2023-08-26,107,263,72,218,32,571,182,100,223,222,233,77,76,0,172,22,0,56,0,84,105,573,67,536,90,103,75,595,66,294,102,93,0,36,59
2023-08-27,63,272,85,241,75,619,202,91,271,184,258,69,85,0,208,113,0,61,0,79,93,544,68,525,64,86,97,511,74,329,0,98,0,25,59
2023-08-28,69,239,73,235,33,439,184,94,283,193,274,73,68,0,148,13,0,58,0,84,91,598,74,525,116,92,82,608,61,330,24,89,0,21,72
2023-08-29,97,176,83,207,69,469,150,78,216,136,265,72,74,0,134,0,0,59,0,73,90,411,72,446,56,119,91,515,58,218,33,94,0,19,63
2023-08-30,89,197,82,131,43,464,107,89,191,142,166,87,78,0,99,68,0,55,0,83,65,442,68,377,84,80,72,418,65,197,0,86,0,26,64
2023-08-31,96,142,93,163,67,487,111,99,236,140,184,65,66,0,112,33,0,55,0,80,68,343,73,369,85,86,85,443,73,164,111,90,0,23,63
2023-09-01,62,171,81,180,57,419,140,101,235,151,216,71,73,0,115,72,0,55,0,80,74,361,53,434,86,94,98,459,64,265,76,96,0,27,60
2023-09-02,84,209,76,223,45,523,189,80,303,184,282,67,82,0,178,121,0,50,0,84,76,489,66,489,53,91,87,555,57,286,0,103,0,19,56
2023-09-03,71,271,78,208,37,668,193,92,251,223,315,74,70,0,186,0,0,40,0,83,98,525,62,557,82,97,67,564,69,309,0,85,0,31,73
2023-09-04,95,253,79,177,56,506,185,91,292,194,294,79,80,0,181,0,0,51,0,78,70,567,83,510,70,100,82,594,55,297,9,83,0,25,61
2023-09-05,88,191,78,169,65,458,139,91,192,189,238,58,78,0,138,97,0,52,0,84,84,400,68,449,84,90,74,492,65,225,22,96,0,42,57
2023-09-06,85,177,78,158,41,381,120,91,179,105,187,79,75,0,101,29,0,58,0,84,93,366,69,363,88,105,85,318,71,247,10,91,0,13,68
2023-09-07,73,164,72,133,47,441,109,76,157,180,165,58,71,0,115,0,0,53,0,79,81,388,59,362,92,88,80,482,53,209,81,86,0,27,67
2023-09-08,88,244,83,162,69,389,133,101,204,183,240,64,69,0,109,169,0,62,0,81,71,444,60,431,75,103,88,443,65,227,0,94,0,36,63
2023-09-09,57,280,84,202,41,542,194,93,312,200,313,79,77,0,189,63,0,56,0,82,90,514,73,529,81,93,72,561,68,267,33,103,0,31,57
2023-09-10,90,273,75,223,43,594,207,97,324,212,307,80,58,0,186,0,0,62,0,82,68,582,59,557,71,88,63,485,69,313,203,87,0,48,65
2023-09-11,103,269,83,205,42,526,178,101,263,178,290,68,79,0,202,0,0,65,0,73,92,453,63,499,86,86,81,554,49,287,25,88,0,12,57
2023-09-12,71,208,82,159,27,435,136,88,306,158,251,69,72,0,139,0,0,65,0,89,67,472,77,457,91,83,80,474,70,220,222,93,0,44,73
2023-09-13,66,166,74,171,59,342,107,90,161,101,245,75,87,0,110,0,0,47,0,74,91,391,58,350,63,90,86,371,70,237,192,88,0,16,62
2023-09-14,82,154,79,135,27,384,107,92,242,120,212,89,86,0,101,93,0,62,0,84,98,241,53,357,72,84,91,484,76,188,70,98,0,43,56
2023-09-15,87,247,63,153,72,426,136,90,222,203,194,73,78,0,120,17,0,71,0,78,78,394,62,464,79,106,62,476,65,261,104,89,0,12,60
2023-09-16,75,187,83,216,42,490,189,92,255,110,243,67,75,0,181,80,0,57,0,82,87,512,59,515,61,106,92,603,62,311,18,99,0,46,68
2023-09-17,66,272,79,241,63,559,213,84,322,159,270,64,72,0,201,0,0,62,0,70,97,478,55,548,63,83,77,619,68,401,30,94,0,32,58
2023-09-18,83,290,84,213,57,478,187,101,346,223,281,76,83,0,206,133,0,67,0,75,98,543,61,505,66,77,83,513,58,330,115,88,0,43,62
2023-09-19,57,182,83,227,47,480,142,87,244,214,220,76,73,0,131,24,0,61,0,79,72,404,72,453,57,110,78,467,54,247,62,90,0,67,64
2023-09-20,82,187,78,132,54,399,110,92,218,121,189,79,76,0,97,0,0,60,0,90,80,408,52,348,38,79,69,440,59,253,50,90,0,50,65
2023-09-21,82,147,89,128,64,445,102,89,153,97,184,69,76,0,113,147,0,67,0,82,68,373,47,353,55,88,62,397,70,200,17,95,0,41,61
2023-09-22,59,232,82,195,49,435,139,98,242,173,217,58,69,0,143,88,0,53,0,86,100,409,71,433,85,94,73,459,56,257,42,99,0,54,62
2023-09-23,80,231,81,214,60,464,192,91,251,180,303,88,81,0,171,36,0,66,0,85,71,541,58,534,61,105,74,550,66,324,217,91,0,42,65
2023-09-24,89,232,79,239,69,589,209,88,265,209,293,74,80,0,206,257,0,51,0,84,78,563,62,564,68,95,94,492,68,295,0,90,0,31,73
2023-09-25,85,266,83,195,31,412,187,83,269,255,275,85,77,0,192,50,0,60,0,72,82,546,65,519,85,84,81,575,69,330,0,86,0,45,60
2023-09-26,69,143,87,180,58,455,146,91,253,158,262,74,72,0,133,51,0,64,0,83,82,471,63,414,64,87,74,457,58,268,14,99,0,52,58
2023-09-27,85,153,78,103,43,369,111,90,274,96,209,68,75,0,99,0,0,64,0,87,83,348,47,369,67,82,73,417,49,256,0,91,0,39,63
2023-09-28,75,166,82,135,71,445,106,95,170,151,198,81,76,0,115,0,0,56,0,89,75,430,47,363,94,97,92,405,63,214,119,92,0,45,59
2023-09-29,60,191,78,161,56,323,138,96,163,159,218,72,77,0,146,183,0,67,0,73,82,435,76,444,74,98,92,518,74,273,28,88,0,18,63
2023-09-30,98,300,73,216,63,581,195,87,300,229,276,68,74,0,182,54,0,55,0,79,100,499,65,519,95,77,90,534,74,332,231,83,0,22,67
2023-10-01,85,275,86,219,66,584,200,88,295,188,295,61,85,0,189,52,0,57,12,87,91,643,66,542,77,92,76,624,67,321,90,96,15,36,74
2023-10-02,86,250,71,196,45,456,177,97,309,180,290,81,66,0,178,50,0,61,4,78,106,614,53,512,56,88,71,464,64,347,139,94,23,19,59
2023-10-03,84,204,79,159,83,556,141,76,183,186,219,80,77,0,129,0,0,55,0,80,74,352,57,451,66,80,78,447,74,243,93,96,0,32,58
2023-10-04,109,158,79,141,62,336,110,93,261,119,212,85,78,0,102,0,0,56,83,80,73,387,60,359,87,90,82,392,62,219,78,97,0,33,70
2023-10-05,84,218,87,132,54,361,106,96,191,110,201,67,75,0,84,86,0,67,21,85,88,388,65,344,68,89,60,367,59,176,0,89,22,40,60
2023-10-06,88,178,75,184,51,446,149,79,223,194,199,65,69,0,141,12,0,53,58,85,52,374,60,446,81,98,83,522,66,234,49,95,6,21,57
2023-10-07,68,225,78,210,76,702,184,84,275,218,310,78,77,0,170,86,0,56,0,75,94,548,52,523,65,103,71,448,80,298,113,90,71,34,65
2023-10-08,100,283,76,246,45,565,203,79,312,225,295,87,83,0,192,44,0,62,0,84,82,580,74,558,68,103,104,677,60,284,105,94,0,35,62
2023-10-09,94,262,81,206,87,648,182,89,262,192,301,66,68,0,188,201,0,57,40,87,85,461,56,509,69,85,82,573,55,249,129,90,19,42,55
2023-10-10,99,196,85,153,53,431,140,95,211,159,277,75,78,0,131,0,0,68,61,81,90,460,71,424,75,107,78,389,61,228,0,91,0,37,66
2023-10-11,53,212,81,101,47,473,121,91,213,66,178,77,79,0,103,52,0,53,128,82,88,391,72,363,100,93,82,500,61,203,0,91,9,33,65
2023-10-12,86,181,94,123,74,374,110,93,147,142,197,64,65,0,109,47,0,57,86,80,92,371,60,371,82,75,74,470,67,231,82,89,18,55,72
2023-10-13,95,203,78,177,55,442,136,77,218,197,218,76,76,0,123,0,0,64,0,85,87,430,75,449,74,89,98,460,68,256,0,94,89,31,60
2023-10-14,62,234,80,192,67,499,193,81,257,143,273,77,75,0,175,55,0,53,34,91,90,615,70,528,84,86,80,596,63,323,87,94,19,36,59
2023-10-15,88,243,72,208,71,513,193,93,247,230,332,86,78,0,198,0,0,59,0,80,112,509,67,540,92,82,77,558,54,335,0,93,36,67,61
2023-10-16,102,210,70,208,57,414,190,93,211,195,282,70,88,0,171,0,0,58,0,74,86,482,67,503,68,104,92,568,63,292,0,90,0,34,61
2023-10-17,103,230,73,167,77,507,129,95,166,187,231,70,75,0,138,66,0,65,59,66,59,414,65,430,87,83,84,507,79,229,103,82,0,39,72
2023-10-18,100,136,81,134,76,261,114,113,218,114,213,64,79,0,94,102,0,53,163,81,58,355,60,386,80,85,71,363,64,165,185,94,0,30,57
2023-10-19,76,172,82,118,62,359,107,79,183,144,172,85,69,0,104,0,0,61,0,83,96,395,95,353,80,74,83,408,72,170,0,90,76,56,63
2023-10-20,84,170,73,158,51,458,149,77,174,126,235,61,74,0,134,90,0,69,48,97,72,429,70,445,56,87,84,466,56,302,56,93,0,36,61
2023-10-21,79,277,85,209,42,492,179,100,254,191,242,77,81,0,178,0,0,57,43,80,103,569,69,496,49,90,89,564,67,284,0,76,17,61,65
2023-10-22,101,203,77,260,64,556,199,95,277,211,282,58,86,0,192,0,0,71,0,87,71,493,71,514,97,88,91,548,64,306,268,91,44,60,64
2023-10-23,99,271,72,221,81,488,190,92,205,146,298,95,71,0,181,0,0,71,101,84,75,553,62,516,79,93,85,702,69,330,113,87,56,47,62
2023-10-24,88,160,82,177,93,432,149,81,183,163,290,60,75,0,132,0,0,57,4,80,73,370,66,434,62,76,98,492,63,267,0,90,13,39,63
2023-10-25,93,124,87,103,55,351,102,80,162,143,184,73,77,0,112,0,0,55,0,73,67,426,77,377,54,107,71,410,75,195,0,86,0,37,64
2023-10-26,72,196,91,121,101,481,108,92,199,102,221,81,69,0,113,61,0,64,54,86,110,378,74,375,67,86,81,423,63,203,185,82,48,42,64
2023-10-27,93,215,70,170,57,422,148,90,218,104,223,84,80,0,131,71,0,61,68,87,123,434,67,433,64,106,86,433,59,307,32,91,0,57,55
2023-10-28,99,210,71,245,55,672,188,103,263,197,246,71,77,0,186,0,0,61,49,76,69,510,71,541,73,79,94,495,69,353,62,90,20,66,64
2023-10-29,83,232,72,214,58,591,202,78,284,297,277,76,74,0,199,48,0,57,0,90,65,552,53,568,87,91,74,631,58,323,0,101,58,44,68
2023-10-30,104,253,80,222,75,414,191,99,305,169,296,69,67,0,189,49,0,64,48,76,69,610,48,506,70,98,89,564,53,327,0,88,0,44,68
2023-10-31,79,191,90,159,63,364,139,91,231,132,229,87,77,0,141,0,0,55,28,82,66,419,63,446,66,83,76,474,80,238,203,94,28,56,62
2023-11-01,81,141,73,123,83,314,107,97,238,222,183,71,82,0,97,73,0,54,0,99,79,315,52,372,77,97,68,473,59,176,0,97,0,34,57
2023-11-02,94,219,87,157,28,253,118,86,209,139,177,65,80,0,99,0,0,69,102,86,94,381,52,358,66,100,74,452,66,220,122,85,68,72,65
2023-11-03,85,162,77,160,72,469,150,89,260,172,287,64,80,0,126,0,0,58,122,86,74,498,59,433,61,86,85,483,71,266,3,81,53,42,64
2023-11-04,51,240,79,200,97,605,188,90,158,157,255,82,71,0,182,126,0,61,110,87,94,458,56,531,56,86,81,502,67,324,0,97,0,38,65
2023-11-05,71,264,77,236,88,443,197,89,270,211,286,75,75,0,209,31,0,58,141,82,71,543,68,548,80,97,64,583,60,283,56,93,62,64,57
2023-11-06,73,264,82,197,52,551,187,91,310,137,316,76,80,0,204,16,0,53,0,74,84,564,52,515,90,92,81,545,64,283,104,90,6,60,70
2023-11-07,95,133,67,188,92,484,141,87,198,150,232,82,90,0,140,173,0,54,0,78,80,421,53,430,74,100,97,453,63,239,74,99,27,23,58
2023-11-08,71,130,85,136,51,387,95,93,193,150,218,72,80,0,114,206,0,57,127,82,98,400,71,377,103,106,91,463,76,203,42,96,9,59,68
2023-11-09,69,166,81,173,81,338,112,101,166,140,171,70,80,0,133,85,0,62,18,82,82,306,44,355,69,84,87,466,65,238,47,81,37,68,60
2023-11-10,96,164,77,168,98,445,142,91,255,161,268,79,87,0,131,40,0,60,0,88,73,458,49,457,63,84,83,461,54,237,96,93,74,57,68
2023-11-11,79,253,82,182,47,539,200,97,218,189,314,74,85,0,158,199,0,51,96,94,90,445,51,505,66,90,80,563,69,279,76,90,32,51,57
2023-11-12,71,248,73,247,90,646,190,95,270,258,302,54,64,0,198,0,0,58,0,88,63,518,60,574,66,91,74,682,60,276,184,86,51,51,70
2023-11-13,91,241,87,231,75,488,192,91,251,227,270,88,78,0,166,235,0,66,143,98,64,458,50,495,77,105,76,661,74,249,31,79,51,78,60
2023-11-14,63,200,72,211,111,476,145,71,134,182,251,71,60,0,126,0,0,66,0,81,75,505,64,433,75,87,87,496,60,264,159,83,61,29,65
2023-11-15,80,161,84,168,67,298,110,89,216,139,180,64,71,0,107,113,0,58,0,81,86,351,63,358,67,93,75,371,64,224,78,83,12,60,53
2023-11-16,97,222,82,150,81,413,109,94,187,81,231,89,80,0,92,0,0,58,26,72,88,398,68,375,88,81,65,383,68,240,215,96,0,57,68
2023-11-17,56,232,75,202,64,436,147,88,232,105,208,70,80,0,116,179,0,63,77,77,93,469,69,444,65,99,70,440,58,326,133,90,9,56,67
2023-11-18,88,258,80,216,69,544,170,100,258,202,295,54,73,0,180,79,0,64,185,81,100,556,68,525,89,81,81,589,67,307,0,104,56,55,57
2023-11-19,81,235,73,220,81,560,210,93,320,242,285,80,77,0,196,19,0,55,19,82,83,522,60,546,82,111,93,589,77,344,0,100,65,40,66
2023-11-20,81,266,78,204,86,493,189,97,241,230,308,72,64,0,171,40,0,66,0,78,95,469,61,511,63,82,85,582,63,305,0,85,77,78,66
2023-11-21,68,147,79,170,58,413,134,91,216,134,203,94,78,0,142,65,0,60,58,87,98,393,77,453,98,92,89,479,62,230,80,87,110,67,66
2023-11-22,80,124,77,178,65,350,122,89,218,117,221,85,76,0,108,148,0,56,92,85,91,354,57,343,79,90,88,371,65,236,0,93,50,41,61
2023-11-23,91,159,88,149,73,343,116,87,184,126,178,74,80,0,110,51,0,52,96,79,94,372,69,368,65,90,74,355,59,207,168,94,0,33,61
2023-11-24,68,208,73,163,75,474,147,98,223,191,258,69,69,0,136,240,0,61,29,69,96,422,70,431,98,83,89,541,71,222,55,88,29,76,61
2023-11-25,97,251,78,193,79,578,184,85,236,226,269,78,77,0,163,22,0,58,0,81,78,518,64,538,76,96,80,617,60,299,74,97,72,80,67
2023-11-26,66,307,81,200,64,675,202,94,266,193,327,68,76,0,183,148,0,55,27,86,115,538,60,570,81,98,84,627,75,272,0,97,75,53,66
2023-11-27,93,276,78,255,57,516,170,97,289,223,296,82,70,0,175,166,0,56,0,83,90,534,69,513,70,94,75,574,60,302,0,93,71,69,62
2023-11-28,94,243,86,166,103,436,152,96,337,148,239,69,73,0,131,129,0,52,85,87,110,501,48,457,79,79,76,492,63,208,45,100,103,47,59
2023-11-29,90,148,78,98,46,319,106,88,150,150,181,81,78,0,112,0,0,46,125,79,84,464,57,348,68,101,90,397,63,205,109,83,50,67,63
2023-11-30,88,101,81,125,85,354,110,90,254,155,179,65,80,0,105,44,0,55,11,86,110,411,63,379,79,94,93,483,70,204,0,94,38,67,66
2023-12-01,77,256,75,180,85,348,138,102,228,155,250,86,76,0,136,0,0,57,0,79,98,450,64,425,86,76,75,486,58,214,0,84,29,55,57
2023-12-02,116,294,93,239,80,516,194,96,295,160,274,56,73,0,161,135,0,61,44,83,71,483,62,506,77,105,89,564,72,286,84,94,48,58,62
2023-12-03,88,259,82,224,75,564,206,105,318,216,323,75,81,0,198,52,0,53,164,79,75,534,74,577,60,97,85,610,60,303,0,85,119,64,68
2023-12-04,86,273,78,194,81,494,192,85,232,180,302,67,75,0,157,48,0,51,13,86,52,436,73,510,98,83,75,556,72,300,0,91,47,76,62
2023-12-05,82,191,80,174,86,434,130,96,208,197,271,75,78,0,128,149,0,55,214,85,83,542,81,444,66,100,100,561,61,242,20,99,42,69,57
2023-12-06,105,145,83,133,93,434,111,99,168,142,212,62,83,0,100,185,0,54,0,84,97,351,72,407,65,87,84,418,80,223,132,93,25,58,68
2023-12-07,104,185,91,123,64,349,106,88,217,145,214,67,75,0,96,90,0,53,0,79,87,373,54,350,64,93,68,451,69,224,0,87,84,51,71
2023-12-08,61,207,84,183,75,332,144,92,183,152,176,55,75,0,142,29,0,56,89,84,59,410,61,443,60,106,77,432,62,242,0,98,28,72,64
2023-12-09,102,205,72,162,105,465,198,99,298,215,280,82,77,0,153,0,0,65,164,87,75,516,75,514,69,81,83,621,63,359,80,97,2,59,61
2023-12-10,60,272,85,200,115,657,215,89,301,274,296,80,73,0,211,267,0,60,0,81,96,628,61,563,57,104,92,642,65,325,127,91,103,72,58
2023-12-11,95,200,84,226,68,558,177,82,230,227,311,86,77,0,161,189,0,55,57,88,83,559,67,521,87,117,101,482,57,282,0,89,70,51,59
2023-12-12,80,218,71,158,93,495,146,109,202,172,196,71,84,0,131,211,0,60,0,74,101,466,71,449,76,97,68,474,63,259,106,91,0,33,68
2023-12-13,69,145,80,115,50,374,108,93,201,128,246,81,78,0,97,288,0,64,0,80,86,335,65,364,73,89,88,473,65,195,70,97,63,64,62
2023-12-14,98,160,81,151,58,438,110,98,191,94,218,71,76,0,108,96,0,60,45,81,76,368,61,355,93,102,77,433,64,251,61,89,86,88,57
2023-12-15,77,188,73,130,83,402,132,99,206,150,261,71,76,0,128,69,0,61,0,79,105,457,74,452,58,86,101,567,64,312,35,85,101,74,66
2023-12-16,78,199,77,183,105,471,186,90,224,212,297,64,89,0,159,0,0,53,172,84,62,516,70,521,78,101,76,594,66,303,70,102,30,78,66
2023-12-17,95,237,78,235,70,606,214,99,342,190,291,96,71,0,182,73,0,53,72,70,99,576,63,540,74,75,81,565,57,362,147,90,61,65,62
2023-12-18,85,273,72,187,97,572,192,93,255,207,278,71,68,0,173,0,0,62,109,77,83,595,67,498,76,95,88,594,71,331,176,92,114,65,65
2023-12-19,68,171,83,146,57,516,131,93,219,133,261,87,73,0,135,110,0,55,98,76,62,425,64,420,86,87,69,412,61,226,210,97,63,80,55
2023-12-20,99,140,74,119,94,302,108,91,238,150,186,95,78,0,99,0,0,56,0,87,96,466,61,378,76,99,80,464,69,231,163,94,89,75,69
2023-12-21,85,172,72,109,98,453,120,93,241,109,186,88,85,0,97,104,0,49,193,82,98,380,57,373,43,103,67,412,64,197,118,92,46,59,60
2023-12-22,102,192,75,164,114,519,159,89,275,140,198,93,74,0,121,3,0,64,121,89,90,469,63,421,74,111,91,486,79,234,25,84,74,88,61
2023-12-23,103,296,76,211,75,477,177,93,356,176,256,73,77,0,155,102,0,63,134,78,88,614,70,519,63,104,73,627,57,235,6,97,95,60,64
2023-12-24,70,326,74,253,54,552,208,90,302,205,279,77,76,0,165,197,0,64,13,78,97,558,56,564,88,91,80,614,51,326,53,100,31,67,62
2023-12-25,70,254,74,212,98,562,181,95,201,196,285,84,86,0,187,231,0,57,96,85,89,479,61,528,77,97,70,554,67,252,7,91,58,76,64
2023-12-26,66,204,88,178,79,500,125,83,260,175,219,90,73,0,128,41,0,68,280,88,96,410,61,438,59,103,88,518,69,309,42,86,122,73,61
2023-12-27,71,157,77,134,97,250,108,96,193,116,185,78,74,0,115,0,0,62,69,87,77,370,55,365,63,95,89,500,63,224,165,98,72,67,68
2023-12-28,78,166,80,116,81,439,109,102,273,145,187,71,67,0,118,213,0,49,61,77,95,434,81,361,81,101,80,407,67,236,7,97,60,77,58
2023-12-29,83,234,76,194,69,494,140,81,248,180,249,64,80,0,137,113,0,57,126,90,93,425,59,427,75,75,89,482,61,268,101,96,85,66,65
2023-12-30,99,227,80,181,101,446,186,92,226,228,308,67,81,0,181,111,0,66,42,101,68,480,64,513,69,89,87,599,63,259,52,97,14,75,68
2023-12-31,62,259,74,248,72,614,201,96,286,281,277,69,79,0,216,45,0,67,0,84,68,652,67,560,75,75,88,602,72,257,240,84,94,54,64
