Date,CFP,TZP,FFG,CBL,VFJ,WFR,EZM,BTM,WNB,EFX,ZZN,AFI,FLR,DNQ,CZF,WTO,GZW,THB,BZX,GRJ,UNU,SNM,UTE,ZTD,ANS,DTU,BLA,XTV,CVB,VZY,DHG,DLJ,AVT,XZG,FTB
2025-01-01,292,0,0,274,944,1823,302,333,1857,248,1995,384,0,363,238,848,0,585,329,0,774,588,0,2145,323,247,235,1064,301,611,233,442,259,1038,332
2025-01-02,316,0,0,258,782,1877,346,287,1687,247,2425,348,0,293,213,758,0,613,261,0,872,547,0,2168,371,278,302,988,270,706,264,347,327,916,333
2025-01-03,333,0,0,237,941,1679,304,253,1450,251,1854,318,0,446,231,647,0,780,239,0,825,482,0,2057,316,243,320,1170,242,622,228,404,299,1066,313
2025-01-04,303,0,0,274,1041,1691,337,309,1816,245,1403,354,0,343,200,676,0,562,294,0,588,534,0,2001,321,262,288,865,345,623,211,263,318,764,303
2025-01-05,289,0,0,207,658,1689,271,341,1646,242,1743,436,0,323,267,709,0,472,306,0,443,505,0,1967,377,269,301,947,254,648,244,356,352,806,334
2025-01-06,299,0,0,278,912,1766,319,414,1852,253,1840,384,0,421,252,791,0,675,242,0,1016,531,0,2084,359,302,338,605,254,745,211,424,287,797,337
2025-01-07,308,0,0,319,754,1771,310,272,2040,274,1863,336,0,352,196,660,0,598,338,0,848,582,0,2184,323,250,287,1072,238,652,253,346,323,925,321
2025-01-08,304,0,0,234,1095,1807,324,366,1927,244,1569,410,0,476,235,871,0,576,286,0,928,609,0,2184,252,221,280,1508,250,653,239,323,362,1094,322
2025-01-09,321,0,0,253,1013,1813,349,342,1707,228,1932,370,0,279,178,670,0,638,277,0,1032,559,0,2168,344,238,264,1245,271,590,247,227,285,799,320
2025-01-10,281,0,0,291,799,1690,309,277,1575,255,1630,347,0,477,236,758,0,527,217,0,513,512,0,2052,341,313,283,875,314,679,242,394,292,981,320
2025-01-11,316,0,0,253,647,1671,350,311,1910,246,1424,367,0,476,258,689,0,636,337,0,780,457,0,2042,353,258,316,865,262,503,233,322,326,873,332
2025-01-12,282,0,0,264,839,1700,338,364,1466,272,2409,411,0,246,231,751,0,346,335,0,775,523,0,2014,324,274,315,1143,231,640,221,424,334,740,323
2025-01-13,347,0,0,268,970,1750,315,340,1353,251,1985,371,0,343,229,664,0,696,214,0,677,538,0,2060,354,286,269,798,253,718,246,333,319,678,327
2025-01-14,300,0,0,233,725,1823,343,270,1492,246,1963,341,0,355,241,827,0,699,324,0,1024,590,0,2122,373,275,253,707,338,700,204,443,289,1030,350
2025-01-15,282,0,0,237,936,1833,328,376,1201,260,1977,377,0,279,264,811,0,597,331,0,638,530,0,2224,283,256,302,1358,246,738,264,254,319,1245,304
2025-01-16,314,0,0,326,888,1854,325,359,1954,256,1869,328,0,289,215,771,0,718,284,0,709,552,0,2071,321,291,327,1006,297,640,226,340,327,911,349
2025-01-17,318,0,0,278,723,1743,313,410,1557,240,1121,381,0,387,267,707,0,690,263,0,958,521,0,2028,310,247,301,1082,272,649,237,481,365,867,308
2025-01-18,319,0,0,281,975,1743,355,275,1467,253,2239,410,0,272,178,663,0,506,301,0,792,538,0,2013,318,261,362,892,301,567,228,285,324,752,331
2025-01-19,295,0,0,254,762,1757,273,302,1876,244,1773,350,0,268,181,622,0,579,268,0,564,502,0,1986,370,334,341,1141,240,492,223,334,327,1057,312
2025-01-20,286,0,0,293,932,1712,321,318,1909,244,2031,347,0,417,212,722,0,690,283,0,792,535,0,2044,289,270,310,1055,323,514,252,363,360,907,342
2025-01-21,293,0,0,242,849,1776,331,273,1617,243,2268,380,0,328,191,798,0,593,286,0,903,553,0,2210,352,234,279,1145,317,671,219,395,338,901,330
2025-01-22,337,0,0,350,979,1867,370,385,2030,262,1288,351,0,388,178,813,0,783,248,0,896,597,0,2231,336,260,292,891,320,690,244,431,326,860,308
2025-01-23,317,0,0,340,953,1782,299,315,1321,257,1695,410,0,246,231,765,0,617,304,0,779,533,0,2097,353,285,250,1038,263,645,269,494,301,812,334
2025-01-24,300,0,0,219,978,1730,283,392,1727,241,2091,350,0,403,224,727,0,547,310,0,793,566,0,2101,353,241,309,907,284,581,204,253,321,984,358
2025-01-25,310,0,0,270,941,1692,341,260,1462,255,2126,330,0,408,246,754,0,432,272,0,785,532,0,1988,385,229,294,886,274,585,219,458,301,1006,335
2025-01-26,320,0,0,274,902,1714,330,259,1412,260,1865,374,0,432,243,575,0,488,325,0,718,501,0,1970,416,206,288,1010,242,543,265,386,328,999,326
2025-01-27,299,0,0,278,797,1771,334,251,1820,265,2140,373,0,404,224,798,0,646,269,0,914,485,0,2101,376,236,297,967,274,518,225,390,361,985,320
2025-01-28,267,0,0,235,1167,1879,303,355,1352,238,2023,382,0,319,261,749,0,616,270,0,720,619,0,2099,404,248,286,790,326,603,245,403,344,911,317
2025-01-29,314,0,0,297,641,1922,337,309,1644,252,1685,357,0,283,253,775,0,606,295,0,853,611,0,2196,368,255,297,965,276,627,235,323,299,796,316
2025-01-30,348,0,0,220,572,1762,356,314,1497,242,2268,391,0,256,187,772,0,632,388,0,878,557,0,2066,344,234,318,1106,294,664,241,447,319,1210,323
2025-01-31,335,0,0,239,692,1792,288,316,1728,250,1854,269,0,457,219,692,0,567,209,0,621,501,0,2091,369,255,311,1092,300,740,206,260,396,1032,301
2025-02-01,294,0,0,261,1179,1693,347,359,1708,275,1972,307,0,434,235,757,0,601,278,0,617,447,0,2034,322,252,282,1110,231,645,221,429,316,617,312
2025-02-02,311,0,0,291,966,1656,341,275,2026,245,2433,313,0,357,229,712,0,558,241,0,566,503,0,1945,398,273,244,1128,360,657,243,313,306,912,345
2025-02-03,317,0,0,212,916,1680,307,380,1781,250,1635,333,0,333,261,661,0,652,318,0,880,513,0,2158,346,296,317,1039,299,681,254,348,312,846,312
2025-02-04,287,0,0,274,944,1889,298,297,1918,251,2128,435,0,398,252,809,0,599,308,0,838,632,0,2107,347,253,323,1074,250,674,231,431,369,841,308
2025-02-05,305,0,0,321,964,1836,312,307,1689,257,2450,390,0,392,264,719,0,746,278,0,975,527,0,2099,335,276,327,1055,275,778,247,446,343,899,346
2025-02-06,307,0,0,226,1036,1905,339,315,1997,223,2002,439,0,266,256,821,0,605,278,0,735,604,0,2149,342,293,328,845,292,711,210,257,300,984,354
2025-02-07,293,0,0,237,965,1775,346,317,1460,252,2169,354,0,239,205,761,0,653,354,0,841,527,0,2014,277,250,299,936,289,655,249,356,397,873,329
2025-02-08,281,0,0,277,1151,1663,293,290,1764,258,2247,352,0,262,229,724,0,545,242,0,794,535,0,2029,313,267,291,1257,285,660,266,420,351,772,322
2025-02-09,310,0,0,277,656,1711,332,259,1605,254,2014,409,0,377,281,645,0,571,352,0,926,472,0,1969,352,246,256,754,200,630,204,344,351,940,310
2025-02-10,311,0,0,278,934,1755,344,316,1081,271,2100,358,0,346,193,716,0,593,274,0,624,535,0,2123,390,219,303,981,278,547,213,369,313,874,312
2025-02-11,262,0,0,262,933,1825,336,343,1652,246,2479,337,0,258,233,801,0,625,261,0,681,581,0,2180,340,238,368,1241,281,723,244,373,345,700,323
2025-02-12,269,0,0,286,1327,1851,311,326,1932,260,1339,397,0,288,223,722,0,712,253,0,731,631,0,2140,366,234,327,916,323,776,254,354,316,574,303
2025-02-13,290,0,0,293,1183,1907,295,401,1670,247,1685,383,0,327,191,817,0,698,351,0,879,526,0,2167,297,213,332,1462,223,622,214,433,361,1130,333
2025-02-14,322,0,0,317,1180,1799,331,332,1820,260,1784,403,0,339,232,747,0,484,262,0,910,519,0,2077,322,269,275,1201,308,590,228,464,327,875,359
2025-02-15,295,0,0,265,501,1702,318,248,1574,239,1825,337,0,341,255,583,0,517,208,0,904,460,0,1989,366,266,326,1185,214,546,254,339,304,882,318
2025-02-16,324,0,0,257,810,1697,350,371,1492,251,2262,427,0,390,245,765,0,731,183,0,810,485,0,1917,361,300,265,745,312,647,226,371,323,552,327
2025-02-17,271,0,0,231,806,1773,327,300,1212,255,1519,398,0,351,227,727,0,737,247,0,868,508,0,1994,311,278,314,895,204,606,243,355,329,733,307
2025-02-18,319,0,0,277,1053,1761,313,407,2040,245,1907,388,0,383,228,853,0,615,288,0,669,664,0,2152,295,292,302,1135,252,693,219,448,310,900,352
2025-02-19,319,0,0,229,752,1869,332,296,2255,246,2495,430,0,358,249,720,0,637,275,0,844,568,0,2189,266,247,287,1083,316,690,253,324,395,1144,314
2025-02-20,316,0,0,269,1005,1931,326,333,1790,249,2162,351,0,269,191,780,0,616,314,0,1096,553,0,2127,386,219,338,1078,266,707,266,404,290,1070,318
2025-02-21,309,0,0,204,757,1799,307,304,2217,252,1916,323,0,333,249,688,0,682,277,0,850,507,0,2068,383,285,313,658,287,471,221,334,264,1060,326
2025-02-22,318,0,0,273,957,1618,329,387,1415,268,1544,358,0,316,238,745,0,507,306,0,710,462,0,2024,366,228,301,861,250,604,221,265,325,932,314
2025-02-23,286,0,0,276,1067,1695,353,263,1509,244,1627,368,0,353,215,738,0,547,240,0,569,520,0,2076,324,197,326,994,262,653,221,386,289,751,328
2025-02-24,296,0,0,269,1009,1719,312,345,1419,262,2025,413,0,272,204,627,0,572,282,0,699,524,0,1970,237,210,311,920,283,658,251,360,296,627,303
2025-02-25,288,0,0,266,890,1768,302,278,1457,254,1942,304,0,378,254,794,0,767,291,0,766,546,0,2138,341,299,260,742,282,656,207,345,334,811,349
2025-02-26,302,0,0,297,932,1912,335,315,1956,263,2177,355,0,251,232,825,0,625,278,0,901,618,0,2197,342,300,295,1231,273,776,260,298,312,1034,336
2025-02-27,324,0,0,275,1008,1802,331,352,2011,257,2337,393,0,381,235,886,0,664,293,0,831,544,0,2161,372,256,302,916,261,649,233,310,319,759,306
2025-02-28,292,0,0,202,782,1749,318,299,1800,255,1637,408,0,185,221,745,0,495,306,0,780,561,0,2047,376,246,315,1160,239,589,213,394,344,874,335
2025-03-01,290,0,0,255,1049,1696,296,269,1937,254,1581,365,0,351,238,735,0,608,294,0,971,478,0,2017,337,240,225,909,179,614,276,344,283,677,326
2025-03-02,317,0,0,263,741,1743,338,407,1942,241,1962,305,0,242,219,714,0,622,296,0,736,472,0,2010,351,269,359,891,253,620,235,415,335,1048,321
2025-03-03,316,0,0,203,831,1764,349,423,2140,256,1865,356,0,470,268,774,0,591,292,0,674,544,0,2085,362,223,317,756,272,578,219,382,397,784,314
2025-03-04,259,0,0,269,1032,1881,321,277,1516,244,1910,360,0,375,217,818,0,597,293,0,967,590,0,2086,309,293,277,997,292,669,243,364,317,925,332
2025-03-05,305,0,0,232,879,1841,344,339,2002,242,2502,412,0,303,213,843,0,624,313,0,1110,545,0,2130,363,245,279,1014,338,685,219,228,306,980,340
2025-03-06,329,0,0,188,899,1843,315,274,1913,260,2109,341,0,341,251,834,0,766,323,0,813,580,0,2223,331,281,317,1132,328,737,256,407,400,589,327
2025-03-07,315,0,0,237,1044,1774,295,330,1558,247,2070,343,0,365,231,781,0,599,264,0,900,547,0,2035,337,264,259,943,277,584,201,406,271,852,295
2025-03-08,308,0,0,282,762,1715,364,439,2028,248,1620,345,0,333,192,753,0,639,351,0,978,494,0,1974,386,212,307,1283,195,545,229,326,334,944,353
2025-03-09,311,0,0,225,854,1675,293,334,1589,244,1664,405,0,232,285,806,0,392,243,0,797,476,0,1973,317,235,256,610,217,654,265,379,323,898,318
2025-03-10,295,0,0,280,1035,1859,322,280,1513,261,1909,418,0,397,183,725,0,617,386,0,804,542,0,2045,375,233,302,854,259,642,233,369,352,726,299
2025-03-11,304,0,0,247,984,1849,358,367,2115,252,2239,389,0,356,272,741,0,754,278,0,835,546,0,2127,302,236,316,803,302,612,219,454,329,868,346
2025-03-12,337,0,0,257,971,1902,322,289,1777,260,1987,377,0,253,214,848,0,700,300,0,861,626,0,2222,351,274,302,987,296,595,230,477,342,1171,325
2025-03-13,305,0,0,262,953,1853,324,311,1855,261,1751,372,0,482,186,754,0,594,332,0,687,556,0,2174,272,262,273,1402,296,714,233,352,311,679,340
2025-03-14,278,0,0,268,924,1770,301,283,1438,238,2028,394,0,423,233,714,0,642,361,0,629,557,0,2124,301,244,319,1045,352,618,221,334,318,762,322
2025-03-15,308,0,0,229,1005,1641,331,405,1830,257,1446,361,0,390,238,676,0,456,288,0,550,552,0,1968,334,244,280,1043,241,607,250,309,313,705,307
2025-03-16,260,0,0,329,868,1680,336,296,1937,249,1746,401,0,358,239,735,0,469,243,0,687,459,0,1972,366,280,303,1011,260,630,248,293,331,822,317
2025-03-17,301,0,0,250,792,1748,314,366,1697,260,1771,392,0,383,225,756,0,727,299,0,831,520,0,2001,299,268,308,1207,292,646,226,407,352,767,332
2025-03-18,282,0,0,276,1140,1875,333,276,1651,245,1743,370,0,410,222,816,0,678,292,0,902,510,0,2103,383,257,395,982,350,645,207,450,324,1240,339
2025-03-19,286,0,0,273,1086,1899,325,348,1623,255,1650,348,0,434,214,691,0,727,301,0,866,610,0,2297,275,282,297,903,301,725,244,385,317,1044,306
2025-03-20,311,0,0,341,981,1809,315,248,1695,254,1877,418,0,333,243,776,0,555,328,0,810,575,0,2111,311,280,293,897,258,587,258,344,353,1187,343
2025-03-21,300,0,0,258,781,1820,303,384,1549,258,1993,369,0,353,252,728,0,671,281,0,1106,608,0,2037,361,240,293,891,267,632,205,390,334,598,336
2025-03-22,312,0,0,274,675,1667,326,240,1402,262,1388,346,0,361,213,688,0,677,273,0,651,490,0,2015,307,296,229,984,301,613,243,401,347,836,304
2025-03-23,316,0,0,235,658,1649,339,424,1599,247,1573,262,0,410,208,864,0,548,281,0,701,510,0,1932,360,206,283,942,186,702,250,417,365,807,299
2025-03-24,331,0,0,204,1044,1859,333,314,1843,260,2081,394,0,294,253,802,0,751,243,0,560,558,0,2045,292,259,329,1419,260,600,207,395,290,994,334
2025-03-25,337,0,0,268,821,1846,308,332,1454,242,2370,387,0,409,221,735,0,626,347,0,693,575,0,2115,357,248,289,1109,297,617,248,229,399,992,339
2025-03-26,321,0,0,270,1176,1914,313,475,1706,261,2557,423,0,360,218,856,0,715,286,0,1282,653,0,2126,369,201,264,1196,282,690,264,408,302,547,323
2025-03-27,293,0,0,264,788,1871,330,331,1623,251,2308,364,0,313,247,783,0,621,268,0,706,534,0,2155,352,296,316,1035,357,723,214,396,331,815,327
2025-03-28,324,0,0,236,786,1717,347,369,2019,256,1638,392,0,273,212,744,0,528,297,0,782,534,0,2075,283,232,280,785,272,698,246,473,338,847,312
2025-03-29,312,0,0,254,664,1720,304,371,1337,263,1388,334,0,367,253,824,0,615,329,0,800,494,0,2040,333,262,323,868,265,562,213,457,346,890,333
2025-03-30,321,0,0,323,708,1705,349,342,1863,264,1794,369,0,414,206,688,0,578,230,0,927,515,0,2009,318,225,308,1004,279,591,226,417,323,1049,329
2025-03-31,308,0,0,213,875,1760,297,381,1420,263,1897,381,0,326,246,715,0,594,316,0,707,555,0,2015,338,295,327,1206,310,578,248,403,359,1004,315
2025-04-01,347,0,0,254,684,1857,316,251,1744,260,1742,367,0,454,259,786,125,598,307,0,723,503,0,2151,313,292,303,849,261,688,217,354,335,1001,345
2025-04-02,342,0,36,293,938,2014,350,282,1740,251,2282,403,0,365,216,771,0,814,271,0,609,612,0,2203,375,254,264,928,316,779,246,385,353,724,355
2025-04-03,333,0,0,283,809,1848,330,370,1499,254,1516,341,0,386,276,622,0,615,299,0,884,572,0,2160,287,313,303,1188,250,622,264,324,342,1157,319
2025-04-04,328,0,0,250,789,1821,295,315,1483,244,1865,321,0,352,227,821,215,649,320,0,774,519,0,1994,336,290,263,982,258,579,208,352,340,861,308
2025-04-05,330,0,14,240,1044,1682,319,290,1510,270,1590,346,0,331,222,583,0,652,333,0,843,501,0,2000,341,226,290,982,246,599,240,428,350,876,310
2025-04-06,300,0,0,241,668,1779,330,277,1630,243,1832,353,0,363,235,771,18,577,296,0,832,493,0,1919,385,296,329,916,287,594,241,307,352,853,348
2025-04-07,313,0,21,330,811,1685,321,320,1470,252,1719,340,0,415,198,796,71,575,298,0,853,556,0,2025,348,275,328,1061,208,567,237,319,363,682,321
2025-04-08,301,0,0,290,854,1893,337,320,2061,255,2527,352,0,373,244,868,37,862,266,0,990,526,0,2139,310,234,260,836,263,760,225,386,277,981,326
2025-04-09,304,0,134,275,734,1946,335,301,2055,247,2188,400,0,441,258,789,0,652,251,0,663,493,0,2206,352,282,293,1271,305,604,242,292,339,709,324
2025-04-10,298,0,0,270,924,1907,331,305,1752,269,1982,346,0,322,208,789,0,630,290,0,834,596,0,2176,359,256,360,1262,287,685,217,330,356,799,320
2025-04-11,330,0,0,295,731,1746,342,310,1762,249,1601,384,0,398,227,749,29,608,342,0,862,554,0,2073,333,301,273,797,274,623,225,460,395,748,308
2025-04-12,317,0,0,264,656,1720,306,341,1391,260,2293,394,0,381,207,715,59,787,283,0,736,404,0,1964,317,274,352,1104,303,628,228,339,314,910,349
2025-04-13,321,0,38,317,1261,1675,337,285,1930,263,2101,419,0,441,235,726,0,617,192,0,519,533,0,2070,279,285,296,1059,264,597,233,429,325,1116,310
2025-04-14,311,0,74,214,1000,1780,336,315,1532,251,1940,425,0,323,233,660,27,569,267,0,933,540,0,2027,329,257,298,690,275,717,252,309,337,738,304
2025-04-15,309,0,96,255,978,1848,324,284,1282,245,2078,405,0,358,179,815,69,549,364,0,920,558,0,2071,267,276,312,610,270,828,239,373,308,1082,332
2025-04-16,358,0,6,321,970,1888,271,305,1411,260,2164,389,0,336,264,777,15,620,313,0,798,557,0,2189,362,264,311,1047,308,756,203,342,373,588,348
2025-04-17,304,0,15,270,1091,1845,334,325,1383,255,1617,351,0,304,194,754,28,693,353,0,1033,567,0,2215,371,219,297,925,270,667,240,315,319,921,318
2025-04-18,297,0,0,243,696,1791,368,426,1123,258,1453,339,0,397,224,683,70,644,298,0,737,589,0,2051,314,217,284,861,295,663,247,383,324,1000,333
2025-04-19,310,0,0,315,700,1680,308,235,993,251,1589,386,0,345,235,799,28,619,241,0,837,501,0,1984,267,258,247,912,231,590,249,195,380,640,317
2025-04-20,322,0,0,227,784,1747,307,360,1973,259,2344,386,0,262,216,641,37,635,268,0,693,480,0,1965,384,294,237,843,290,603,234,345,267,1053,327
2025-04-21,335,0,29,232,858,1729,356,288,1609,247,1646,419,0,299,246,817,32,747,313,0,635,541,0,2078,327,243,335,730,290,698,219,317,339,1005,321
2025-04-22,319,0,0,329,1145,1889,336,343,1503,265,2156,353,0,306,230,762,0,568,245,0,615,601,0,2066,333,262,267,1052,302,665,245,325,270,1172,316
2025-04-23,318,0,0,290,949,1916,317,338,1842,235,2219,342,0,401,242,730,0,604,365,0,855,576,0,2196,342,268,313,807,268,755,233,305,307,908,359
2025-04-24,328,0,0,329,1018,1886,334,404,1753,267,1847,377,0,375,220,752,0,718,268,0,1030,586,0,2097,356,230,278,1190,253,558,230,396,298,883,316
2025-04-25,313,0,18,285,874,1735,314,275,1563,252,1930,337,0,402,257,734,73,623,270,0,684,536,0,2051,309,248,307,1020,250,650,261,307,320,1254,310
2025-04-26,315,0,0,274,881,1733,325,244,1363,266,1993,388,0,375,231,649,67,588,315,0,790,515,0,2038,348,304,286,927,313,599,235,383,370,792,336
2025-04-27,296,0,9,250,770,1772,308,171,1813,262,1844,396,0,312,210,707,0,456,336,0,806,482,0,1994,335,276,233,1300,318,461,233,251,354,746,308
2025-04-28,321,0,0,245,841,1808,344,342,1783,262,1210,361,0,400,216,629,0,517,298,0,589,520,0,2046,354,250,284,979,332,628,222,441,337,1041,338
2025-04-29,319,0,0,248,786,1917,307,340,1784,253,2266,342,0,437,243,979,78,680,266,0,953,585,0,2156,295,310,323,1104,259,627,229,281,325,1111,327
2025-04-30,335,0,100,279,910,1829,312,320,1313,261,1939,377,0,312,197,812,97,689,287,0,880,583,0,2135,339,280,371,1012,304,614,185,351,349,833,304
2025-05-01,299,0,51,235,737,1871,364,335,1291,254,1840,391,0,429,262,817,18,738,258,0,916,557,0,2120,292,241,266,1238,335,647,255,381,326,815,342
2025-05-02,319,0,0,287,892,1838,322,308,1514,252,1745,355,0,436,275,804,60,598,364,0,684,480,0,2073,323,256,307,1235,290,602,256,415,370,1132,308
2025-05-03,304,0,0,244,326,1677,322,334,1894,262,1642,385,0,422,212,617,34,527,294,0,776,518,0,1971,257,315,269,1073,247,608,276,363,367,551,342
2025-05-04,335,0,0,254,793,1697,314,222,1919,245,1688,411,0,501,239,793,0,524,293,0,412,518,0,1966,360,261,296,980,271,592,216,345,286,956,306
2025-05-05,350,0,28,296,1095,1776,323,312,1506,248,1393,364,0,333,239,756,32,647,297,0,789,546,0,1929,351,254,310,919,316,605,212,387,304,1075,342
2025-05-06,329,0,73,167,1070,1889,337,234,1609,252,1300,467,0,311,249,713,50,688,269,0,813,598,0,2139,319,276,276,1230,282,585,233,420,311,959,308
2025-05-07,307,0,48,243,945,1865,333,276,1438,254,2166,417,0,245,237,860,144,736,261,0,932,601,0,2189,322,250,332,939,297,606,211,354,323,1023,344
2025-05-08,347,0,0,290,916,1938,321,337,1400,260,2018,364,0,305,274,801,47,536,256,0,680,581,0,2178,376,238,292,940,304,702,277,408,302,784,321
2025-05-09,309,0,11,347,885,1800,315,134,1837,264,1586,396,0,313,223,738,85,591,311,0,668,467,0,2112,365,242,276,1109,222,649,227,396,386,843,333
2025-05-10,300,0,13,318,1109,1675,294,465,1928,267,1670,356,0,392,212,757,341,460,345,0,730,483,0,2037,357,257,293,755,254,623,229,376,329,909,317
2025-05-11,322,0,0,302,996,1717,339,160,1295,243,1719,359,0,268,247,668,136,597,270,0,914,444,0,1956,403,282,336,1228,257,678,214,256,332,815,319
2025-05-12,312,0,0,287,761,1749,354,286,1376,248,1921,378,0,419,233,769,153,686,304,0,785,545,0,2019,310,254,397,1232,338,552,234,252,367,1055,316
2025-05-13,296,0,69,267,693,1902,326,322,1675,247,2116,418,0,348,267,784,0,540,254,0,627,601,0,2174,327,281,276,1330,256,697,234,324,370,1003,347
2025-05-14,289,0,0,306,916,1917,306,385,1758,278,1742,361,0,383,252,715,79,656,316,0,836,603,0,2215,329,268,243,1162,285,666,236,351,376,838,311
2025-05-15,309,0,0,276,976,1783,311,314,1875,258,2400,352,0,284,233,836,0,682,327,0,836,555,0,2114,274,303,318,920,274,604,252,433,327,853,326
2025-05-16,305,0,0,270,439,1764,346,315,2205,244,1453,393,0,345,195,756,0,555,260,0,829,447,0,1987,271,260,289,864,326,662,228,382,347,929,306
2025-05-17,343,0,22,302,931,1786,339,374,1239,253,2085,408,0,357,220,724,0,632,331,0,592,503,0,1948,327,264,305,1211,254,554,229,366,355,1233,326
2025-05-18,291,0,36,292,612,1722,334,354,1733,264,1852,403,0,302,214,653,66,488,284,0,792,540,0,2049,336,283,351,996,330,616,213,357,352,1044,326
2025-05-19,328,0,99,257,853,1815,310,232,1787,263,2087,328,0,363,197,752,0,656,286,0,842,516,0,1982,299,271,337,930,297,670,257,423,291,720,338
2025-05-20,322,0,51,216,733,1913,297,344,1649,253,1523,361,0,435,199,672,44,604,277,0,900,540,0,2067,334,294,301,968,263,688,244,328,337,704,348
2025-05-21,326,0,84,306,892,1880,344,365,1716,234,1832,392,0,315,232,704,13,524,298,0,874,585,0,2174,335,285,313,1022,295,640,233,379,376,1089,310
2025-05-22,316,0,57,231,779,1866,333,386,1613,261,1845,367,0,305,221,779,46,619,243,0,909,557,0,2173,397,271,309,965,292,730,225,376,347,994,313
2025-05-23,334,0,34,308,746,1840,299,207,1472,254,1843,351,0,418,225,732,0,651,302,0,848,551,0,2115,323,253,306,761,259,609,249,415,314,783,320
2025-05-24,294,0,11,295,881,1737,319,268,1556,260,2142,403,0,246,228,709,0,703,288,0,681,484,0,2023,325,183,296,977,305,573,198,383,341,789,342
2025-05-25,346,0,0,315,828,1758,350,392,1273,260,1310,406,0,373,198,784,117,777,316,0,810,452,0,1919,308,286,288,884,324,538,260,441,342,876,329
2025-05-26,318,0,62,298,1009,1847,306,333,1690,265,2016,387,0,382,242,685,133,658,291,0,943,587,0,2102,339,270,278,1271,315,611,231,329,350,905,333
2025-05-27,303,0,42,262,1052,1906,342,315,1620,257,2207,339,0,268,212,787,109,747,313,0,1235,539,0,2146,262,295,294,836,265,694,246,301,387,937,316
2025-05-28,303,0,0,245,1026,1917,318,389,2342,249,2144,341,0,335,243,645,0,770,338,0,764,630,0,2146,381,226,302,907,288,672,215,357,365,837,308
2025-05-29,290,0,89,239,942,1887,308,267,1803,264,1953,366,0,203,195,725,171,702,227,0,1132,536,0,2086,424,266,314,1275,297,653,237,420,325,876,352
2025-05-30,335,0,67,245,950,1781,363,331,1620,263,1715,404,0,480,267,757,0,657,311,0,917,528,0,2086,346,259,353,980,275,656,213,426,294,806,315
2025-05-31,315,0,0,234,1030,1739,303,266,1376,263,1287,354,0,310,244,664,0,623,350,0,907,527,0,1969,340,244,323,1358,250,650,256,346,339,1036,306
2025-06-01,299,0,0,266,681,1718,356,322,1576,254,2250,414,0,435,241,689,34,555,291,0,481,452,0,2040,418,272,276,988,287,561,239,411,328,889,337
2025-06-02,290,0,128,226,902,1792,330,239,1585,265,1999,357,0,446,194,773,0,709,277,0,757,532,0,2003,322,298,366,961,273,608,249,315,323,1026,317
2025-06-03,347,0,18,251,932,1869,315,204,1870,262,1735,368,0,431,221,780,43,790,278,0,783,599,0,2061,331,282,314,999,235,567,214,436,318,1111,330
2025-06-04,307,0,0,258,757,1969,308,246,1503,251,2069,373,0,339,244,764,60,756,328,0,649,585,0,2154,344,234,348,1168,258,632,244,253,276,809,353
2025-06-05,345,0,113,264,1053,1891,314,336,1539,261,2036,404,0,316,217,763,0,536,345,0,669,604,0,2199,386,241,311,1158,319,688,270,341,409,887,303
2025-06-06,305,0,0,279,847,1749,336,350,2014,254,2290,332,0,323,217,772,0,610,233,0,650,539,0,2061,337,232,262,836,334,375,222,437,308,973,339
2025-06-07,326,0,37,276,934,1762,348,375,1816,266,1965,354,0,286,238,688,0,489,334,0,1009,517,0,1981,373,281,275,885,256,502,215,326,369,930,323
2025-06-08,305,0,0,218,964,1782,304,348,1278,241,1816,392,0,321,240,683,0,552,268,0,577,520,0,1936,339,231,301,847,293,603,225,329,382,1031,300
2025-06-09,282,0,172,316,866,1832,360,294,1666,247,1963,430,0,357,220,780,74,547,278,0,936,523,0,2072,334,235,318,926,258,647,210,395,335,1004,322
2025-06-10,338,0,44,222,1042,1939,305,313,1585,257,1426,390,0,339,213,834,78,693,303,0,741,535,0,2138,386,277,303,844,304,672,274,394,396,1310,334
2025-06-11,296,0,0,280,1278,1851,326,367,2200,263,1941,396,0,312,247,826,0,790,328,0,761,555,0,2181,307,281,348,1292,315,613,225,333,350,1152,317
2025-06-12,338,0,0,313,1048,1918,359,258,1675,260,2319,355,0,394,228,748,0,626,278,0,643,486,0,2131,415,241,305,947,274,649,218,460,334,1003,344
2025-06-13,323,0,0,284,819,1857,320,327,1500,249,2151,352,0,311,248,828,240,589,291,0,835,521,0,1979,373,256,206,726,247,701,244,426,297,925,316
2025-06-14,351,0,8,259,808,1746,280,264,1701,255,1541,412,0,388,213,700,70,640,333,0,735,464,0,1939,358,274,292,1020,233,586,249,461,306,864,325
2025-06-15,303,0,138,276,713,1733,343,264,1613,269,1680,396,0,428,241,771,0,639,245,0,771,471,0,2048,357,261,333,756,272,691,210,379,328,986,324
2025-06-16,357,0,0,305,863,1789,314,361,1663,250,2127,421,0,368,245,732,0,717,337,0,498,504,0,2051,359,285,267,973,281,629,239,353,331,889,324
2025-06-17,320,0,43,296,1002,1849,345,327,1906,271,2408,333,0,370,258,771,0,636,280,0,713,666,0,2095,355,246,254,1284,320,589,214,316,397,1000,345
2025-06-18,299,0,53,217,885,1961,282,333,1695,259,2086,363,0,304,216,774,196,595,302,0,1013,645,0,2179,394,219,346,670,221,680,251,400,342,1139,300
2025-06-19,323,0,65,269,672,1846,322,391,1388,264,1771,337,0,388,258,783,116,563,285,0,802,529,0,2175,348,273,334,1137,330,713,254,310,341,914,341
2025-06-20,322,0,33,319,599,1827,334,242,1955,254,1893,365,0,419,255,773,0,655,271,0,1111,567,0,2052,391,275,285,1329,306,555,224,372,356,984,310
2025-06-21,321,0,31,305,703,1753,339,260,1796,258,1413,387,0,411,226,684,165,765,224,0,761,529,0,1942,283,272,287,1185,233,555,216,373,318,1019,335
2025-06-22,339,0,44,186,833,1790,348,431,1614,259,1935,327,0,420,224,596,176,691,257,0,710,480,0,1964,337,259,317,1118,284,583,220,341,330,951,348
2025-06-23,329,0,136,281,779,1744,341,344,1636,256,1792,389,0,203,232,793,28,597,293,0,651,602,0,2022,407,251,322,841,286,626,240,413,293,1283,317
2025-06-24,302,0,39,229,950,1894,336,452,2358,257,1724,412,0,368,207,744,127,582,237,0,824,569,0,2088,355,312,310,884,280,637,193,420,302,1268,317
2025-06-25,328,0,78,250,806,1946,293,286,2038,246,1912,328,0,473,231,782,96,740,302,0,871,557,0,2219,415,242,281,912,344,734,276,373,335,1137,309
2025-06-26,304,0,111,239,930,1946,304,405,1898,260,1639,388,0,415,237,853,0,649,306,0,976,541,0,2204,322,255,289,1278,231,691,243,454,319,1239,323
2025-06-27,320,0,0,276,607,1875,333,247,1721,275,1549,380,0,392,254,666,24,497,305,0,892,540,0,2067,326,263,318,1291,255,623,229,415,301,921,317
2025-06-28,297,0,59,266,1033,1700,319,313,1643,241,1377,390,0,398,261,629,116,709,273,0,697,428,0,1907,358,222,305,808,317,540,238,510,380,1034,335
2025-06-29,319,0,155,299,742,1723,351,314,1630,257,1956,380,0,356,202,701,47,609,256,0,619,529,0,1985,383,267,333,1214,321,580,228,386,356,722,351
2025-06-30,313,0,4,270,1018,1869,285,389,1424,267,2327,374,0,319,209,713,99,665,338,0,657,537,0,2078,274,315,277,897,270,647,240,396,318,915,320
2025-07-01,330,12,0,297,590,1852,337,218,1629,0,1652,337,0,327,241,832,0,605,282,12,751,526,0,2112,376,279,292,1172,208,622,256,0,331,828,311
2025-07-02,300,7,0,269,645,1936,332,358,2232,0,1858,422,0,391,204,801,0,754,281,0,825,576,0,2144,364,220,276,1212,299,677,229,0,344,1113,321
2025-07-03,316,13,95,222,1146,1939,333,303,1541,0,1834,432,0,396,236,759,181,690,290,2,1011,613,0,2094,367,272,273,1027,332,719,239,0,345,1091,339
2025-07-04,337,11,0,263,572,1790,323,343,1597,0,1489,396,0,266,197,747,0,577,341,0,652,543,0,2064,315,271,328,919,226,651,230,0,316,818,320
2025-07-05,319,9,0,254,756,1700,348,285,1602,0,2016,415,0,287,225,722,58,673,339,7,869,521,0,2061,357,307,279,960,291,569,242,0,334,906,303
2025-07-06,302,3,35,277,834,1773,325,329,1512,0,2132,349,0,399,242,781,0,581,342,4,1023,514,0,1986,378,271,277,933,251,550,223,0,273,806,347
2025-07-07,317,16,77,277,900,1798,313,342,1612,0,2086,399,0,305,244,626,4,810,232,12,574,520,0,1999,334,290,291,925,292,589,194,0,309,897,330
2025-07-08,310,10,39,299,999,1890,365,370,1962,0,1989,388,0,381,275,807,85,721,342,1,586,537,0,2075,364,264,315,1103,279,697,244,0,389,874,322
2025-07-09,304,16,10,299,966,1924,325,336,1771,0,1468,347,0,352,237,764,12,718,364,22,736,587,0,2135,398,236,312,1359,297,664,266,0,292,993,315
2025-07-10,292,14,99,354,764,1985,295,280,2310,0,1799,351,0,415,253,784,13,673,317,0,824,605,0,2119,264,253,269,862,266,654,227,0,351,1011,337
2025-07-11,357,11,10,262,893,1793,349,278,1778,0,1426,384,0,494,242,744,56,561,325,12,960,490,0,2019,382,257,292,933,317,654,212,0,278,775,309
2025-07-12,333,15,58,199,870,1643,367,350,1237,0,2127,385,0,493,213,759,16,601,318,14,908,563,0,2025,411,200,298,1157,248,564,225,0,329,1148,323
2025-07-13,304,3,0,276,666,1745,329,260,1679,0,1875,376,0,206,260,799,22,691,370,22,999,455,0,1972,348,294,252,1147,256,740,234,0,388,986,286
2025-07-14,303,12,41,266,1046,1756,311,295,1461,0,1911,383,0,372,229,726,9,620,321,14,650,558,0,2006,342,266,311,1115,303,611,245,0,325,1031,343
2025-07-15,339,11,0,272,883,1901,320,314,1399,0,1760,344,0,445,185,702,21,658,305,7,874,603,0,2197,343,296,353,999,255,729,238,0,329,737,343
2025-07-16,294,15,65,279,868,1971,309,278,1675,0,2228,346,0,212,287,782,257,733,304,7,882,601,0,2221,376,262,299,1207,299,670,208,0,336,912,320
2025-07-17,353,10,0,272,697,1936,323,370,1570,0,2530,361,0,312,212,838,0,677,299,6,852,574,0,2161,402,275,265,1064,312,697,262,0,341,963,349
2025-07-18,301,22,79,265,619,1822,359,335,1414,0,1504,359,0,357,263,828,51,645,234,19,736,538,0,2030,336,259,292,1141,261,575,209,0,334,1101,310
2025-07-19,306,0,86,250,859,1762,325,356,1737,0,1243,290,0,224,202,819,0,605,276,32,664,500,0,1875,370,279,352,747,236,540,238,0,314,552,322
2025-07-20,325,17,48,196,739,1730,302,285,1875,0,1892,375,0,383,220,827,0,687,286,0,659,484,0,1933,343,239,350,801,223,517,262,0,381,800,330
2025-07-21,317,16,118,227,979,1808,327,229,1796,0,1333,346,0,336,162,706,0,874,276,9,781,472,0,2082,313,265,315,1108,256,691,223,0,287,933,310
2025-07-22,321,14,37,222,858,1896,322,262,2204,0,1943,438,0,368,223,825,76,724,357,0,832,530,0,2117,331,249,269,868,260,605,241,0,367,1249,331
2025-07-23,363,9,0,312,1004,1991,318,333,2031,0,1769,379,0,359,247,801,7,600,217,20,773,684,0,2197,389,280,269,1139,308,650,222,0,351,1280,334
2025-07-24,324,20,118,254,1130,1869,321,301,1550,0,1948,385,0,419,235,793,38,662,337,23,765,533,0,2133,356,235,308,979,315,705,243,0,317,903,319
2025-07-25,274,9,0,241,870,1843,354,336,1969,0,1933,373,0,286,216,836,0,571,346,0,517,520,0,1987,357,260,295,951,331,625,214,0,310,976,313
2025-07-26,319,22,2,228,951,1758,338,300,1412,0,1597,417,0,268,188,799,115,609,262,13,795,420,0,1980,383,297,317,986,335,584,252,0,301,1084,309
2025-07-27,315,25,83,259,625,1839,319,295,1734,0,1983,362,0,380,261,793,244,618,308,34,983,491,0,1994,267,261,343,1037,303,634,236,0,306,686,329
2025-07-28,319,10,0,188,988,1772,317,368,1460,0,1851,354,0,344,249,879,201,674,352,19,726,508,0,2058,339,243,273,994,283,665,237,0,373,576,334
2025-07-29,333,9,28,221,907,1984,316,396,1567,0,1634,392,0,433,177,796,0,696,325,16,856,492,0,2056,353,279,279,1223,304,661,223,0,300,1007,295
2025-07-30,305,16,46,271,986,1985,361,347,2162,0,1786,359,0,429,201,882,0,587,332,20,899,585,0,2161,347,238,348,1120,184,731,228,0,350,939,317
2025-07-31,332,24,3,257,1035,1884,295,285,1493,0,2155,339,0,370,258,790,15,676,350,35,745,541,0,2126,374,246,397,1234,283,728,262,0,359,978,352
2025-08-01,303,12,71,181,947,1799,317,357,1707,0,1897,332,0,467,200,703,44,745,273,13,837,517,0,2095,413,294,304,812,264,606,232,0,297,884,326
2025-08-02,329,21,46,293,1138,1816,353,224,1932,0,1675,351,0,372,217,791,23,415,385,22,838,467,0,1975,332,256,344,1192,251,504,241,0,386,1031,323
2025-08-03,309,30,21,313,1103,1757,340,345,1995,0,1825,379,0,413,267,793,209,566,321,19,604,493,0,2023,367,263,323,1003,299,636,249,0,351,791,330
2025-08-04,333,22,22,258,846,1844,302,278,1868,0,1796,404,0,393,220,750,43,642,248,4,841,573,0,2041,345,274,284,768,276,601,237,0,420,959,311
2025-08-05,316,20,0,220,749,1873,321,255,2230,0,2203,387,0,320,260,788,15,558,353,8,734,606,0,2169,351,284,311,853,214,671,207,0,401,1089,333
2025-08-06,312,8,0,203,983,2003,317,333,1956,0,1782,344,0,537,255,808,0,830,301,13,717,566,0,2136,381,262,337,905,308,827,239,0,305,992,326
2025-08-07,311,23,74,217,966,1929,355,400,1735,0,1763,378,0,415,189,790,157,866,398,11,809,608,0,2129,339,258,278,972,264,677,247,0,351,866,337
2025-08-08,331,18,56,275,726,1777,303,270,1491,0,1850,397,0,454,209,791,69,696,228,19,1007,577,0,2064,267,256,315,902,282,608,254,0,332,1041,317
2025-08-09,309,22,81,298,1007,1783,279,454,1629,0,1669,392,0,399,201,615,69,552,254,25,730,470,0,1955,356,240,331,1154,303,575,221,0,350,1164,318
2025-08-10,317,25,60,328,847,1720,325,306,1742,0,1920,420,0,427,207,731,81,637,277,15,1008,489,0,1933,305,283,309,1116,273,626,212,0,367,877,325
2025-08-11,321,18,130,257,715,1783,358,332,1516,0,1545,373,0,281,215,704,0,689,336,35,714,535,0,2029,378,249,307,960,218,575,248,0,366,1107,328
2025-08-12,315,44,32,266,958,1983,352,404,1869,0,1659,423,0,339,279,751,10,596,270,23,583,557,0,2107,398,283,275,1121,250,627,233,0,283,1084,310
2025-08-13,295,34,66,292,894,1901,307,331,1733,0,2019,340,0,435,261,919,0,650,330,16,644,540,0,2127,368,261,303,1180,203,681,203,0,363,1104,327
2025-08-14,315,41,118,262,711,1944,330,210,1681,0,2184,353,0,348,247,683,177,791,289,18,781,550,0,2128,397,264,346,1029,294,639,225,0,320,726,323
2025-08-15,326,17,29,248,1282,1878,352,298,1583,0,1523,367,0,309,262,791,53,563,279,29,836,522,0,2117,300,295,320,1204,249,707,224,0,413,907,331
2025-08-16,343,11,0,265,855,1776,336,335,1304,0,1799,360,0,350,263,646,0,705,334,22,893,512,0,2012,366,247,325,1061,260,559,246,0,297,938,337
2025-08-17,326,15,104,214,926,1723,319,251,2115,0,2187,373,0,327,232,797,29,486,246,1,574,525,0,1995,387,251,303,1208,307,673,222,0,352,834,328
2025-08-18,321,33,0,261,1011,1742,362,372,1804,0,1866,390,0,461,268,759,143,587,312,4,819,551,0,2016,360,267,289,1131,238,522,204,0,312,1207,310
2025-08-19,309,31,43,230,1003,1859,323,294,1786,0,1844,371,0,339,269,745,109,664,276,39,908,576,0,2048,348,249,282,1111,268,719,263,0,334,881,353
2025-08-20,326,30,114,245,1041,1951,298,374,1800,0,1941,371,0,337,224,771,0,729,358,41,843,596,0,2110,306,273,294,822,316,686,219,0,372,528,314
2025-08-21,321,32,158,297,903,1912,308,150,2173,0,2075,327,0,363,187,822,202,694,290,7,831,559,0,2126,318,284,313,809,293,604,225,0,363,757,321
2025-08-22,294,27,0,284,957,1868,345,302,1639,0,1594,400,0,418,215,782,0,639,296,28,584,570,0,2009,324,297,305,1035,242,579,247,0,279,843,314
2025-08-23,321,39,143,289,776,1809,317,268,2039,0,2057,439,0,465,209,712,131,526,317,26,760,447,0,2001,239,265,319,1044,269,599,229,0,374,988,319
2025-08-24,323,37,91,237,710,1734,332,247,1543,0,1890,449,0,351,259,779,0,585,307,35,697,492,0,1967,343,284,340,848,287,700,229,0,378,1267,336
2025-08-25,314,38,0,302,849,1819,309,313,1725,0,2043,422,0,402,221,761,0,760,362,25,773,529,0,2035,359,215,311,865,332,579,219,0,358,954,323
2025-08-26,322,28,0,251,771,1915,345,164,1329,0,1857,378,0,489,221,690,229,615,307,8,738,636,0,2229,287,264,310,968,264,559,243,0,305,1017,292
2025-08-27,328,39,114,265,850,1884,356,340,2053,0,1935,392,0,408,201,794,97,594,325,15,1059,575,0,2203,306,296,300,1036,363,642,228,0,321,1074,329
2025-08-28,337,34,21,288,899,1970,330,292,1521,0,2359,395,0,293,274,800,0,687,293,44,889,529,0,2033,381,256,330,1062,360,765,252,0,311,866,324
2025-08-29,329,41,0,328,639,1893,318,256,1764,0,1587,374,0,365,212,713,15,609,326,27,571,543,0,2025,381,293,319,980,330,579,243,0,302,1052,327
2025-08-30,295,38,82,183,901,1782,317,357,1943,0,2157,438,0,320,213,695,0,599,346,21,1007,517,0,1920,336,250,298,801,254,470,238,0,335,1178,320
2025-08-31,342,35,141,227,880,1750,294,258,1639,0,1967,363,0,378,209,719,0,452,273,47,605,525,0,1963,382,242,288,596,281,607,224,0,331,821,328
2025-09-01,344,29,87,228,936,1858,358,318,1661,0,1905,378,0,446,198,741,72,688,318,13,835,510,0,2050,399,238,345,899,311,628,215,0,380,1146,328
2025-09-02,299,35,56,250,971,1883,349,269,1661,0,2405,344,0,405,222,743,33,695,300,28,834,545,0,2103,349,275,310,1000,267,681,220,0,331,949,329
2025-09-03,341,25,100,245,937,2014,334,397,1804,0,1911,327,0,193,238,786,52,644,338,29,849,623,0,2190,340,246,273,1036,324,774,242,0,325,708,328
2025-09-04,304,47,4,263,615,1982,315,328,2172,0,2293,436,0,254,253,769,25,759,271,20,897,571,0,2127,393,286,345,1063,302,595,227,0,353,1199,310
2025-09-05,298,38,17,260,1021,1812,329,321,1402,0,1821,429,0,344,203,801,65,656,334,17,911,565,0,2046,345,317,320,976,376,595,250,0,301,899,325
2025-09-06,336,36,0,284,978,1740,301,282,1107,0,1463,364,0,396,246,668,135,618,302,23,800,507,0,2054,352,295,250,1466,333,593,215,0,315,990,320
2025-09-07,276,40,53,274,923,1787,326,353,1699,0,1646,395,0,447,269,801,0,596,266,47,636,454,0,1962,337,253,314,698,339,510,266,0,298,987,341
2025-09-08,300,39,74,205,957,1792,352,360,2154,0,1744,365,0,523,198,685,39,599,291,49,700,518,0,1998,342,214,287,865,277,665,209,0,365,857,341
2025-09-09,301,27,38,257,894,1899,340,340,1631,0,2021,365,0,383,235,821,69,714,320,25,784,547,0,2162,332,254,287,981,287,649,242,0,316,864,295
2025-09-10,325,36,7,282,1041,1965,305,318,1455,0,2064,408,0,393,205,733,10,705,310,22,936,596,0,2191,273,265,286,954,284,659,223,0,285,1034,316
2025-09-11,299,38,64,226,1040,1930,324,337,1601,0,2253,445,0,481,251,796,117,816,264,35,798,532,0,2130,271,257,269,908,252,629,226,0,299,1106,334
2025-09-12,340,31,40,230,838,1888,313,297,1820,0,2322,368,0,311,243,627,164,644,300,20,581,522,0,1975,345,309,286,977,347,650,252,0,322,812,335
2025-09-13,299,39,0,303,1122,1795,321,342,1396,0,1504,333,0,343,211,683,181,646,292,26,856,513,0,1970,422,282,324,718,277,618,210,0,361,1042,304
2025-09-14,313,42,174,246,882,1791,343,366,1822,0,1535,395,0,358,242,723,59,655,298,31,752,550,0,1917,361,283,294,978,226,650,238,0,340,1000,349
2025-09-15,326,36,0,272,914,1866,337,354,2001,0,1779,332,0,404,246,701,17,669,367,38,1031,554,0,1982,351,229,335,1232,261,626,226,0,356,1005,329
2025-09-16,328,37,159,244,962,1889,327,323,1774,0,2044,415,0,298,222,892,30,545,370,57,873,534,0,2116,375,267,307,785,249,628,255,0,325,944,307
2025-09-17,319,35,113,257,1240,1981,319,362,1539,0,2031,356,0,387,226,749,0,778,295,20,470,555,0,2239,389,264,312,1025,278,669,238,0,367,1152,314
2025-09-18,330,49,0,282,822,1963,336,170,1247,0,1634,346,0,386,245,792,0,712,315,32,984,593,0,2131,388,293,318,1156,277,668,217,0,280,1257,332
2025-09-19,301,37,77,286,1205,1853,325,296,1697,0,1617,445,0,516,261,817,0,634,324,29,683,534,0,2064,395,294,334,912,338,593,265,0,346,911,340
2025-09-20,351,66,162,309,649,1721,310,358,1597,0,1876,417,0,300,187,681,87,572,287,68,644,474,0,1954,328,255,308,1195,246,569,226,0,334,910,305
2025-09-21,336,46,25,302,914,1819,340,362,1741,0,1523,404,0,355,211,612,81,519,311,23,902,513,0,1970,303,313,293,925,223,637,234,0,311,1110,316
2025-09-22,336,46,0,291,882,1797,326,368,1325,0,1457,349,0,283,245,649,50,534,346,37,626,523,0,1950,395,218,339,1179,305,675,222,0,362,1200,347
2025-09-23,307,46,43,316,766,1992,347,347,1834,0,2059,398,0,244,253,671,0,725,328,35,870,564,0,2157,340,230,281,1198,333,593,237,0,318,1196,335
2025-09-24,334,44,62,267,1007,2032,308,358,2042,0,2307,388,0,413,240,983,0,656,322,33,710,605,0,2116,368,277,278,1350,328,694,246,0,389,1064,323
2025-09-25,313,52,0,311,896,1912,329,283,1730,0,2220,353,0,364,243,925,0,671,239,49,904,681,0,2105,250,296,269,1329,330,546,225,0,376,879,310
2025-09-26,354,44,25,225,836,1872,342,277,979,0,2125,374,0,362,280,682,152,712,308,40,818,606,0,2052,306,292,260,1133,318,630,224,0,342,671,308
2025-09-27,330,37,0,288,900,1771,290,328,1408,0,1744,388,0,420,193,772,0,527,275,37,730,498,0,2093,363,294,316,1130,242,552,242,0,405,846,330
2025-09-28,335,57,76,208,567,1772,366,306,1517,0,1677,378,0,362,204,791,0,657,357,30,670,414,0,1907,388,312,329,1167,269,614,218,0,369,1101,347
2025-09-29,338,48,63,242,814,1820,326,383,2191,0,1500,334,0,381,241,816,0,674,314,34,973,543,0,2046,366,195,364,746,203,592,227,0,324,926,308
2025-09-30,332,35,102,323,800,1950,312,277,2244,0,1941,373,0,402,224,783,0,653,289,35,659,567,0,2130,310,247,334,1064,261,743,254,0,336,953,314
2025-10-01,319,46,100,261,745,2040,351,327,1579,0,1946,348,1,435,233,680,0,694,295,46,601,638,68,2139,358,270,311,1261,235,679,211,0,334,869,342
2025-10-02,338,65,57,264,938,1940,335,304,1633,0,2579,400,12,323,242,760,2,759,345,32,989,589,30,2088,348,257,348,862,224,555,256,0,330,1070,309
2025-10-03,295,46,133,216,739,1818,304,454,1927,0,1783,350,0,399,227,746,0,695,327,74,1034,546,0,2051,416,241,329,1335,230,586,229,0,316,953,318
2025-10-04,328,60,30,278,911,1783,324,349,993,0,2344,333,12,334,191,658,0,587,257,31,1042,502,0,1904,382,308,328,1298,312,605,233,0,394,1096,350
2025-10-05,327,51,85,279,937,1819,342,332,1329,0,1325,387,5,302,306,648,0,551,238,36,813,507,0,2039,381,270,326,1197,224,647,221,0,313,978,314
2025-10-06,337,48,86,268,845,1832,322,338,2167,0,1738,332,18,408,225,738,0,670,285,60,845,530,0,2049,312,260,300,1132,286,589,240,0,336,1097,355
2025-10-07,328,55,17,310,853,1880,359,318,2043,0,2490,304,10,434,225,690,93,760,263,34,544,614,0,2061,353,273,363,1297,324,659,240,0,331,1072,322
2025-10-08,316,43,48,201,968,1969,329,271,1750,0,1730,357,0,469,261,857,83,726,303,22,871,593,0,2215,381,226,284,1078,270,622,222,0,357,1145,301
2025-10-09,329,58,110,323,1284,1901,252,316,1824,0,1675,376,11,375,251,831,185,643,255,50,728,536,0,2079,305,286,330,1167,324,583,271,0,377,941,304
2025-10-10,338,52,10,229,758,1890,375,336,1401,0,1477,389,8,464,256,629,139,715,300,88,757,533,47,2097,322,222,328,850,258,473,228,0,353,770,332
2025-10-11,328,58,150,208,655,1771,310,332,2038,0,1769,322,13,479,237,822,43,440,301,36,728,500,0,1994,367,266,282,552,318,570,210,0,373,852,320
2025-10-12,302,52,0,272,938,1792,332,416,1743,0,1940,380,25,409,265,635,167,695,346,47,460,480,25,1895,374,270,294,968,252,653,219,0,350,867,348
2025-10-13,311,70,143,281,748,1929,345,307,1557,0,1574,409,13,235,198,854,79,575,384,28,610,528,23,2021,389,268,258,760,281,655,223,0,355,1078,322
2025-10-14,294,50,59,253,678,1956,369,259,1585,0,2545,360,20,366,251,752,34,613,324,34,1031,594,16,2085,361,260,373,952,327,636,239,0,385,976,316
2025-10-15,335,53,20,315,849,1966,319,286,2029,0,1700,359,17,374,202,954,86,677,356,43,782,597,1,2211,385,261,297,946,291,717,250,0,373,966,301
2025-10-16,328,65,152,299,1087,1960,321,241,1801,0,2024,364,6,467,238,730,111,798,244,29,701,616,14,2109,376,283,325,818,319,716,221,0,330,1026,324
2025-10-17,338,47,0,282,918,1862,331,420,2078,0,1798,304,16,385,225,643,123,751,267,36,826,632,87,2040,340,284,357,1274,365,560,197,0,340,1033,338
2025-10-18,334,48,205,192,862,1795,329,319,1667,0,1654,384,14,457,258,687,71,655,302,47,815,417,3,1939,349,283,254,1095,249,582,248,0,319,1022,297
2025-10-19,318,49,59,220,909,1690,331,252,1479,0,1928,350,38,302,173,764,0,670,274,56,764,474,8,2006,344,270,290,884,266,562,264,0,371,958,347
2025-10-20,352,47,47,236,939,1804,332,309,1559,0,2005,378,31,309,203,753,71,655,312,62,999,537,0,1960,271,273,361,905,232,597,229,0,311,725,335
2025-10-21,304,48,71,296,1134,1947,298,385,1691,0,1340,386,18,398,212,790,19,574,273,55,725,480,35,2102,354,285,327,1159,259,674,260,0,318,895,338
2025-10-22,316,59,75,271,870,1970,340,278,1902,0,1746,405,20,472,245,824,167,797,283,39,796,625,37,2147,414,330,304,1112,304,710,213,0,348,1105,296
2025-10-23,337,70,79,269,1053,1935,339,350,1868,0,2010,378,13,285,258,848,62,685,335,39,864,534,35,2167,448,315,247,946,341,524,214,0,373,1068,325
2025-10-24,295,59,130,243,910,1893,326,386,1424,0,1901,395,29,349,251,776,122,768,328,12,706,527,0,2022,371,232,275,953,332,539,230,0,328,1137,318
2025-10-25,336,57,108,306,804,1751,325,377,1711,0,1988,377,4,271,177,749,0,655,354,57,633,542,18,1972,372,273,283,1094,313,577,248,0,303,888,334
2025-10-26,326,68,149,346,923,1815,343,247,1690,0,1658,350,15,338,237,739,0,786,316,50,607,504,83,1994,408,274,346,786,288,634,231,0,374,756,340
2025-10-27,335,72,93,229,816,1817,286,205,1489,0,1957,395,38,338,230,842,191,591,272,43,835,536,0,2014,345,304,361,818,259,604,264,0,379,822,312
2025-10-28,343,62,65,232,999,1974,346,310,2090,0,1584,353,20,346,244,746,0,590,301,45,673,627,0,2207,361,269,282,1220,284,752,218,0,412,1191,333
2025-10-29,308,56,106,293,796,1964,358,212,1762,0,2128,331,32,458,254,869,68,780,273,68,946,593,70,2091,399,261,305,1065,295,733,194,0,349,835,315
2025-10-30,310,63,158,277,912,1997,299,363,2011,0,1835,398,29,409,197,834,0,749,338,10,1079,574,14,2106,377,289,335,1155,249,676,249,0,323,1131,335
2025-10-31,307,72,138,258,989,1966,345,269,1817,0,1774,404,31,288,266,748,113,632,361,46,732,511,5,2055,377,340,349,747,226,645,203,0,328,982,297
2025-11-01,317,55,35,262,783,1819,339,253,1404,0,1914,378,26,370,235,721,25,646,359,51,602,500,91,1924,395,289,315,809,275,628,246,0,335,783,344
2025-11-02,341,62,47,280,953,1778,334,283,2112,0,1066,351,23,343,228,915,0,775,212,61,731,494,25,1966,402,322,331,876,289,523,237,0,347,835,333
2025-11-03,334,54,100,277,829,1840,304,262,1772,0,2289,368,31,339,238,713,63,554,294,67,706,550,33,2011,396,262,326,1034,267,596,254,0,325,951,297
2025-11-04,327,61,55,282,1078,1954,324,252,1868,0,1738,417,43,328,244,728,67,686,320,71,932,536,37,2180,343,223,330,847,224,636,214,0,367,1307,354
2025-11-05,318,63,68,261,1066,1934,316,339,1758,0,1951,364,30,309,263,783,24,676,339,78,799,568,116,2170,358,283,336,1113,283,690,256,0,384,1332,318
2025-11-06,333,74,50,237,1169,1996,330,436,1675,0,1655,363,45,358,225,777,0,654,274,66,1100,562,78,2134,326,295,309,1138,276,724,222,0,351,1151,295
2025-11-07,312,68,130,280,966,1815,328,462,1718,0,1997,345,31,403,248,707,126,848,271,53,725,608,58,2013,380,192,320,799,302,696,260,0,352,665,336
2025-11-08,341,67,106,261,600,1734,325,227,1642,0,2100,434,41,430,229,750,0,645,253,45,602,507,45,1957,357,297,340,995,331,615,202,0,388,1057,323
2025-11-09,345,63,147,249,985,1845,324,342,1515,0,2238,347,41,349,214,733,59,514,287,58,661,404,61,1990,388,304,310,985,341,446,243,0,355,867,343
2025-11-10,343,65,100,280,654,1829,341,346,1643,0,1706,452,32,266,243,809,77,570,318,40,772,565,16,1960,304,291,301,1371,295,650,220,0,364,829,311
2025-11-11,334,68,71,250,811,1965,379,202,1512,0,1833,392,40,360,244,848,0,577,329,57,1050,626,0,2159,328,259,357,1118,188,656,249,0,279,1024,329
2025-11-12,338,78,137,233,952,2064,292,275,1741,0,2175,399,29,273,228,753,128,777,305,59,555,609,61,2175,346,282,317,928,269,757,226,0,353,1383,353
2025-11-13,332,72,59,236,906,1965,267,323,1639,0,2455,337,54,314,226,884,0,654,339,70,991,540,0,2087,384,267,317,798,240,750,239,0,315,1034,320
2025-11-14,327,73,43,298,833,1851,328,277,1188,0,1379,389,51,346,255,763,52,766,342,51,560,561,66,2062,364,274,338,1114,265,614,211,0,411,815,319
2025-11-15,327,65,77,227,976,1777,368,273,1519,0,1082,374,43,251,294,860,79,551,344,44,703,501,39,1948,358,308,272,1017,254,600,244,0,351,1014,314
2025-11-16,333,70,9,250,714,1838,367,344,1105,0,2003,345,48,389,207,728,0,436,300,53,805,437,25,1938,350,272,294,1011,296,520,209,0,358,1028,299
2025-11-17,301,72,33,229,930,1879,316,296,1849,0,2082,361,42,332,275,770,0,707,344,65,561,530,67,2058,370,297,259,946,294,603,247,0,327,810,348
2025-11-18,334,61,47,292,1051,1956,338,274,1792,0,2326,367,45,325,256,807,130,675,319,43,997,629,52,2103,351,283,311,1087,253,643,232,0,338,1214,312
2025-11-19,316,87,13,278,582,2006,298,440,1556,0,2417,347,44,446,238,885,0,666,256,69,855,621,30,2093,336,238,312,1260,289,613,233,0,357,954,317
2025-11-20,321,72,35,224,1071,1897,350,319,1653,0,2658,343,43,388,257,731,0,589,308,58,674,571,66,2148,384,302,307,1324,259,616,261,0,388,1001,332
2025-11-21,304,75,45,297,848,1853,346,391,1520,0,2714,324,45,437,286,750,181,608,336,65,915,537,69,2003,326,314,294,1197,220,700,225,0,313,885,327
2025-11-22,298,73,47,269,860,1814,298,280,2076,0,1567,379,58,435,176,777,95,623,271,40,881,488,19,2003,346,278,299,1104,329,648,219,0,385,888,358
2025-11-23,344,79,126,259,786,1820,347,246,1384,0,1682,408,37,265,281,602,36,640,267,50,539,445,68,1901,341,304,320,1066,262,543,209,0,382,860,336
2025-11-24,322,70,77,268,629,1902,370,343,1810,0,1754,366,52,333,251,636,243,657,353,78,652,578,0,2081,303,236,299,832,281,608,264,0,329,665,334
2025-11-25,326,74,92,262,1064,1927,332,326,1706,0,1524,375,62,294,238,835,90,633,305,38,929,555,48,2025,301,284,303,993,287,729,223,0,335,1308,328
2025-11-26,321,74,33,258,949,2037,329,227,1637,0,1875,319,65,447,263,825,119,752,252,90,634,545,107,2137,385,276,325,898,305,859,214,0,342,1095,316
2025-11-27,326,76,101,283,936,1913,295,382,2172,0,1590,385,45,431,236,777,185,663,302,75,899,544,54,2134,356,289,255,881,307,574,250,0,321,1000,339
2025-11-28,327,90,53,256,722,1980,304,237,2184,0,1831,355,55,474,255,801,97,641,281,52,870,541,64,2094,309,239,287,820,275,622,235,0,335,981,312
2025-11-29,324,74,97,298,764,1762,331,255,1872,0,1870,373,54,328,227,799,0,762,307,69,590,503,39,1954,310,260,313,983,256,549,213,0,382,797,337
2025-11-30,332,81,72,320,693,1828,356,320,1365,0,2224,422,55,321,186,751,61,517,296,63,894,492,84,2019,347,272,334,1091,235,501,224,0,308,1181,317
2025-12-01,321,70,101,255,962,1832,340,369,1368,0,2426,344,52,352,225,693,87,748,288,68,860,500,73,2017,336,299,291,1193,303,666,249,0,376,936,325
2025-12-02,322,83,76,232,836,1911,328,290,1438,0,1971,365,47,377,246,837,54,709,358,67,729,606,65,2126,361,240,351,821,355,637,230,0,332,1436,354
2025-12-03,322,84,66,309,958,2015,283,296,1798,0,2173,432,56,406,267,878,0,716,288,52,709,609,56,2085,396,269,268,1153,309,722,214,0,332,887,315
2025-12-04,362,86,133,276,1140,1987,326,328,1940,0,1876,368,51,341,246,744,0,642,347,48,916,629,59,2143,347,267,310,1133,285,645,260,0,371,737,350
2025-12-05,339,81,48,327,898,1965,363,252,1673,0,2145,385,55,339,249,749,50,693,322,65,806,492,65,2019,317,233,323,562,335,633,201,0,369,986,326
2025-12-06,315,84,0,350,980,1775,316,315,1383,0,2229,364,59,333,198,814,11,645,342,71,819,519,58,1975,360,298,381,1264,310,594,239,0,379,1046,330
2025-12-07,330,87,59,347,1213,1835,314,360,1433,0,1626,457,55,471,217,656,83,600,335,68,602,483,120,1985,316,281,253,1272,283,566,230,0,335,897,301
2025-12-08,349,82,154,332,989,1905,325,328,2127,0,1930,388,51,401,222,744,124,686,290,60,826,543,21,2029,377,288,303,1229,293,507,239,0,289,772,329
2025-12-09,313,85,44,282,1271,1926,350,408,1988,0,1544,383,69,539,265,869,0,648,228,72,766,586,60,2083,321,278,341,1156,298,655,250,0,368,1187,327
2025-12-10,324,79,105,280,1031,1981,335,363,1834,0,1593,381,62,441,198,810,0,826,322,73,852,632,132,2062,404,307,313,1037,213,573,215,0,331,827,316
2025-12-11,328,91,145,189,1006,1957,336,282,1692,0,1900,420,60,339,251,787,32,693,384,77,867,639,13,2147,445,282,317,885,290,665,254,0,336,760,318
2025-12-12,345,73,25,248,787,1917,304,275,2042,0,2047,377,66,459,220,787,0,701,282,63,803,560,89,2024,351,279,326,967,243,640,209,0,336,1136,330
2025-12-13,326,81,25,294,677,1868,339,316,1759,0,2088,426,82,338,269,696,0,629,306,59,579,447,106,2019,412,246,286,1257,263,639,246,0,304,863,343
2025-12-14,353,72,110,268,980,1813,338,358,1740,0,2095,346,82,353,188,733,0,822,299,80,739,463,31,1954,342,273,283,1237,372,607,229,0,294,954,346
2025-12-15,319,84,79,291,795,1868,342,215,2178,0,1264,389,67,492,224,619,54,794,232,60,773,519,88,2001,285,279,354,853,317,664,242,0,411,1150,294
2025-12-16,325,86,48,276,870,2049,329,275,1614,0,2447,426,59,305,189,842,0,775,307,47,952,596,123,2137,373,317,273,1347,285,707,240,0,416,916,312
2025-12-17,337,77,23,305,1054,1929,308,255,1678,0,1741,340,77,381,216,812,63,737,283,58,760,579,38,2107,336,278,300,947,244,578,228,0,370,1027,321
2025-12-18,361,79,97,300,1026,1955,361,335,2120,0,1382,398,66,383,230,938,0,613,306,59,798,565,125,2089,379,277,343,1079,259,701,223,0,405,950,300
2025-12-19,314,83,41,221,1041,1942,323,346,1686,0,1790,344,79,301,255,821,235,706,289,93,787,568,53,2003,344,238,331,1262,291,539,238,0,335,898,346
2025-12-20,322,86,15,223,1005,1797,328,307,1637,0,1705,383,60,337,249,807,0,599,311,64,860,460,35,1957,420,254,317,1136,299,572,219,0,364,1025,325
2025-12-21,345,77,56,272,1082,1833,334,385,1327,0,2225,353,68,354,195,696,27,586,353,61,696,506,76,1953,390,264,359,710,241,618,273,0,352,1061,304
2025-12-22,345,83,77,251,762,1873,300,431,1346,0,1815,437,67,422,208,816,148,671,277,84,945,484,115,1990,399,254,317,1320,229,521,218,0,327,826,332
2025-12-23,326,96,36,252,1026,1986,355,278,1817,0,1789,418,72,330,308,763,125,679,339,67,517,606,59,2115,305,308,321,1118,294,597,200,0,339,1160,315
2025-12-24,320,83,133,295,1073,2013,326,321,1682,0,2087,363,95,224,266,839,121,868,352,89,710,600,92,2158,407,297,350,979,296,648,222,0,316,830,331
2025-12-25,297,103,99,315,767,2024,335,319,1637,0,2213,419,75,434,226,653,28,638,329,59,886,536,78,2181,351,243,345,937,304,671,256,0,367,765,346
2025-12-26,339,70,108,208,753,1928,303,419,1734,0,1489,354,74,311,204,842,179,555,308,85,854,524,129,2010,381,261,290,805,309,558,227,0,355,1028,311
2025-12-27,316,85,5,312,746,1813,344,291,1524,0,2084,350,62,424,217,748,82,577,299,83,1062,515,109,2002,382,247,318,923,233,446,242,0,426,1042,330
2025-12-28,313,91,31,270,974,1839,311,292,1513,0,1730,450,72,379,221,827,111,646,280,63,671,533,46,1954,405,328,328,682,310,535,223,0,346,944,294
2025-12-29,367,89,20,318,1052,1861,334,298,1359,0,2241,453,73,367,234,668,153,644,363,83,686,545,135,2018,339,273,330,1414,336,637,276,0,343,1103,301
2025-12-30,309,84,161,285,889,1935,346,272,1828,0,1956,353,77,226,183,910,144,776,325,80,562,628,72,2045,295,304,325,1295,306,703,198,0,379,903,327
2025-12-31,309,97,57,304,1079,2014,330,329,1818,0,1866,341,82,394,222,762,119,697,316,64,957,601,61,2131,311,270,281,893,267,701,215,0,366,751,332
