Date,RFY,HZQ,DMN,OTL,GNL,MZO,ZYT,LTU,YGE,LLK,BMF,ZSJ,FTW,AYD,NFH,HTF,AGN,DTO,XSB,GFA,DHJ,BSQ,IZX,FZI,OZW,EYS,ZMY,HNV,END,QZF,NLT,PFQ,YMQ,CTH,MTE,CYK,DZZ,PLB,CGV,EHT,EEC,RAN,IFI,DSA,CNW
2021-01-01,2278,65,1982,88,71,69,75,79,63,89,941,0,61,0,77,83,0,81,0,67,75,781,74,63,77,1043,0,66,88,76,57,59,0,62,54,1019,57,95,797,74,989,2273,82,1139,80
2021-01-02,2361,61,2305,75,66,74,67,69,72,72,855,0,77,0,106,94,0,64,0,53,115,828,99,76,93,994,0,50,81,68,64,80,0,66,60,799,56,83,815,66,1040,2261,74,1094,68
2021-01-03,2081,71,1936,81,82,60,77,90,67,76,734,0,78,0,75,90,0,90,0,74,83,788,76,98,107,919,0,56,100,76,61,57,0,65,62,659,61,68,669,80,688,1977,93,1006,62
2021-01-04,1932,52,1688,111,67,72,65,62,61,105,888,0,64,0,77,95,0,92,0,54,94,662,104,90,82,841,0,53,92,72,67,67,0,60,67,553,46,105,550,55,917,1909,81,931,58
2021-01-05,2287,65,1835,99,81,62,65,74,66,63,576,0,67,0,99,88,0,75,0,53,88,723,88,103,107,864,0,62,92,74,63,75,0,60,58,754,55,77,636,107,779,1982,72,939,74
2021-01-06,1979,83,2053,66,67,67,85,77,66,78,857,0,71,0,88,84,0,60,0,79,61,788,87,92,73,923,0,65,104,72,73,81,0,47,47,794,55,89,643,90,1133,2065,93,1005,80
2021-01-07,2427,51,1910,66,67,75,64,79,67,81,790,0,75,0,95,92,0,74,0,73,39,897,57,88,76,1011,0,52,87,77,53,62,0,53,61,747,66,94,794,70,895,2195,72,1098,69
2021-01-08,2407,73,1953,86,87,76,67,87,71,82,957,0,67,0,99,95,0,78,0,50,75,897,87,89,93,1028,0,53,90,82,64,74,0,65,71,964,64,80,797,72,661,2255,96,1133,72
2021-01-09,2139,54,2363,72,73,72,78,65,63,76,815,0,79,0,67,94,0,79,0,74,124,877,98,65,106,997,0,51,89,67,57,47,0,46,54,788,59,81,737,80,1438,2240,78,1111,47
2021-01-10,2031,62,1690,77,71,71,67,82,68,75,914,0,72,0,67,90,0,74,0,59,75,754,103,68,80,908,0,57,81,73,66,86,0,59,63,801,56,87,674,89,771,2015,77,991,49
2021-01-11,1434,70,1756,110,78,69,58,75,66,91,690,0,61,0,96,83,0,95,0,61,75,707,77,71,81,845,0,61,103,77,53,75,0,61,66,767,61,91,606,79,829,1915,88,956,70
2021-01-12,2320,55,1855,74,72,69,71,67,66,104,639,0,65,0,71,99,0,83,0,59,83,805,106,48,85,842,0,62,91,78,68,91,0,48,60,696,67,73,660,83,1024,1886,70,952,87
2021-01-13,1884,65,2129,89,78,68,65,76,61,94,838,0,74,0,87,86,0,77,0,51,99,771,96,82,96,913,0,55,99,72,63,83,0,57,57,657,57,94,650,87,829,2056,84,1014,81
2021-01-14,2096,66,2179,76,76,68,89,86,68,87,1008,0,73,0,72,92,0,71,0,39,72,893,83,77,83,988,0,70,93,72,56,84,0,83,63,850,42,86,749,67,803,2271,85,1093,66
2021-01-15,2251,69,1859,66,80,62,54,68,62,46,861,0,60,0,71,91,0,98,0,78,114,895,58,74,96,1045,0,60,81,70,67,80,0,47,49,752,28,71,800,88,1089,2259,94,1117,59
2021-01-16,2485,58,1993,74,78,64,66,80,70,61,796,0,72,0,96,86,0,76,0,73,83,901,87,92,75,1015,0,56,96,78,60,77,0,58,60,945,49,90,776,80,675,2180,66,1089,73
2021-01-17,1782,71,1984,82,66,65,81,91,63,75,750,0,79,0,83,93,0,106,0,69,74,776,76,83,93,915,0,54,94,66,65,73,0,54,63,629,53,81,670,74,1115,2094,90,1020,74
2021-01-18,1667,55,2100,110,69,65,72,71,65,83,781,0,52,0,85,94,0,97,0,70,74,710,93,68,99,841,0,48,80,79,60,63,0,65,63,741,54,74,630,84,783,1977,73,939,63
2021-01-19,1046,66,1622,82,59,66,79,96,72,85,713,0,76,0,100,103,0,65,0,64,72,720,89,90,82,850,0,51,89,74,57,88,0,53,68,572,43,85,587,69,751,1874,86,934,81
2021-01-20,1635,65,1922,95,80,63,83,79,67,95,795,0,77,0,101,89,0,58,0,57,105,883,81,92,104,900,0,56,86,77,63,68,0,62,56,771,78,107,701,88,822,2049,79,1008,65
2021-01-21,2072,70,2021,75,68,68,100,79,60,71,878,0,84,0,60,87,0,76,0,74,80,882,74,72,78,1013,0,63,83,75,63,101,0,69,53,1056,62,90,737,62,1233,2177,88,1071,63
2021-01-22,2395,44,1811,71,66,67,82,83,66,47,872,0,65,0,82,82,0,87,0,62,89,892,86,87,97,1026,0,52,83,79,68,79,0,37,66,888,56,89,809,72,1206,2277,85,1145,67
2021-01-23,1684,62,2045,72,73,70,64,67,67,102,718,0,66,0,80,89,0,66,0,51,87,953,91,91,85,1004,0,45,82,69,57,82,0,79,59,763,63,65,738,49,1310,2110,88,1089,47
2021-01-24,1965,58,1824,105,76,70,59,77,67,54,958,0,59,0,101,89,0,79,0,60,34,793,91,81,105,914,0,57,93,69,61,67,0,69,56,657,61,95,709,90,690,1995,81,1014,70
2021-01-25,2070,62,1399,79,72,64,79,69,74,96,814,0,76,0,106,87,0,76,0,45,72,726,83,79,58,869,0,65,96,78,69,72,0,41,67,546,65,110,660,69,852,1955,81,934,97
2021-01-26,1856,57,2030,76,61,71,87,86,58,97,617,0,91,0,106,94,0,83,0,63,89,811,95,93,97,851,0,59,90,70,54,69,0,66,71,660,54,82,571,81,879,1860,79,937,60
2021-01-27,1737,53,2074,83,68,60,69,71,66,78,892,0,76,0,90,97,0,89,0,45,72,796,108,102,94,926,0,62,83,77,67,81,0,53,56,869,58,96,691,71,1052,2102,75,1014,63
2021-01-28,2325,76,1830,62,66,73,66,81,69,109,734,0,74,0,111,86,0,84,0,33,129,895,88,84,94,1015,0,42,88,77,77,78,0,66,54,874,83,93,781,80,613,2286,78,1095,55
2021-01-29,2349,64,2122,77,79,71,66,77,61,54,941,0,84,0,105,100,0,71,0,57,99,853,97,73,102,1053,0,63,108,72,51,81,0,60,56,857,74,95,775,65,850,2333,85,1145,89
2021-01-30,2084,64,1840,75,67,78,60,79,74,92,916,0,65,0,103,86,0,70,0,50,96,905,95,94,82,1024,0,60,84,82,50,59,0,80,54,661,55,83,777,58,834,2188,94,1088,84
2021-01-31,2074,69,1835,83,69,60,73,71,66,63,752,0,83,0,86,80,0,88,0,65,60,904,107,75,86,900,0,43,81,68,66,38,0,65,62,788,66,81,656,71,988,2086,67,1014,70
2021-02-01,1375,73,1499,101,75,64,59,76,64,63,740,0,60,0,103,102,0,59,0,74,57,700,98,61,75,846,0,54,97,67,67,80,0,77,64,587,57,92,574,62,826,1816,96,938,59
2021-02-02,1510,56,1962,64,68,71,67,89,62,69,741,0,70,0,89,80,0,58,0,56,112,624,94,100,101,841,0,67,105,76,60,83,0,70,53,581,48,75,633,62,1101,1954,58,949,67
2021-02-03,1382,70,1967,95,82,63,78,84,62,70,825,0,72,0,87,92,0,83,0,62,93,862,67,66,79,894,0,54,74,82,52,57,0,84,72,793,64,91,667,74,525,2096,79,1018,79
2021-02-04,1912,59,1847,76,65,75,79,71,74,80,810,0,69,0,66,98,0,84,0,63,84,852,82,108,89,1008,0,70,92,70,70,73,0,73,56,913,34,115,773,71,829,2146,94,1081,72
2021-02-05,1894,74,2452,73,68,70,65,78,64,79,905,0,63,0,107,99,0,89,0,56,59,901,82,106,104,1036,0,61,86,76,58,53,0,56,56,919,83,92,721,68,889,2306,93,1131,71
2021-02-06,1979,55,1717,88,85,66,80,71,68,76,902,0,71,0,92,91,0,79,0,36,62,834,74,91,98,1000,0,54,84,77,69,75,0,61,59,795,49,87,747,75,1055,2239,72,1090,70
2021-02-07,2036,81,1661,105,73,62,58,77,75,72,789,0,75,0,86,95,0,66,0,60,98,868,63,72,83,912,0,49,94,67,51,81,0,79,67,833,42,77,761,63,1068,2121,84,1004,68
2021-02-08,1889,65,1563,64,63,78,79,81,64,71,662,0,66,0,81,90,0,89,0,73,66,756,94,87,82,825,0,58,92,70,66,73,0,52,54,714,75,86,656,69,745,1878,87,954,73
2021-02-09,1591,73,1724,67,70,69,75,77,59,78,777,0,79,0,99,89,0,93,0,58,89,643,83,91,98,844,0,60,95,76,61,20,0,59,63,430,60,92,669,75,994,1877,81,937,80
2021-02-10,1525,53,1787,81,64,61,79,82,63,80,743,0,70,0,71,91,0,72,0,65,78,863,49,68,86,904,0,63,86,78,64,70,0,61,62,934,57,91,672,71,735,2032,82,1009,72
2021-02-11,2257,45,1936,58,74,62,73,71,62,89,750,0,69,0,92,87,0,79,0,53,66,903,87,63,94,999,0,56,88,75,61,63,0,52,61,894,63,90,732,71,1195,2232,88,1101,79
2021-02-12,2035,63,2111,105,79,77,67,79,68,92,1084,0,71,0,88,103,0,69,0,57,61,944,67,77,97,1029,0,54,89,76,66,92,0,46,67,1053,91,91,889,86,1206,2261,70,1130,77
2021-02-13,2114,48,1743,87,72,65,61,68,67,52,982,0,57,0,89,82,0,75,0,64,104,811,85,68,87,996,0,47,74,70,59,81,0,56,56,695,33,76,762,78,1032,2149,92,1092,68
2021-02-14,1714,67,2229,86,66,65,82,78,64,98,824,0,72,0,77,89,0,76,0,55,63,849,88,99,93,932,0,38,80,76,61,86,0,72,62,629,50,88,691,98,832,2112,70,1014,78
2021-02-15,2202,57,1883,82,76,73,58,57,75,90,756,0,70,0,83,97,0,87,0,64,64,765,113,131,86,838,0,61,91,67,48,66,0,62,65,581,61,77,667,84,912,1820,83,938,76
2021-02-16,1645,55,1871,95,62,63,86,90,65,90,763,0,67,0,86,75,0,95,0,62,82,694,103,63,80,864,0,60,92,79,63,71,0,61,56,770,57,82,645,62,783,1927,84,945,45
2021-02-17,1789,62,1754,106,80,72,80,78,67,95,685,0,57,0,89,104,0,73,0,53,87,773,94,78,117,892,0,56,91,70,66,84,0,74,51,745,52,79,717,56,764,2108,90,1004,83
2021-02-18,1541,65,2275,84,75,67,75,92,58,83,860,0,65,0,95,101,0,82,0,62,88,871,74,76,90,1013,0,51,98,80,69,65,0,79,62,1062,62,72,755,83,747,2180,80,1079,75
2021-02-19,1826,59,2335,81,89,69,70,54,64,37,877,0,54,0,95,84,0,88,0,68,91,1021,67,90,84,1027,0,54,86,69,65,81,0,48,68,839,53,81,803,53,1077,2357,90,1121,56
2021-02-20,2607,65,2055,88,74,71,88,88,66,85,835,0,80,0,100,97,0,86,0,56,69,957,90,66,86,1018,0,52,105,81,65,55,0,77,67,712,57,100,814,67,962,2190,78,1093,58
2021-02-21,2265,77,1636,76,73,66,72,67,60,87,674,0,70,0,103,93,0,108,0,71,102,753,73,78,89,951,0,62,97,66,61,73,0,74,59,833,66,74,686,68,906,1998,67,989,68
2021-02-22,1975,81,1953,76,75,63,83,66,67,86,795,0,84,0,87,99,0,75,0,52,85,740,94,65,88,856,0,58,76,72,69,71,0,79,62,822,68,87,581,85,793,1899,86,948,75
2021-02-23,1835,52,1841,92,66,60,61,82,66,97,546,0,65,0,77,89,0,66,0,52,73,594,108,82,79,837,0,51,87,76,62,70,0,74,65,686,48,91,653,60,856,1907,83,938,65
2021-02-24,1673,67,1748,76,66,67,66,63,64,96,809,0,56,0,86,83,0,93,0,60,70,848,86,96,98,924,0,58,97,73,55,82,0,61,56,766,58,82,626,99,978,2046,65,1011,106
2021-02-25,2397,49,1789,96,72,70,72,75,57,93,873,0,80,0,92,105,0,91,0,78,93,733,86,63,105,1014,0,53,99,74,51,63,0,75,64,689,43,96,717,71,1058,2141,73,1089,66
2021-02-26,1999,71,2206,76,71,63,72,87,71,99,872,0,77,0,92,90,0,85,0,55,111,876,96,89,77,1060,0,74,90,77,59,66,0,63,76,1078,63,82,798,67,1052,2295,96,1146,68
2021-02-27,2439,55,2581,72,73,64,90,64,69,88,840,0,84,0,75,84,0,92,0,60,69,835,64,49,79,991,0,67,79,73,60,60,0,66,66,999,65,81,738,69,983,2253,81,1081,64
2021-02-28,1411,75,2010,96,62,78,89,87,68,73,933,0,68,0,105,104,0,94,0,60,88,861,101,83,97,952,0,61,98,79,63,72,0,73,64,666,55,90,684,65,802,2078,75,1005,60
2021-03-01,1998,71,1498,75,82,66,75,75,63,108,797,0,55,0,90,86,0,83,0,56,88,650,72,65,81,857,0,64,87,76,73,57,0,80,65,712,36,92,642,74,821,1868,76,939,81
2021-03-02,2087,66,1408,78,78,70,76,81,62,84,707,0,77,0,91,88,0,80,0,37,64,711,75,87,93,848,0,52,96,68,63,64,0,63,63,676,46,81,673,67,719,1977,94,947,65
2021-03-03,1613,68,1879,57,70,74,66,75,72,79,821,0,83,0,76,95,0,94,0,58,84,777,112,82,102,924,0,52,102,75,64,66,0,70,45,741,62,88,651,87,1010,1993,79,998,60
2021-03-04,2099,66,2084,74,74,60,67,90,62,76,861,0,54,0,97,101,0,85,0,80,83,827,87,92,67,977,0,64,91,80,60,72,0,42,62,926,54,87,731,87,993,2284,96,1104,68
2021-03-05,2324,62,2106,75,70,68,78,76,63,76,920,0,59,0,76,89,0,78,0,36,98,856,91,66,99,1016,0,44,94,75,64,79,0,54,61,827,52,88,751,67,1061,2254,88,1150,70
2021-03-06,2161,63,2086,91,82,71,69,78,60,68,1000,0,76,0,99,84,0,81,0,77,118,897,99,89,94,978,0,57,89,68,60,77,0,78,57,1007,62,96,765,80,1158,2159,91,1082,85
2021-03-07,1675,60,1247,79,70,76,81,81,72,95,761,0,79,0,89,102,0,96,0,64,74,780,84,112,100,945,0,62,88,83,67,81,0,71,61,715,60,111,632,56,1188,2082,85,1006,74
2021-03-08,1941,57,1440,71,72,74,62,84,73,76,694,0,75,0,103,99,0,105,0,37,105,821,89,81,86,839,0,52,79,70,61,85,0,72,60,632,61,107,640,73,768,1887,81,939,46
2021-03-09,1752,70,1320,85,82,67,68,78,69,73,667,0,66,0,69,86,0,105,0,63,121,746,122,81,91,842,0,67,90,74,58,49,0,67,62,653,84,92,616,90,792,1869,75,943,86
2021-03-10,2017,49,1660,86,59,65,72,71,68,95,833,0,81,0,100,86,0,101,0,50,100,739,90,99,84,935,0,59,91,65,69,57,0,75,62,738,52,74,664,80,840,2046,94,1011,72
2021-03-11,1924,71,1990,101,78,69,57,66,69,59,887,0,65,0,89,96,0,81,0,71,89,776,106,93,67,1040,0,63,84,75,61,66,0,60,65,850,54,95,748,97,1070,2155,85,1102,66
2021-03-12,2389,66,2040,75,64,64,78,71,66,82,889,0,76,0,74,90,0,95,0,71,98,872,111,81,105,1041,0,58,102,79,57,94,0,51,66,947,49,98,782,79,919,2278,85,1133,70
2021-03-13,1815,61,2040,74,77,80,80,72,58,92,856,0,66,0,100,92,0,77,0,47,108,868,95,63,96,1032,0,46,91,69,66,54,0,66,57,691,55,92,749,77,1087,2268,70,1098,79
2021-03-14,2016,71,1586,68,75,74,83,76,61,98,935,0,62,0,82,100,0,82,0,69,81,902,92,91,86,914,0,58,77,74,65,102,0,64,60,880,67,90,705,89,859,2038,81,1004,66
2021-03-15,1900,67,1275,84,69,67,76,84,66,92,716,0,78,0,91,101,0,93,0,58,119,674,90,72,111,873,0,54,84,76,63,83,0,64,64,493,53,85,563,60,759,1900,77,943,64
2021-03-16,1881,70,1840,80,82,72,80,79,61,51,662,0,82,0,87,91,0,73,0,72,89,762,84,91,83,863,0,58,98,75,64,47,0,62,59,673,55,89,607,78,861,1880,83,942,89
2021-03-17,2115,68,2065,94,87,70,81,77,68,98,798,0,67,0,92,83,0,93,0,55,79,835,73,98,79,925,0,46,88,72,58,49,0,45,60,895,39,84,612,89,942,1978,77,1018,74
2021-03-18,1735,57,2367,94,73,56,80,64,67,86,818,0,58,0,86,93,0,67,0,52,76,841,107,77,86,1011,0,50,87,73,54,65,0,81,69,780,85,82,691,80,842,2260,80,1091,83
2021-03-19,2064,68,2361,63,78,63,79,73,68,83,888,0,78,0,107,91,0,66,0,61,79,908,103,114,101,1018,0,51,96,83,65,63,0,79,68,976,61,89,848,67,987,2365,92,1129,79
2021-03-20,2301,74,1762,99,80,67,80,78,69,102,877,0,82,0,82,93,0,81,0,68,93,871,106,84,84,986,0,44,90,73,63,56,0,54,66,748,49,89,761,66,948,2102,83,1102,86
2021-03-21,2136,71,1975,75,75,65,60,89,56,89,904,0,66,0,90,96,0,105,0,56,66,820,90,66,94,936,0,57,108,69,58,50,0,80,49,864,61,88,705,75,1184,2021,76,1009,68
2021-03-22,1878,61,1747,92,76,66,85,73,65,105,743,0,63,0,93,100,0,97,0,41,106,686,110,80,94,853,0,61,85,73,67,91,0,38,77,667,46,79,596,85,854,1926,77,940,92
2021-03-23,2291,60,1656,74,77,70,77,79,61,65,694,0,77,0,87,97,0,87,0,59,98,749,92,70,111,867,0,66,97,79,63,79,0,83,63,774,55,100,577,59,1119,1859,83,934,88
2021-03-24,2317,75,1277,70,77,57,69,82,61,88,750,0,65,0,108,90,0,92,0,76,87,808,82,53,100,919,0,63,86,70,58,82,0,64,61,670,34,99,722,62,951,2074,80,1003,60
2021-03-25,1988,82,1994,83,72,70,80,73,65,72,841,0,67,0,82,100,0,84,0,75,93,761,100,105,75,979,0,68,97,75,61,67,0,56,62,815,68,93,760,78,833,2251,83,1094,52
2021-03-26,2533,63,2181,56,77,70,72,66,64,114,958,0,75,0,84,94,0,95,0,54,104,913,93,64,72,1036,0,55,72,79,62,77,0,66,60,1059,61,78,827,71,1333,2237,94,1134,65
2021-03-27,2175,71,1739,71,74,73,67,74,62,71,827,0,69,0,86,84,0,78,0,56,99,931,54,86,107,977,0,53,88,70,67,50,0,75,70,797,59,86,716,94,740,2258,73,1095,66
2021-03-28,2168,84,1889,97,62,69,87,83,73,87,756,0,84,0,97,108,0,78,0,51,93,705,73,87,87,943,0,62,81,75,60,59,0,85,58,909,45,97,618,66,993,2002,89,1008,60
2021-03-29,1571,63,1680,80,80,69,71,90,58,84,815,0,67,0,86,91,0,76,0,47,92,796,86,85,88,844,0,55,95,72,68,50,0,57,58,792,58,95,666,74,804,1886,82,961,83
2021-03-30,1955,65,1807,69,74,67,74,78,68,82,629,0,69,0,118,90,0,58,0,68,114,796,78,58,82,846,0,49,92,77,61,64,0,79,54,793,68,93,641,81,1051,1907,77,954,83
2021-03-31,1857,66,1397,95,73,69,74,73,64,87,901,0,67,0,78,88,0,84,0,57,89,801,95,88,95,900,0,55,81,68,54,78,0,70,70,726,59,84,727,54,767,2041,91,1007,74
2021-04-01,2447,70,1873,74,68,70,0,79,62,90,769,0,63,57,83,89,0,83,0,43,94,835,69,93,95,983,0,46,92,80,63,70,0,66,63,858,59,88,717,83,967,2293,68,1101,65
2021-04-02,2028,70,2154,95,81,65,0,63,64,118,904,0,82,0,85,96,0,68,13,59,99,933,82,87,89,1050,0,57,90,65,70,43,0,76,67,905,54,83,820,98,933,2231,89,1142,69
2021-04-03,2161,70,1964,76,75,68,0,65,70,62,931,0,66,0,108,98,0,72,25,66,84,857,92,79,81,985,0,53,71,81,64,87,0,73,73,852,57,95,742,77,1099,2171,86,1086,69
2021-04-04,2032,61,2133,72,68,72,0,53,62,60,710,0,68,0,98,84,0,89,0,37,87,811,69,73,97,911,0,64,91,76,59,94,0,51,62,685,68,86,742,77,816,2067,70,1014,60
2021-04-05,2024,64,1691,87,66,64,0,71,71,80,794,0,81,0,98,97,0,97,0,78,90,697,93,64,113,868,0,52,82,74,63,79,0,68,70,656,52,96,598,76,918,1901,94,934,102
2021-04-06,1725,62,1673,77,75,74,0,77,61,75,830,0,48,43,81,102,0,104,6,61,84,802,109,98,76,837,0,55,81,70,59,72,0,78,62,824,70,96,582,85,1030,1871,76,928,74
2021-04-07,1982,79,1358,98,78,68,0,85,60,80,696,0,70,2,66,87,0,78,135,73,100,769,90,84,90,928,0,49,89,66,60,76,0,63,62,828,65,75,696,61,636,1991,94,1013,57
2021-04-08,2614,59,2219,75,73,70,0,71,70,74,1027,0,70,37,90,101,0,73,17,43,107,866,91,50,88,1005,0,65,104,74,65,91,0,71,59,597,75,86,737,103,1098,2261,77,1081,85
2021-04-09,2138,60,2245,63,78,64,0,86,57,88,892,0,76,0,84,88,0,88,0,61,74,978,106,70,92,1058,0,49,106,80,53,79,0,49,60,947,59,83,777,69,1025,2228,75,1130,84
2021-04-10,2242,52,2164,94,66,71,0,67,66,107,692,0,93,52,83,97,0,62,0,60,88,1034,80,76,80,1013,0,58,92,76,62,103,0,49,58,778,64,86,799,64,902,2200,77,1087,62
2021-04-11,1730,78,1677,86,83,74,0,68,68,75,819,0,89,49,96,100,0,66,0,69,81,814,85,74,105,907,0,66,97,75,71,76,0,60,65,823,47,93,574,85,1269,2022,85,1002,56
2021-04-12,1635,65,1749,77,77,64,0,74,67,96,771,0,68,57,95,89,0,84,69,61,84,773,106,63,107,798,0,51,78,79,66,66,0,61,44,576,66,90,618,68,864,1976,89,938,76
2021-04-13,1344,55,1779,88,83,78,0,78,59,88,689,0,71,0,121,97,0,120,53,46,115,685,86,102,67,849,0,76,92,70,59,77,0,73,51,815,83,85,626,88,755,1868,71,947,51
2021-04-14,2500,68,1727,92,75,81,0,80,68,85,808,0,56,0,94,89,0,72,0,69,65,810,108,91,104,906,0,50,87,68,60,69,0,86,61,891,61,71,699,81,1291,1997,83,1016,61
2021-04-15,1965,67,1931,84,65,73,0,82,66,83,840,0,65,45,89,81,0,79,0,68,115,1017,105,80,76,989,0,53,100,72,70,79,0,51,68,969,72,73,784,61,903,2227,94,1090,63
2021-04-16,2078,68,1342,77,68,76,0,73,62,59,931,0,67,0,79,94,0,77,96,53,84,950,110,76,75,1020,0,53,98,74,64,51,0,58,62,896,68,85,815,59,1083,2244,75,1145,87
2021-04-17,1984,70,1997,86,72,55,0,82,68,76,864,0,74,0,84,107,0,77,20,49,97,914,86,76,99,996,0,49,87,74,65,74,0,55,54,870,60,92,800,100,1062,2162,76,1090,78
2021-04-18,2061,63,1813,69,64,71,0,83,66,95,791,0,60,36,75,98,0,91,58,66,98,752,94,87,95,922,0,54,109,78,68,70,0,77,56,844,37,86,653,64,957,2048,85,1011,84
2021-04-19,1729,50,1646,90,68,74,0,80,64,95,787,0,68,32,82,100,0,68,0,62,105,784,87,83,93,839,0,54,96,81,66,90,0,61,59,634,57,104,618,64,1107,1890,94,926,68
2021-04-20,1876,64,1634,75,69,63,0,85,63,88,665,0,84,53,98,108,0,86,89,43,73,765,104,73,94,865,0,53,90,71,54,79,0,68,53,924,71,90,609,73,614,1946,73,949,88
2021-04-21,1440,70,1712,84,80,76,0,78,64,94,781,0,71,0,89,93,0,66,0,64,64,757,91,85,96,908,0,66,86,77,61,44,0,72,54,775,68,88,707,56,972,1980,77,1022,97
2021-04-22,2027,71,2214,85,73,67,0,72,68,91,899,0,84,0,73,96,0,87,66,74,83,934,83,56,91,1018,0,74,83,72,56,86,0,60,62,762,43,81,711,97,826,2301,84,1101,69
2021-04-23,2476,78,2220,85,82,62,0,79,67,78,983,0,68,73,96,93,0,99,0,81,82,949,68,99,82,1029,0,60,90,62,55,68,0,52,52,1153,56,75,802,83,1230,2241,91,1129,78
2021-04-24,2012,62,1794,79,78,72,0,82,64,87,776,0,72,7,89,93,0,66,80,58,83,822,68,63,93,1016,0,46,88,83,59,75,0,75,60,905,68,97,790,73,1169,2135,76,1087,67
2021-04-25,1941,54,1771,82,68,65,0,75,65,69,879,0,89,0,97,92,0,73,0,55,63,701,80,98,76,924,0,64,89,70,57,50,0,41,54,816,80,85,716,68,902,2029,76,1033,71
2021-04-26,1858,66,1572,96,81,71,0,84,74,75,745,0,80,7,90,86,0,92,84,40,91,821,89,66,101,859,0,58,81,76,64,80,0,71,66,658,45,87,567,64,1123,1937,87,930,68
2021-04-27,1709,75,1061,71,69,71,0,71,57,74,644,0,61,0,104,77,0,74,8,55,73,876,101,101,105,843,0,49,81,71,66,76,0,63,62,550,69,75,588,76,1057,1949,94,947,58
2021-04-28,1554,58,1872,103,86,71,0,93,78,114,798,0,56,90,107,109,0,98,127,64,77,833,100,77,83,883,0,66,92,83,66,81,0,68,64,734,50,84,709,97,823,2003,80,992,71
2021-04-29,1914,65,2023,94,74,61,0,63,70,70,994,0,82,0,96,78,0,81,0,49,75,921,91,113,99,1000,0,67,93,71,59,64,0,65,68,925,59,62,756,86,1126,2160,77,1092,55
2021-04-30,2218,67,2194,78,86,70,0,72,59,101,817,0,59,0,100,108,0,73,0,68,62,927,82,107,91,1057,0,60,107,66,61,104,0,46,63,839,71,90,850,68,1144,2343,75,1125,69
2021-05-01,1854,63,1984,96,72,68,0,79,53,103,914,0,60,96,95,101,0,103,13,58,114,938,89,103,82,994,0,57,95,79,63,55,0,53,59,786,60,84,731,91,1128,2202,67,1099,76
2021-05-02,1595,83,1638,85,83,65,0,61,71,68,752,0,74,26,93,94,0,87,0,74,73,850,84,67,92,926,0,49,96,81,53,64,0,50,58,599,52,89,672,56,789,1983,77,1012,63
2021-05-03,1804,75,1702,88,81,63,0,70,60,95,609,0,91,0,89,93,0,56,45,55,98,766,72,65,110,860,0,43,101,73,64,68,0,69,45,823,65,96,607,75,889,1877,78,934,82
2021-05-04,2250,52,1825,72,83,63,0,70,63,58,756,0,50,36,78,102,0,77,158,56,76,796,55,83,72,885,0,63,97,75,69,69,0,66,52,826,41,68,630,71,694,1811,81,944,56
2021-05-05,1961,56,1920,84,75,73,0,90,61,68,765,0,90,134,88,90,0,97,10,47,94,826,82,96,96,911,0,68,78,67,56,63,0,55,60,713,53,86,653,77,1043,2042,99,1003,83
2021-05-06,2101,65,1707,70,56,61,0,88,72,84,953,0,70,0,75,103,0,86,0,64,86,932,75,80,96,1022,0,49,84,80,66,96,0,75,61,797,61,79,779,86,1075,2210,87,1110,66
2021-05-07,1901,64,2600,78,69,66,0,62,59,101,916,0,69,4,95,109,0,101,0,72,90,1004,106,82,79,1052,0,46,95,67,62,61,0,81,61,925,66,85,808,76,1114,2282,83,1151,76
2021-05-08,2176,58,1681,85,73,66,0,79,57,84,881,0,82,12,79,90,0,89,33,39,112,1030,79,60,100,1012,0,55,88,74,68,79,0,64,79,776,72,85,787,99,687,2230,80,1106,82
2021-05-09,2340,70,2197,72,74,66,0,63,74,101,877,0,56,0,102,95,0,89,0,65,113,815,90,112,85,917,0,48,83,78,62,90,0,78,53,684,51,71,657,66,974,2159,84,1001,63
2021-05-10,1988,53,1542,88,81,72,0,87,67,98,772,0,78,0,81,89,0,94,24,52,78,686,93,89,79,848,0,63,82,68,62,77,0,73,67,619,59,93,635,67,1061,1805,88,934,64
2021-05-11,2109,81,1930,103,72,71,0,74,59,70,700,0,59,14,89,84,0,79,17,68,113,778,75,92,107,863,0,58,96,79,56,90,0,83,64,542,64,76,578,73,715,1816,84,939,61
2021-05-12,1804,55,1643,90,73,74,0,88,67,83,673,0,83,0,98,100,0,98,0,56,87,898,92,60,107,944,0,44,92,77,58,61,0,65,56,693,55,85,688,80,756,2102,87,1029,80
2021-05-13,2570,69,1779,80,70,71,0,75,65,99,943,0,91,44,91,96,0,69,0,50,83,870,96,75,81,988,0,52,87,72,61,57,0,84,63,850,60,88,706,70,838,2147,82,1099,48
2021-05-14,2368,70,2000,88,79,77,0,75,72,84,998,0,65,0,92,96,0,82,0,69,77,921,77,66,96,1064,0,55,100,73,62,35,0,66,71,892,40,101,848,84,821,2312,73,1133,71
2021-05-15,2335,60,2149,100,81,67,0,66,66,75,774,0,65,0,73,98,0,50,0,54,133,859,95,107,80,1009,0,55,85,68,65,70,0,75,52,1028,47,91,763,64,1106,2189,97,1084,70
2021-05-16,2111,53,1747,90,80,66,0,69,65,90,835,0,69,21,99,102,0,87,0,68,134,747,87,112,96,909,0,41,86,76,77,94,0,66,70,781,66,79,708,88,1007,2010,82,1011,64
2021-05-17,1833,72,1417,69,75,68,0,84,54,98,525,0,67,0,78,101,0,69,63,38,100,779,101,77,89,866,0,60,90,78,60,59,0,70,55,757,52,98,641,66,1137,1869,76,944,64
2021-05-18,1971,75,1806,74,77,74,0,71,71,93,663,0,82,41,70,94,0,60,134,63,80,729,95,50,100,830,0,55,88,76,49,55,0,66,69,721,52,95,581,80,763,1941,78,922,80
2021-05-19,1794,50,1980,68,73,76,0,77,68,85,792,0,68,63,71,88,0,100,55,59,96,721,102,64,83,932,0,63,102,61,59,54,0,50,62,710,61,84,680,73,1052,1996,68,1017,50
2021-05-20,2212,77,1846,82,78,73,0,79,60,80,1004,0,76,94,82,99,0,84,55,38,78,794,97,94,95,1008,0,48,89,78,69,45,0,60,57,858,39,103,768,78,879,2181,92,1101,58
2021-05-21,2157,64,2198,72,69,73,0,65,68,94,880,0,84,0,92,91,0,83,75,51,72,880,78,77,105,1040,0,47,89,79,56,84,0,61,67,918,73,71,797,75,1093,2366,84,1114,83
2021-05-22,1988,56,1744,77,73,63,0,82,61,92,792,0,61,0,95,102,0,74,173,60,114,919,90,79,90,977,0,45,80,78,70,55,0,62,59,679,64,77,757,81,1250,2172,72,1099,60
2021-05-23,1900,66,1458,66,84,74,0,79,63,106,725,0,68,36,87,94,0,87,0,65,72,841,78,77,85,910,0,48,89,67,57,69,0,57,67,621,73,92,702,75,711,1985,89,1026,50
2021-05-24,1917,75,1717,82,75,70,0,72,65,75,724,0,73,48,75,99,0,99,0,55,105,780,90,74,64,849,0,60,84,74,67,80,0,69,59,738,60,92,591,72,955,1891,96,940,54
2021-05-25,1292,73,1501,95,76,70,0,74,64,77,752,0,73,0,97,95,0,81,0,60,80,811,118,84,104,841,0,57,91,82,65,73,0,56,64,752,67,85,667,81,832,1906,81,949,77
2021-05-26,1432,78,1466,97,68,71,0,78,59,56,847,0,60,49,107,91,0,85,34,59,69,950,96,86,102,900,0,59,95,77,58,91,0,76,58,738,64,85,639,65,750,2062,79,1016,72
2021-05-27,2406,59,1899,86,75,78,0,71,70,114,898,0,97,17,106,93,0,80,46,83,75,912,99,94,102,1006,0,55,87,70,62,72,0,63,56,1045,70,83,691,68,1036,2194,74,1094,71
2021-05-28,2101,63,1808,86,81,74,0,71,62,70,1069,0,58,19,82,98,0,76,0,55,83,913,86,66,83,1031,0,66,83,74,60,74,0,84,65,799,56,91,778,95,804,2214,88,1113,73
2021-05-29,1756,51,2145,58,75,72,0,81,59,61,872,0,68,0,76,103,0,97,67,60,78,860,78,76,77,995,0,49,85,67,56,93,0,51,63,746,79,95,716,92,721,2293,76,1103,74
2021-05-30,2086,72,1859,97,81,75,0,74,67,68,816,0,86,0,80,95,0,58,14,59,65,850,91,81,106,923,0,63,92,77,67,67,0,72,72,638,81,115,688,95,880,2046,79,1012,63
2021-05-31,1745,80,1452,76,76,70,0,72,62,104,840,0,70,25,101,99,0,93,116,66,93,740,73,106,100,858,0,62,90,76,60,55,0,45,56,790,70,111,570,59,682,1869,80,944,77
2021-06-01,1766,58,1869,72,78,61,0,89,71,93,655,0,65,100,104,102,0,69,0,69,89,674,59,84,65,856,0,47,80,68,59,72,0,60,65,598,72,97,561,84,647,1873,86,943,74
2021-06-02,2602,82,1959,81,62,75,0,71,63,79,858,0,56,40,74,100,0,82,6,42,91,828,105,74,101,914,0,48,91,78,62,66,0,59,60,593,46,97,655,73,846,1994,87,1002,73
2021-06-03,2388,62,1838,75,59,77,0,79,57,67,836,0,83,22,86,88,0,81,0,55,110,1051,70,83,100,1000,0,58,90,75,47,78,0,58,62,979,45,98,761,83,1161,2147,73,1094,55
2021-06-04,2175,47,1904,99,75,74,0,87,73,74,965,0,57,33,85,94,0,78,82,73,70,958,62,86,95,1031,0,57,92,69,69,120,0,41,60,848,67,89,817,64,1038,2140,92,1133,79
2021-06-05,2652,65,1730,65,67,67,0,86,59,108,912,0,69,78,70,98,0,93,0,70,92,1019,92,75,90,1022,0,44,92,77,65,66,0,69,56,1001,64,92,734,88,924,2223,75,1090,62
2021-06-06,1849,72,1772,87,80,75,0,80,54,53,759,0,74,0,101,104,0,71,84,53,79,810,110,68,108,931,0,55,83,84,60,64,0,54,71,871,48,85,636,87,1068,2126,69,1015,73
2021-06-07,1838,59,2049,88,71,73,0,69,71,59,852,0,72,0,84,85,0,76,0,65,102,674,76,71,87,856,0,58,101,72,58,79,0,51,54,700,51,94,625,79,785,1874,91,949,71
2021-06-08,1488,81,1848,82,83,73,0,85,65,66,719,0,71,50,91,108,0,90,50,58,66,777,90,57,93,857,0,56,75,70,58,84,0,67,63,462,59,85,596,83,791,1886,86,944,68
2021-06-09,1837,62,1606,79,67,64,0,65,65,97,759,0,79,0,88,85,0,64,0,56,94,806,103,86,90,925,0,60,88,83,62,76,0,54,67,668,70,92,671,66,1042,2094,91,1014,71
2021-06-10,2069,61,2325,55,73,73,0,84,71,94,852,0,80,55,110,100,0,88,23,71,73,860,108,83,91,1032,0,57,89,77,57,70,0,62,62,739,68,89,776,91,1177,2175,80,1080,109
2021-06-11,2402,78,1779,88,62,68,0,67,60,74,819,0,55,68,99,101,0,81,50,62,101,1005,97,76,91,1040,0,64,93,65,62,56,0,85,61,1014,40,87,808,69,974,2233,71,1129,102
2021-06-12,1761,55,1792,90,65,62,0,72,71,121,877,0,73,16,94,105,0,83,0,45,92,914,83,82,116,1008,0,73,97,75,70,61,0,78,48,861,52,98,781,82,980,2230,85,1093,66
2021-06-13,2143,65,1591,84,66,72,0,86,63,76,844,0,82,0,94,94,0,118,0,52,60,856,100,101,99,914,0,57,90,69,57,91,0,51,58,911,43,85,682,51,837,2026,84,1009,58
2021-06-14,2024,71,1686,84,71,63,0,79,63,83,650,0,77,50,102,100,0,74,0,61,95,808,95,90,87,856,0,58,87,73,55,87,0,88,65,459,38,108,575,67,858,1857,78,945,96
2021-06-15,2104,47,1527,83,79,76,0,78,61,52,866,0,84,0,90,84,0,94,90,59,101,698,83,72,111,857,0,54,98,86,69,88,0,63,71,670,71,86,589,62,865,1799,85,945,76
2021-06-16,1737,62,1525,82,88,70,0,76,60,79,966,0,89,43,93,97,0,93,34,45,78,895,100,92,76,937,0,50,89,69,50,74,0,75,65,731,66,99,722,85,1063,2053,71,1013,56
2021-06-17,2048,69,1814,59,71,73,0,74,64,82,863,0,90,57,111,98,0,114,26,53,94,787,89,66,90,1015,0,57,87,73,58,66,0,58,60,555,41,87,736,75,939,2204,89,1091,62
2021-06-18,2192,58,2043,88,85,79,0,98,63,83,850,0,80,0,96,103,0,111,0,62,79,904,85,99,99,1058,0,62,96,72,62,65,0,61,73,857,65,91,829,74,950,2271,81,1128,74
2021-06-19,2287,85,1960,94,64,70,0,81,67,89,893,0,88,8,86,97,0,78,59,74,72,794,103,80,86,990,0,53,92,77,62,72,0,77,56,795,72,79,783,71,1283,2271,86,1083,70
2021-06-20,1887,68,1707,79,75,65,0,76,61,107,785,0,68,57,94,103,0,82,57,60,85,895,104,78,85,908,0,56,78,70,66,66,0,77,62,845,53,84,639,68,996,2010,77,1014,63
2021-06-21,1500,68,1374,80,70,61,0,81,64,89,720,0,72,37,91,94,0,71,2,63,63,783,91,100,82,859,0,62,93,86,64,67,0,64,60,666,41,87,656,98,803,1906,83,953,68
2021-06-22,2116,80,1817,102,75,73,0,81,71,28,620,0,82,17,82,92,0,74,37,61,97,719,79,55,89,869,0,51,101,80,66,34,0,79,62,727,53,105,599,99,851,1859,89,925,72
2021-06-23,2211,57,1786,72,69,53,0,89,63,107,779,0,67,69,90,103,0,76,73,60,89,901,88,90,87,919,0,48,84,69,59,69,0,65,69,763,53,75,726,86,1070,2039,69,1008,57
2021-06-24,2053,61,2219,104,74,63,0,70,63,68,865,0,66,50,77,97,0,109,79,44,100,965,70,70,92,1021,0,59,68,74,66,67,0,63,55,789,52,100,753,73,1118,2141,87,1082,77
2021-06-25,2197,63,1961,84,69,76,0,68,61,104,1092,0,71,37,87,109,0,100,0,62,92,965,72,91,83,1054,0,47,81,74,52,59,0,61,68,732,83,93,765,93,1286,2352,93,1133,49
2021-06-26,2223,76,1999,70,73,67,0,52,56,59,907,0,72,74,85,88,0,74,5,65,82,821,92,77,89,997,0,52,93,73,72,64,0,86,58,900,52,73,783,44,1190,2188,68,1088,73
2021-06-27,2165,64,1766,54,75,81,0,77,67,102,841,0,67,19,82,108,0,96,10,66,79,798,105,79,96,938,0,60,98,71,55,79,0,56,59,625,71,83,673,65,631,1974,95,1022,67
2021-06-28,2168,58,1787,99,80,70,0,77,67,81,691,0,69,0,95,93,0,65,54,51,83,763,68,80,106,861,0,54,87,68,61,52,0,56,60,773,60,71,648,66,826,1825,81,957,64
2021-06-29,2109,73,1637,88,75,66,0,77,69,78,761,0,79,33,86,93,0,87,161,67,85,704,87,89,83,837,0,64,79,74,44,54,0,51,60,738,77,98,703,85,866,1856,80,949,81
2021-06-30,2433,61,2199,80,67,73,0,79,64,75,779,0,70,68,93,117,0,82,0,57,80,848,71,70,86,907,0,57,88,72,66,73,0,80,68,898,55,97,696,67,736,2082,88,1016,67
2021-07-01,2098,80,1768,89,76,66,0,88,61,78,913,0,66,0,85,0,0,100,0,37,68,982,0,83,75,1011,0,57,97,74,67,80,75,56,61,851,43,90,763,73,1174,2265,71,1093,71
2021-07-02,1869,51,1852,81,86,67,0,78,72,104,955,0,74,0,111,0,0,104,12,56,77,1014,0,83,84,1026,0,54,101,75,64,72,0,51,70,990,59,101,775,93,1074,2201,90,1128,63
2021-07-03,1776,70,1639,83,83,62,0,75,62,89,877,0,75,51,78,0,0,80,0,74,99,1065,0,102,98,1018,0,62,100,66,66,73,2,71,63,800,77,78,748,82,1020,2228,81,1101,48
2021-07-04,1589,69,1834,77,85,68,0,78,57,82,752,68,71,52,95,0,0,75,0,57,104,731,0,117,117,917,0,56,75,78,64,58,0,55,59,655,54,94,728,83,641,1983,87,1020,65
2021-07-05,1892,61,1342,92,80,61,0,80,73,56,736,198,83,58,82,0,0,88,19,67,69,794,0,80,94,804,0,44,109,66,59,85,34,78,65,668,61,95,636,82,804,1823,83,937,84
2021-07-06,1482,57,1719,67,69,71,0,67,65,86,648,0,88,0,89,0,0,62,113,49,72,776,0,68,97,850,0,58,90,71,68,52,0,70,62,633,68,92,592,73,564,1916,78,937,78
2021-07-07,2586,65,1599,61,64,70,0,70,57,101,809,20,68,35,98,0,0,64,17,44,48,697,0,90,81,918,0,57,81,76,51,89,52,54,53,936,54,78,697,63,971,1992,60,1025,66
2021-07-08,1983,73,1932,84,73,80,0,64,55,93,882,0,68,23,107,0,0,74,121,48,117,882,0,76,96,1004,0,55,96,73,58,73,0,47,70,901,42,96,759,91,629,2184,85,1093,73
2021-07-09,2398,76,2107,94,68,71,0,77,66,104,898,6,61,27,75,0,0,94,103,60,72,948,0,99,95,1053,0,55,74,71,59,81,7,88,65,887,51,73,799,68,1335,2349,85,1123,86
2021-07-10,2197,61,1878,93,76,74,0,81,65,119,867,34,80,48,89,0,0,76,130,63,102,810,0,94,87,994,0,45,99,81,57,85,30,53,58,841,64,111,736,80,633,2102,79,1106,67
2021-07-11,1719,79,1381,95,83,79,0,73,67,91,782,0,70,62,100,0,0,93,39,74,102,791,0,91,104,923,0,57,89,72,68,62,136,75,71,709,53,91,726,83,928,2033,94,1009,64
2021-07-12,2295,72,1809,78,76,65,0,78,69,88,697,0,67,23,78,0,0,83,0,42,101,707,0,76,83,858,0,61,96,76,62,67,0,79,54,595,69,95,594,76,794,1926,93,934,48
2021-07-13,1776,61,1295,88,84,73,0,92,58,73,744,117,87,127,85,0,0,78,153,72,91,673,0,97,105,868,0,70,80,71,61,53,21,74,60,615,73,104,577,71,949,1821,81,934,82
2021-07-14,1750,58,1640,70,79,71,0,85,70,67,830,91,56,92,92,0,0,84,79,69,79,823,0,111,88,939,0,54,102,64,54,71,0,51,70,808,43,89,708,68,1046,2004,76,1014,56
2021-07-15,2205,64,1986,97,71,74,0,81,64,93,858,25,58,48,90,0,0,72,0,53,94,800,0,76,84,1016,0,52,89,79,58,70,35,75,65,902,63,94,826,73,680,2225,77,1094,79
2021-07-16,1916,56,1551,100,83,71,0,75,60,66,850,0,62,49,80,0,0,87,68,71,86,908,0,64,106,1053,0,58,84,75,55,72,31,66,74,855,79,78,772,76,1220,2309,89,1130,79
2021-07-17,2704,75,2080,66,67,66,0,64,62,73,877,0,63,23,111,0,0,80,141,44,92,956,0,59,84,1040,0,46,81,74,66,73,0,63,67,803,42,84,760,73,1107,2135,80,1105,89
2021-07-18,2430,61,1508,72,68,62,0,82,69,86,706,0,60,40,87,0,0,88,29,64,70,880,0,71,91,902,0,69,100,72,63,94,20,73,69,609,58,83,694,91,834,1994,84,1010,92
2021-07-19,1578,68,1487,92,69,78,0,79,74,86,701,260,76,103,87,0,0,82,79,57,96,758,0,89,100,867,0,67,82,70,70,80,53,67,63,802,58,94,660,66,531,1993,83,947,83
2021-07-20,1580,59,1854,79,68,71,0,73,72,103,798,0,51,0,70,0,0,86,23,45,108,854,0,95,83,850,0,52,93,75,51,86,28,53,69,607,66,93,649,90,739,1792,79,937,92
2021-07-21,2421,70,1620,79,76,71,0,81,64,87,702,62,68,81,89,0,0,93,0,57,72,762,0,80,104,928,0,37,92,68,62,66,60,61,61,746,73,86,676,95,1081,2004,88,991,66
2021-07-22,1876,73,1921,85,82,58,0,86,63,76,873,55,67,0,83,0,0,101,0,66,95,938,0,94,90,1019,0,50,86,77,61,58,0,61,65,789,44,92,780,71,877,2232,79,1088,51
2021-07-23,2212,57,1794,82,62,75,0,57,59,73,961,115,80,45,78,0,0,58,51,65,84,989,0,90,99,1061,0,67,87,76,77,64,48,78,61,1048,73,92,833,79,921,2264,96,1127,78
2021-07-24,2315,66,2151,64,65,77,0,70,59,99,790,18,66,48,95,0,0,84,16,53,109,916,0,85,89,1018,0,67,97,66,61,54,0,73,61,834,68,87,781,65,791,2174,79,1107,76
2021-07-25,2442,74,1778,74,70,62,0,93,63,103,917,7,72,38,96,0,0,108,0,45,97,835,0,71,85,928,0,58,88,76,67,59,34,27,65,698,78,79,710,73,994,2043,80,1008,81
2021-07-26,1917,59,1607,59,84,72,0,72,62,73,766,132,71,56,102,0,0,100,0,55,72,777,0,70,106,857,0,52,75,75,52,83,18,65,58,713,66,94,642,55,987,1911,72,950,68
2021-07-27,1895,85,1662,54,85,75,0,68,60,84,719,14,62,35,90,0,0,79,0,66,83,689,0,89,86,836,0,58,97,73,56,110,49,64,55,660,50,98,621,75,1033,1780,74,932,44
2021-07-28,1967,61,2017,72,75,56,0,69,63,92,784,0,79,0,98,0,0,95,72,58,69,822,0,67,102,921,0,49,90,75,67,69,5,64,66,877,44,93,666,75,873,2064,91,1001,83
2021-07-29,2175,69,2231,90,76,64,0,69,59,76,845,0,78,35,91,0,0,98,71,56,52,880,0,74,90,979,0,56,79,64,61,59,0,47,58,846,68,97,746,78,1017,2136,71,1109,75
2021-07-30,2320,73,2081,96,58,63,0,74,66,72,869,0,67,62,83,0,0,93,33,66,110,1052,0,87,86,1044,0,50,100,75,64,65,53,67,63,900,53,77,790,84,1249,2309,84,1144,90
2021-07-31,2138,59,2174,79,87,68,0,75,76,71,955,26,69,24,99,0,0,62,38,60,112,1036,0,91,90,1016,0,65,90,79,51,88,0,57,48,967,56,113,811,71,877,2198,81,1095,79
2021-08-01,1838,51,1750,78,74,68,0,85,58,86,826,74,80,14,76,0,0,82,37,66,121,793,0,63,97,920,0,46,70,66,55,54,65,55,65,596,73,69,685,75,869,1995,81,996,88
2021-08-02,1793,57,1465,96,78,72,0,85,62,99,681,36,64,0,117,0,0,101,47,53,71,690,0,94,101,862,0,49,85,77,59,83,34,83,64,680,57,119,628,82,912,1892,87,937,69
2021-08-03,1959,76,1715,86,74,54,0,82,58,95,850,0,71,79,71,0,0,74,0,67,89,795,0,79,93,852,0,52,96,83,63,70,0,82,54,570,54,74,565,85,778,1868,88,941,66
2021-08-04,1685,75,1638,88,82,71,0,80,67,92,776,125,91,62,75,0,0,94,44,55,87,760,0,75,90,930,0,63,89,62,57,78,27,68,62,733,49,84,614,84,879,2031,74,1013,54
2021-08-05,2559,64,2038,80,80,70,0,78,58,91,835,41,80,47,102,0,0,87,0,54,113,780,0,72,91,1003,0,74,96,76,62,58,49,54,66,701,76,100,770,81,963,2201,87,1091,66
2021-08-06,2058,66,1912,67,79,74,0,88,66,61,813,0,91,39,96,0,0,79,134,50,107,958,0,92,83,1068,0,57,93,77,54,66,35,69,67,967,40,85,819,78,944,2242,79,1138,62
2021-08-07,2833,65,1922,103,86,68,0,74,67,113,1027,0,70,29,106,0,0,102,6,73,100,909,0,56,97,987,0,52,88,66,59,95,0,78,62,688,67,90,799,109,1017,2210,86,1091,66
2021-08-08,1851,65,2471,82,76,66,0,85,71,71,659,93,75,0,81,0,0,75,35,54,116,848,0,94,100,925,0,43,90,73,57,66,85,78,76,839,70,97,681,72,527,1983,81,1008,67
2021-08-09,1915,80,1556,57,76,64,0,64,75,60,809,84,73,75,93,0,0,99,131,43,67,743,0,75,82,874,0,42,104,61,54,51,0,59,60,788,57,85,674,94,787,1811,85,942,64
2021-08-10,1769,66,1915,70,70,73,0,83,60,76,748,0,74,28,96,0,0,79,0,59,84,675,0,61,97,831,0,63,77,67,56,64,37,83,63,632,71,91,618,100,541,1909,84,940,58
2021-08-11,2016,77,1841,88,68,78,0,80,66,77,737,32,68,43,77,0,0,102,186,56,86,752,0,93,103,939,0,39,92,72,63,25,48,58,60,771,81,91,668,74,811,2053,75,1013,77
2021-08-12,2453,78,1710,82,69,71,0,82,58,68,866,0,74,63,117,0,0,67,127,69,79,936,0,45,93,1018,0,54,82,74,63,57,70,58,56,892,49,95,774,80,1203,2108,85,1119,80
2021-08-13,2525,67,2054,81,78,67,0,80,65,70,1024,35,55,76,93,0,0,71,20,63,105,953,0,69,86,1059,0,61,105,72,65,65,0,64,66,581,59,95,793,103,860,2303,87,1138,62
2021-08-14,1981,68,1890,78,73,70,0,82,65,75,899,0,60,27,89,0,0,83,0,34,57,884,0,73,89,1004,0,60,79,71,58,53,4,55,60,947,67,106,751,78,966,2191,98,1097,57
2021-08-15,1990,78,1945,92,80,65,0,75,57,72,774,0,60,44,74,0,0,89,109,61,106,829,0,76,93,932,0,67,87,68,70,67,81,50,63,751,52,94,668,83,650,2039,85,1002,60
2021-08-16,1952,60,1895,82,85,78,0,62,57,51,664,0,68,26,81,0,0,87,121,52,82,744,0,96,98,835,0,55,89,76,62,73,29,70,66,661,52,89,663,79,831,1777,77,940,80
2021-08-17,1770,57,1755,87,82,76,0,78,66,71,832,96,74,0,85,0,0,82,33,57,77,798,0,69,109,872,0,53,81,71,72,50,0,60,73,577,50,85,593,90,528,1878,90,939,65
2021-08-18,2497,61,1438,93,84,68,0,88,63,69,751,39,61,0,89,0,0,109,63,58,80,897,0,106,84,919,0,33,100,80,62,53,56,57,60,702,52,81,681,65,1210,2012,73,1013,67
2021-08-19,2289,44,1627,86,87,81,0,82,64,73,837,0,56,7,102,0,0,87,0,50,109,919,0,103,87,1026,0,51,78,71,53,76,0,55,63,825,36,81,854,74,932,2192,79,1097,66
2021-08-20,2156,65,2009,84,73,64,0,84,58,91,913,56,79,9,97,0,0,85,0,68,89,937,0,88,96,1035,0,51,95,80,65,82,85,62,62,823,78,72,795,67,1197,2345,83,1122,58
2021-08-21,2219,63,1632,78,63,68,0,89,65,75,815,67,80,0,76,0,0,81,0,70,90,794,0,68,91,982,0,48,92,72,52,59,6,58,53,727,67,87,699,67,1033,2200,81,1094,52
2021-08-22,1938,58,1629,82,76,70,0,81,65,76,822,137,103,49,83,0,0,66,0,73,112,851,0,85,75,896,0,76,75,76,62,60,10,72,70,857,70,91,675,78,897,1929,82,1004,53
2021-08-23,2076,67,1324,59,83,74,0,83,59,97,696,23,73,0,88,0,0,87,0,81,89,796,0,76,89,862,0,52,98,72,60,80,106,74,64,744,81,83,613,84,932,1864,81,943,73
2021-08-24,2174,56,1589,90,80,62,0,72,68,87,855,2,67,46,88,0,0,69,7,64,48,828,0,62,108,866,0,57,75,68,69,62,0,39,63,692,62,96,597,92,729,1927,70,946,84
2021-08-25,2141,76,1599,80,65,71,0,87,60,86,715,49,75,26,97,0,0,112,49,53,93,839,0,91,96,907,0,68,101,78,68,59,0,55,59,535,58,93,666,67,1025,2038,72,1010,72
2021-08-26,2303,73,1922,72,77,67,0,81,66,80,833,144,65,53,114,0,0,73,9,34,93,848,0,58,107,1003,0,58,86,82,57,52,69,68,71,813,59,94,778,98,869,2137,87,1097,69
2021-08-27,2080,61,2435,95,78,73,0,72,66,82,952,105,69,81,99,0,0,101,69,56,69,938,0,53,76,1006,0,58,89,72,65,82,0,57,64,841,70,86,794,63,1131,2234,79,1141,54
2021-08-28,2572,71,1667,76,87,59,0,72,63,107,924,73,80,23,94,0,0,100,17,54,71,873,0,88,96,1006,0,56,96,77,69,62,70,67,54,714,74,88,762,78,1202,2203,79,1083,53
2021-08-29,1964,74,1588,99,74,60,0,74,56,102,704,26,68,68,72,0,0,57,112,52,63,1007,0,91,98,925,0,55,97,78,66,79,23,56,60,767,45,93,686,73,797,2137,90,1019,77
2021-08-30,1931,65,2060,91,90,69,0,77,68,85,812,72,76,57,78,0,0,88,47,63,68,866,0,72,104,855,0,56,86,74,59,61,0,63,63,672,60,92,644,90,947,1791,64,940,90
2021-08-31,1927,57,2010,90,72,70,0,80,57,96,699,42,62,79,94,0,0,88,0,62,87,803,0,98,91,854,0,53,87,72,59,54,54,77,75,583,60,100,550,91,651,1858,77,941,80
2021-09-01,2219,87,2054,86,82,68,0,81,65,74,855,46,82,93,100,0,0,84,105,58,114,779,0,73,80,945,0,37,79,75,51,58,60,68,60,946,83,103,695,72,932,2049,94,1024,55
2021-09-02,1851,72,1993,98,75,67,0,77,63,87,878,38,68,78,92,0,0,80,0,49,114,987,0,69,100,1014,0,53,93,73,56,85,2,69,59,712,72,101,779,56,976,2188,101,1103,64
2021-09-03,1968,46,2184,87,80,60,0,70,65,87,866,0,70,13,83,0,0,52,72,60,90,915,0,83,97,1053,0,58,89,69,64,57,78,78,56,761,57,97,834,80,902,2232,75,1140,76
2021-09-04,1800,67,1915,77,88,68,0,84,66,70,887,73,67,0,100,0,0,83,43,67,80,906,0,94,102,1000,0,58,102,72,65,79,7,59,71,837,55,88,759,83,1067,2112,85,1092,77
2021-09-05,1732,73,1385,78,73,69,0,79,58,62,914,135,87,84,105,0,0,80,113,57,103,934,0,100,82,931,0,41,81,72,65,82,32,59,58,590,68,87,672,84,1030,2078,70,1009,76
2021-09-06,1755,62,1376,67,69,72,0,79,63,96,728,93,86,68,83,0,0,91,66,73,89,867,0,93,98,868,0,53,77,75,59,61,0,54,50,608,55,92,651,84,763,1832,88,935,60
2021-09-07,2381,73,1653,76,66,70,0,77,69,85,703,140,74,84,82,0,0,78,0,50,86,835,0,64,74,846,0,58,96,78,66,86,58,60,68,461,61,107,620,79,968,1882,89,935,75
2021-09-08,1787,66,2034,85,72,66,0,68,61,93,769,20,73,30,85,0,0,97,0,52,71,795,0,74,85,920,0,57,91,69,54,59,47,78,68,760,54,94,631,73,1138,2185,76,1004,73
2021-09-09,1878,63,1742,76,85,75,0,81,60,66,927,0,83,0,76,0,0,86,42,45,78,915,0,72,90,1016,0,55,89,70,64,65,64,65,49,819,69,98,658,77,766,2236,89,1101,69
2021-09-10,2067,66,1724,83,74,73,0,70,56,95,839,0,61,64,92,0,0,94,113,71,84,894,0,73,104,1052,0,35,93,72,57,53,31,74,61,907,56,89,752,82,1385,2195,82,1125,65
2021-09-11,2062,46,1696,93,73,72,0,74,69,75,831,0,67,45,92,0,0,84,33,59,84,878,0,98,92,1007,0,53,86,82,58,63,12,69,60,858,52,75,751,87,878,2119,73,1102,78
2021-09-12,1975,66,1705,102,77,60,0,74,66,63,831,112,73,102,102,0,0,109,0,76,99,741,0,107,91,913,0,46,87,65,53,37,0,54,60,746,76,90,694,69,960,2025,94,1013,81
2021-09-13,1401,61,1534,73,74,68,0,65,61,61,826,125,81,52,87,0,0,99,0,37,110,835,0,90,96,849,0,54,89,73,61,76,103,61,70,863,73,88,661,84,1202,1835,72,949,70
2021-09-14,1920,52,1603,90,75,54,0,84,57,97,654,0,71,64,101,0,0,82,3,60,104,772,0,98,100,875,0,56,74,69,56,67,56,75,67,760,43,102,660,87,667,1778,72,948,69
2021-09-15,1997,66,1738,84,69,71,0,87,65,109,751,36,63,12,94,0,0,96,17,51,71,783,0,71,115,914,0,65,103,76,62,49,19,76,70,976,56,95,667,72,959,2000,86,1008,73
2021-09-16,2400,71,2084,82,71,61,0,80,67,54,1000,0,89,69,104,0,0,63,119,33,93,935,0,60,100,993,0,45,86,71,64,63,97,78,72,926,56,92,721,76,1088,2212,85,1076,83
2021-09-17,2205,72,1948,75,68,79,0,72,67,93,894,162,75,32,88,0,0,84,75,40,75,875,0,85,112,1064,0,65,97,76,54,83,0,45,62,860,65,88,796,90,937,2243,79,1140,58
2021-09-18,2272,70,1403,70,81,79,0,73,57,77,813,0,67,45,108,0,0,112,71,52,100,964,0,77,101,1001,0,63,83,83,65,73,45,67,70,695,57,81,786,89,1199,2192,95,1090,55
2021-09-19,2380,55,2144,75,77,72,0,79,67,88,877,89,70,84,71,0,0,74,116,51,45,843,0,80,87,914,0,66,93,74,57,84,0,53,59,889,70,81,749,97,1181,1923,75,1013,80
2021-09-20,1995,54,1841,84,85,83,0,88,66,103,685,0,80,62,96,0,0,97,0,73,96,704,0,64,95,854,0,45,83,76,67,69,36,89,67,655,47,97,624,80,650,1896,96,947,75
2021-09-21,1803,72,1293,82,71,73,0,71,60,70,797,82,67,13,94,0,0,107,25,59,107,821,0,76,88,844,0,50,88,73,59,93,46,80,66,690,88,97,619,54,743,1857,81,946,72
2021-09-22,1901,74,1594,52,76,71,0,64,63,71,642,16,71,121,94,0,0,79,174,68,98,905,0,61,81,907,0,61,92,76,59,62,109,73,56,788,47,93,675,74,1081,2037,69,1015,70
2021-09-23,1979,81,2080,79,70,62,0,68,56,83,955,175,72,31,80,0,0,72,68,79,109,1094,0,53,88,1016,0,48,76,73,48,81,0,66,73,707,59,95,812,71,1021,2225,92,1092,84
2021-09-24,2425,64,1841,80,76,71,0,72,62,93,1037,71,69,14,87,0,0,73,83,65,73,1036,0,61,118,1046,0,38,91,75,58,69,82,47,63,720,61,107,819,79,1081,2200,79,1148,62
2021-09-25,1961,58,2297,80,75,65,0,54,62,81,743,0,83,4,91,0,0,75,0,72,75,925,0,91,89,999,0,58,93,72,57,60,16,69,64,737,67,98,831,61,1100,2221,104,1094,67
2021-09-26,2097,61,1949,87,83,63,0,84,61,95,876,19,67,58,88,0,0,94,13,52,91,890,0,70,84,917,0,56,100,80,52,67,0,78,59,748,48,91,641,90,809,1980,84,1007,50
2021-09-27,1991,60,1601,83,82,69,0,80,66,102,863,0,82,78,85,0,0,93,0,52,89,737,0,87,79,859,0,51,82,75,54,40,6,68,73,837,63,80,607,96,637,1906,68,939,91
2021-09-28,2093,66,1714,78,71,82,0,74,72,47,594,0,72,154,75,0,0,87,90,46,91,746,0,83,101,877,0,53,96,74,64,49,52,71,61,761,51,85,587,90,564,1870,66,949,73
2021-09-29,2418,66,1524,85,72,74,0,87,59,76,721,0,58,0,121,0,0,94,19,72,85,918,0,106,88,932,0,33,81,64,60,63,0,73,64,713,58,98,691,69,799,1994,93,1015,79
2021-09-30,1930,73,2236,95,75,72,0,76,66,56,900,9,84,63,103,0,0,82,106,49,77,938,0,81,96,1020,0,60,98,72,51,96,0,57,77,771,69,88,800,68,1026,2099,79,1094,56
2021-10-01,2009,85,1902,75,75,67,0,66,0,92,727,13,86,63,122,0,0,88,0,83,82,937,0,88,98,1009,5,0,82,58,57,79,119,85,69,791,69,82,839,101,825,2309,79,1122,78
2021-10-02,1670,70,1710,102,65,72,0,75,0,88,921,79,94,46,87,0,77,100,23,57,110,951,0,96,80,990,5,0,91,77,61,75,52,63,64,1006,45,97,744,74,910,2252,75,1086,71
2021-10-03,2222,65,1731,94,81,73,0,67,0,91,791,37,73,58,84,0,0,72,56,37,80,791,0,74,113,950,51,0,96,67,70,66,15,63,63,657,73,109,654,94,880,1982,89,1008,69
2021-10-04,1986,78,1740,80,64,74,0,83,0,103,741,0,85,0,101,0,48,104,22,58,98,725,0,88,88,833,19,0,84,75,57,65,144,52,60,769,52,90,671,82,990,1747,80,947,87
2021-10-05,1862,60,1832,97,74,66,0,91,0,72,910,0,75,105,92,0,131,82,0,66,65,699,0,70,102,872,8,0,90,75,50,76,0,57,67,675,51,91,612,83,622,1940,77,939,72
2021-10-06,2283,80,2063,84,76,61,0,67,0,113,866,173,72,89,101,0,0,85,27,67,114,903,0,65,83,919,18,0,81,73,50,63,99,62,51,740,67,81,640,80,1010,1947,76,1017,51
2021-10-07,2496,63,2044,82,78,72,0,79,0,72,854,42,84,172,89,0,0,99,28,48,92,931,0,81,100,973,0,0,92,65,64,71,124,71,59,844,78,98,773,101,1144,2272,83,1092,70
2021-10-08,2111,60,2027,83,73,71,0,82,0,85,943,0,80,51,75,0,0,82,29,58,91,963,0,71,97,1058,17,0,93,74,59,66,0,54,66,973,79,112,832,61,991,2185,97,1147,77
2021-10-09,2214,58,1797,93,81,63,0,72,0,75,814,0,90,110,89,0,118,85,11,76,69,971,0,107,96,1025,13,0,88,78,53,77,51,78,64,757,55,104,772,80,792,2188,77,1085,47
2021-10-10,2165,61,1688,82,76,80,0,76,0,90,776,217,75,137,89,0,0,90,119,69,92,864,0,67,81,895,16,0,95,77,60,77,100,62,66,988,58,106,657,56,608,1951,83,1004,54
2021-10-11,1834,79,1527,77,65,76,0,83,0,65,891,26,76,39,99,0,94,101,8,63,75,729,0,98,120,853,34,0,85,71,63,77,2,59,60,465,65,85,615,105,867,1949,77,944,70
2021-10-12,2085,65,1590,82,77,67,0,70,0,69,730,7,59,56,90,0,0,81,67,65,81,748,0,81,77,877,38,0,97,66,61,91,54,38,71,783,66,99,611,76,832,1837,81,937,67
2021-10-13,2094,90,1837,88,67,68,0,66,0,78,717,78,64,63,97,0,0,73,33,52,69,805,0,75,110,945,0,0,85,79,52,67,28,78,60,747,57,86,708,75,1042,2052,95,1030,80
2021-10-14,2126,64,1894,66,74,71,0,59,0,88,881,189,59,83,89,0,18,82,0,60,98,830,0,87,82,1023,68,0,82,72,54,65,19,87,66,946,67,86,762,82,1019,2090,78,1093,61
2021-10-15,2140,67,2169,81,87,63,0,85,0,85,874,30,80,61,82,0,34,104,52,64,74,929,0,53,92,1057,28,0,86,67,59,83,54,89,61,917,46,84,804,77,789,2262,68,1139,58
2021-10-16,2491,77,1762,74,76,70,0,89,0,74,923,188,76,85,93,0,64,91,30,53,114,937,0,95,86,1029,0,0,92,75,53,53,102,69,55,901,53,102,741,105,941,2158,88,1096,75
2021-10-17,1811,53,1798,71,88,76,0,86,0,92,761,39,81,120,95,0,0,73,52,68,113,900,0,89,94,923,33,0,90,79,60,57,15,53,70,760,48,95,666,56,1084,2048,83,1021,57
2021-10-18,2001,66,1431,67,72,73,0,69,0,82,724,35,97,6,90,0,0,74,80,59,77,716,0,81,99,870,29,0,89,69,54,54,97,61,60,709,17,118,634,69,1238,1933,76,950,72
2021-10-19,2160,63,1926,76,76,64,0,71,0,79,737,88,68,0,87,0,10,98,40,32,54,747,0,66,125,848,0,0,95,67,62,82,6,95,66,691,68,99,642,67,872,1856,97,941,93
2021-10-20,1934,71,1675,84,73,74,0,84,0,64,831,0,63,135,91,0,143,92,100,47,76,780,0,99,77,931,19,0,81,74,61,53,140,44,66,705,66,84,667,83,904,1920,73,1016,70
2021-10-21,1989,76,2242,86,81,67,0,74,0,96,946,78,75,43,77,0,201,77,0,50,115,965,0,98,89,980,4,0,93,74,52,57,69,65,60,919,41,91,779,76,971,2169,88,1101,58
2021-10-22,2514,69,2424,85,85,60,0,70,0,101,886,30,69,39,82,0,0,86,43,45,124,927,0,78,95,1041,76,0,74,73,50,65,0,76,72,739,75,87,784,56,1139,2325,99,1133,91
2021-10-23,2079,74,1924,80,72,69,0,71,0,67,993,228,77,0,105,0,0,98,95,68,100,872,0,67,95,981,0,0,82,78,53,108,52,83,61,808,83,99,781,89,1164,2138,65,1082,76
2021-10-24,2275,54,1968,73,76,58,0,67,0,94,711,27,82,61,90,0,14,72,2,61,75,886,0,73,107,916,43,0,77,73,60,40,42,68,61,614,57,83,669,71,867,2076,73,1001,78
2021-10-25,1510,77,1971,92,80,73,0,62,0,88,726,91,71,63,94,0,245,78,12,45,54,820,0,68,92,836,30,0,87,63,60,60,38,48,70,753,63,90,591,79,1176,1841,89,949,48
2021-10-26,2310,71,1873,64,80,71,0,85,0,63,765,108,68,11,100,0,20,85,58,40,71,706,0,86,83,859,71,0,87,83,68,53,17,84,75,659,72,92,643,76,1059,1836,85,944,72
2021-10-27,2064,50,1821,96,72,56,0,88,0,89,767,64,71,33,102,0,0,85,33,66,64,822,0,57,95,934,80,0,89,68,60,52,73,64,58,743,76,89,702,83,406,1960,73,1013,101
2021-10-28,1880,60,2097,81,78,66,0,75,0,63,902,52,79,24,68,0,0,96,6,61,88,940,0,101,93,993,5,0,82,81,65,78,35,61,64,677,61,94,757,74,1085,2219,83,1104,76
2021-10-29,2749,75,2036,88,78,70,0,91,0,92,884,53,83,14,105,0,181,80,129,62,107,892,0,75,95,1031,47,0,95,69,57,65,34,70,64,1033,55,94,840,69,1270,2244,70,1129,77
2021-10-30,2672,62,1708,86,87,74,0,73,0,77,899,117,68,94,105,0,0,97,137,56,68,901,0,94,103,1004,28,0,96,68,65,68,0,70,58,879,59,68,767,89,915,2148,86,1088,52
2021-10-31,2289,54,1923,103,75,73,0,86,0,73,719,116,76,26,81,0,0,85,72,62,107,789,0,101,75,897,56,0,93,73,63,76,125,79,59,993,57,93,640,70,970,1965,91,1002,72
2021-11-01,2654,65,1593,85,65,76,0,70,0,91,751,0,67,140,99,0,0,66,0,64,123,768,0,61,114,856,62,0,94,74,62,58,20,65,70,579,42,97,590,74,787,1925,81,931,83
2021-11-02,1880,57,1672,79,80,68,0,60,0,87,731,0,80,34,105,0,126,79,15,40,65,737,0,63,117,845,16,0,87,73,60,63,84,79,59,706,59,94,614,76,890,1814,89,950,73
2021-11-03,1849,52,1782,87,70,68,0,68,0,94,803,98,69,13,108,0,189,72,106,53,117,1009,0,93,84,962,66,0,90,75,64,72,40,67,71,651,66,104,698,52,1128,1958,77,1016,76
2021-11-04,2207,54,2003,69,69,72,0,81,0,64,919,137,87,93,98,0,78,83,32,53,87,897,0,78,96,1031,34,0,73,71,54,53,51,29,76,738,54,84,757,73,1232,2213,82,1096,83
2021-11-05,1899,68,2107,74,69,63,0,71,0,71,867,31,62,34,112,0,129,81,88,38,62,970,0,72,79,1040,38,0,84,73,62,86,109,85,63,712,60,89,836,78,1155,2287,72,1115,63
2021-11-06,2244,68,1645,81,85,72,0,67,0,88,724,6,76,65,99,0,95,93,37,39,106,910,0,84,117,988,57,0,86,79,56,61,56,50,64,959,73,95,829,64,1098,2116,93,1097,80
2021-11-07,2565,69,1886,68,73,69,0,76,0,82,690,0,77,102,79,0,4,85,0,55,75,903,0,78,70,914,50,0,90,67,54,52,17,68,65,797,59,87,614,61,1250,2061,85,1010,72
2021-11-08,1920,56,1811,93,65,76,0,82,0,121,783,76,65,51,99,0,245,84,55,60,105,768,0,103,66,862,46,0,82,77,68,68,96,54,61,660,54,104,675,80,805,1835,75,944,45
2021-11-09,1751,64,1396,81,79,71,0,73,0,104,668,162,73,51,103,0,34,75,87,57,97,705,0,61,92,849,48,0,79,67,67,70,48,54,57,651,59,114,582,84,1074,1821,84,952,55
2021-11-10,2507,62,1739,76,70,68,0,77,0,76,846,0,89,118,97,0,39,81,118,57,74,830,0,75,83,913,17,0,86,75,54,51,0,55,52,940,63,84,697,94,945,2050,103,1016,59
2021-11-11,2004,66,2130,97,66,67,0,87,0,108,948,0,76,74,77,0,92,102,193,65,120,967,0,79,77,1019,40,0,84,76,66,58,41,54,71,955,69,77,745,86,1008,2311,93,1107,67
2021-11-12,2692,64,2240,80,74,70,0,92,0,95,930,73,58,65,113,0,88,92,22,45,89,981,0,85,98,1041,54,0,86,74,65,58,126,56,64,882,61,96,841,104,1135,2233,81,1135,66
2021-11-13,2200,67,2063,87,81,69,0,85,0,79,813,12,63,43,88,0,20,83,0,65,73,906,0,106,90,1030,83,0,77,71,60,59,0,52,54,820,67,97,735,86,1014,2169,77,1098,77
2021-11-14,2005,53,2269,71,72,68,0,76,0,91,836,165,85,34,91,0,121,84,86,42,66,902,0,90,103,923,7,0,94,80,67,69,64,75,62,681,78,113,633,74,1066,1971,70,1010,71
2021-11-15,2052,70,1518,85,74,70,0,83,0,89,839,86,86,82,81,0,13,85,168,63,70,839,0,60,105,860,47,0,97,74,63,52,56,66,72,683,72,90,638,98,586,1829,73,951,65
2021-11-16,1928,81,1156,86,75,70,0,80,0,96,704,92,62,89,89,0,22,93,44,57,135,835,0,73,98,854,78,0,85,70,58,81,71,78,70,578,73,98,635,64,1126,1812,78,946,81
2021-11-17,2464,88,1813,95,83,72,0,69,0,89,782,19,87,110,100,0,0,69,33,67,103,882,0,72,87,911,14,0,83,68,62,55,61,42,56,706,81,75,686,88,866,1915,83,1011,74
2021-11-18,2376,82,1944,66,71,68,0,75,0,82,851,119,70,19,97,0,49,88,75,62,38,949,0,102,104,1015,75,0,88,77,56,56,84,74,67,1029,47,83,780,112,984,2328,63,1103,67
2021-11-19,2412,66,1854,82,71,72,0,82,0,82,912,86,66,71,94,0,12,93,139,67,74,1085,0,77,92,1018,80,0,86,75,57,77,55,81,69,720,38,91,780,74,1237,2152,86,1145,91
2021-11-20,2136,62,1845,98,76,78,0,77,0,75,870,28,94,82,94,0,184,79,110,71,77,946,0,70,102,991,121,0,88,64,58,65,0,68,55,845,54,102,788,83,807,2110,81,1078,81
2021-11-21,1655,79,1709,79,78,68,0,70,0,97,769,53,61,39,92,0,37,108,32,60,70,863,0,78,101,932,65,0,90,76,50,59,97,59,70,867,70,90,646,69,880,2055,87,1015,69
2021-11-22,1432,61,1675,79,76,61,0,70,0,84,644,207,67,75,93,0,33,91,87,63,102,810,0,75,115,873,55,0,89,80,61,63,27,85,62,720,68,111,631,64,762,1871,88,939,47
2021-11-23,1983,64,1587,84,67,70,0,83,0,90,692,43,82,90,103,0,0,92,147,58,93,821,0,73,112,851,85,0,97,70,52,94,67,95,70,743,60,104,656,69,1169,1825,69,948,57
2021-11-24,1977,62,2018,78,77,63,0,61,0,121,856,14,66,99,81,0,0,102,77,58,91,922,0,89,82,911,97,0,80,64,60,36,173,86,62,647,76,111,655,82,1037,2031,82,1012,68
2021-11-25,2589,74,1629,75,76,73,0,74,0,84,889,0,79,138,106,0,215,91,0,69,74,855,0,72,94,1032,41,0,87,74,57,82,81,58,77,843,64,97,778,98,1251,2060,79,1096,55
2021-11-26,1841,69,2184,88,90,64,0,72,0,88,911,138,75,26,112,0,39,84,37,59,112,975,0,76,102,1036,3,0,87,78,59,70,81,59,63,973,67,92,798,114,1082,2300,89,1131,62
2021-11-27,1919,55,2046,88,71,69,0,76,0,107,903,56,68,48,91,0,5,67,179,64,69,1005,0,90,97,1013,62,0,90,68,66,56,1,67,54,912,66,99,753,88,1003,2266,88,1091,65
2021-11-28,1953,68,1347,70,71,52,0,76,0,79,892,84,75,86,98,0,25,88,0,44,49,809,0,69,92,925,57,0,84,75,65,81,73,70,64,687,45,108,796,88,1163,1920,88,1002,114
2021-11-29,1701,77,1482,67,83,66,0,74,0,83,848,63,59,46,103,0,83,91,105,59,97,731,0,94,93,864,19,0,95,75,61,81,91,99,60,739,61,99,585,81,888,1781,97,952,50
2021-11-30,2163,75,1497,80,77,80,0,63,0,108,777,183,62,55,101,0,29,93,46,63,66,770,0,61,94,854,90,0,76,81,55,65,114,57,74,692,71,92,607,74,746,1898,70,926,58
2021-12-01,2368,54,1669,107,73,68,0,86,0,63,775,15,69,93,97,0,32,75,98,53,64,898,0,91,96,941,85,0,93,73,69,57,16,76,62,730,71,99,651,64,1042,2046,83,1014,83
2021-12-02,2314,69,2023,85,71,68,0,79,0,88,963,98,82,123,88,0,0,69,0,67,90,998,0,58,98,996,40,0,87,70,62,51,45,54,62,652,60,101,788,97,813,2220,84,1115,75
2021-12-03,2040,69,1888,98,75,71,0,82,0,93,1005,127,73,25,105,0,78,76,88,43,74,1054,0,86,98,1040,71,0,95,74,52,67,90,70,69,1005,49,102,794,74,1002,2172,67,1148,76
2021-12-04,2187,65,1833,79,71,69,0,72,0,80,945,164,70,100,90,0,68,91,0,72,98,1009,0,98,120,1003,59,0,89,67,62,70,0,69,61,878,68,86,749,68,1019,2143,89,1108,80
2021-12-05,2020,64,1986,52,71,67,0,84,0,68,703,89,81,54,83,0,0,125,17,73,103,965,0,88,100,931,112,0,80,78,53,64,44,65,78,773,58,95,741,60,949,1967,90,1010,77
2021-12-06,2252,77,2028,89,81,77,0,84,0,99,858,0,70,122,96,0,0,80,58,57,75,826,0,67,92,836,92,0,85,69,60,55,59,70,62,528,43,91,565,72,970,1883,83,949,74
2021-12-07,1793,71,1835,96,75,72,0,92,0,110,691,0,78,34,91,0,56,71,84,50,105,792,0,104,101,840,62,0,104,77,64,77,29,78,59,547,51,74,634,82,910,1907,79,935,81
2021-12-08,2030,63,1764,78,74,66,0,67,0,76,766,58,64,63,100,0,149,62,113,51,100,951,0,109,87,919,43,0,98,62,63,61,99,43,66,691,52,87,759,68,1058,1978,69,1012,79
2021-12-09,2493,74,1962,82,75,74,0,77,0,102,963,107,80,64,99,0,14,87,43,46,93,937,0,83,106,994,78,0,82,73,62,65,80,80,58,763,42,89,707,91,940,2157,87,1104,87
2021-12-10,2284,64,2538,64,92,84,0,84,0,116,816,0,65,24,118,0,42,73,55,62,64,1013,0,80,100,1054,51,0,79,74,62,54,59,74,52,1030,49,79,778,69,1221,2285,81,1123,71
2021-12-11,2469,70,2183,99,67,74,0,79,0,77,932,54,75,62,110,0,43,95,15,42,77,822,0,87,88,999,82,0,79,75,54,74,79,82,66,720,74,89,800,90,855,2067,90,1102,74
2021-12-12,2487,72,1908,90,75,65,0,67,0,57,761,153,82,105,97,0,0,96,0,58,95,897,0,64,82,959,102,0,95,74,63,74,28,88,59,708,64,94,660,81,648,2090,75,1000,76
2021-12-13,1843,62,1617,61,79,73,0,85,0,62,828,120,70,97,91,0,178,67,137,72,65,722,0,77,88,834,69,0,79,71,55,67,61,53,64,733,48,85,674,69,750,1831,92,940,69
2021-12-14,2356,61,1552,101,88,68,0,74,0,100,696,117,73,104,81,0,0,101,18,48,87,786,0,74,84,857,65,0,94,73,65,77,128,83,57,517,59,105,626,98,850,1896,72,929,86
2021-12-15,2253,56,1592,75,62,72,0,81,0,94,837,49,89,66,86,0,164,88,77,64,111,944,0,68,101,930,93,0,88,73,62,79,67,81,58,806,56,99,594,94,753,1992,80,1012,60
2021-12-16,2054,71,1613,70,76,71,0,63,0,78,832,0,86,62,95,0,5,94,0,33,109,1004,0,74,103,985,108,0,91,78,57,60,0,66,65,799,43,103,777,66,1228,2283,89,1095,65
2021-12-17,2360,68,2307,59,78,65,0,93,0,89,958,157,98,117,121,0,29,78,103,50,100,909,0,84,87,1072,144,0,88,71,59,76,152,65,66,741,64,94,854,82,995,2188,75,1139,51
2021-12-18,2364,72,1972,90,83,79,0,64,0,93,787,76,78,169,112,0,119,76,30,57,91,887,0,69,101,999,90,0,102,70,64,71,156,71,58,918,53,101,756,70,990,2092,86,1097,73
2021-12-19,1706,68,1936,69,83,70,0,75,0,85,875,92,85,68,110,0,21,76,0,59,94,793,0,76,92,945,93,0,87,78,62,76,0,62,73,833,64,94,654,75,1091,1976,82,1006,55
2021-12-20,1889,75,1470,84,81,70,0,73,0,109,724,2,66,94,91,0,73,82,29,67,76,750,0,96,96,850,67,0,87,70,68,60,67,75,59,745,61,96,556,64,657,1867,80,944,59
2021-12-21,2089,81,1473,89,68,81,0,68,0,54,699,33,71,75,88,0,33,91,129,72,99,799,0,89,114,851,77,0,100,78,55,81,163,63,69,703,43,96,630,75,1014,1771,92,937,60
2021-12-22,2452,82,1430,74,74,73,0,82,0,51,809,136,80,34,81,0,123,94,177,58,68,819,0,77,82,952,96,0,86,69,58,76,28,81,65,780,51,94,708,70,706,2039,76,1012,77
2021-12-23,2186,54,2025,84,75,80,0,62,0,65,909,118,67,87,98,0,27,90,20,67,88,966,0,81,89,986,77,0,84,78,55,64,17,76,66,996,55,79,775,79,1111,2114,74,1090,100
2021-12-24,2319,50,1947,92,75,72,0,73,0,70,963,62,77,27,89,0,99,81,41,40,71,930,0,88,102,1056,94,0,87,72,57,88,35,75,70,751,60,83,863,87,1223,2360,86,1143,55
2021-12-25,2334,65,1593,88,75,66,0,59,0,87,811,59,80,57,100,0,11,92,93,78,86,984,0,102,91,1027,94,0,86,66,50,90,0,66,58,643,56,83,706,96,1202,2157,90,1103,67
2021-12-26,2042,75,1691,75,80,73,0,73,0,85,867,181,81,0,109,0,114,82,85,54,48,896,0,92,108,959,54,0,86,79,73,77,179,90,68,753,52,92,704,88,905,1927,81,1014,75
2021-12-27,2165,70,1383,73,77,77,0,73,0,75,679,83,68,91,93,0,10,105,0,54,101,771,0,55,96,860,131,0,95,62,52,62,110,71,64,536,72,96,649,75,786,1859,65,937,73
2021-12-28,1623,73,1151,83,97,70,0,76,0,74,709,106,75,42,82,0,0,88,94,49,44,692,0,73,85,865,101,0,95,78,58,58,0,52,70,600,53,92,582,85,877,1836,95,943,84
2021-12-29,2063,64,1792,98,66,71,0,81,0,97,855,0,78,59,88,0,0,84,83,53,105,878,0,91,100,927,103,0,94,74,61,82,33,86,63,682,48,83,712,88,1033,2054,91,1029,87
2021-12-30,2318,82,1810,92,80,74,0,74,0,84,905,79,77,72,85,0,114,76,143,86,94,909,0,77,99,990,105,0,87,81,58,67,88,53,61,831,59,101,768,84,750,2139,74,1107,66
2021-12-31,2255,76,2082,89,77,70,0,74,0,91,811,34,89,120,91,0,96,83,88,62,76,1075,0,95,97,1078,101,0,82,72,60,70,84,82,63,863,69,92,809,69,1008,2238,78,1135,59
