Date,SGA,WYG,PGL,SMM,AEI,YGY,DZT,EFN,QMD,RAH,NAQ,BTB,ATT,CNQ,UMU,CFG,ENY,XML,NMO,QSN,RGS,UGJ,NGB,BZM,PAA,ZSD,TAP,XSV,MAJ,OMV,ZMS,WGR,YYO,DTJ,VYZ,MUY,VSM,WMB,TSE,OSG
2019-01-01,875,94,415,1052,0,70,59,110,552,964,486,77,58,68,55,73,89,70,0,980,535,55,0,77,580,0,75,79,0,430,67,64,0,63,77,413,76,90,99,541
2019-01-02,997,79,423,916,0,92,67,80,584,1087,397,102,63,56,94,57,82,84,0,999,511,76,0,82,473,0,62,86,0,403,55,62,0,64,66,322,62,80,74,431
2019-01-03,932,87,340,845,0,62,59,75,458,1029,337,81,52,73,43,90,82,59,0,702,478,69,0,73,479,0,85,101,0,353,56,92,0,56,68,370,77,86,74,401
2019-01-04,725,74,332,781,0,88,61,75,439,1003,331,88,58,54,62,65,85,62,0,809,446,68,0,94,504,0,73,79,0,298,63,45,0,68,67,235,76,117,97,456
2019-01-05,756,101,362,744,0,84,64,94,281,800,353,76,55,58,105,66,92,75,0,760,446,89,0,91,312,0,66,92,0,317,64,67,0,72,57,379,80,105,78,379
2019-01-06,1055,81,355,867,0,75,75,105,454,1069,399,92,50,58,79,65,90,81,0,793,483,78,0,80,457,0,87,73,0,378,62,69,0,64,74,422,68,98,81,361
2019-01-07,1153,77,409,970,0,94,51,87,552,1021,410,83,56,48,63,85,79,59,0,911,519,58,0,97,484,0,59,83,0,362,56,59,0,62,54,418,64,85,86,475
2019-01-08,1136,92,410,1011,0,83,58,65,472,1279,449,92,73,61,73,54,89,80,0,1188,538,79,0,73,459,0,103,102,0,415,68,72,0,61,74,329,72,63,95,496
2019-01-09,926,85,417,915,0,59,55,93,525,959,414,101,48,62,69,75,84,81,0,824,517,73,0,75,551,0,107,87,0,378,60,65,0,67,77,428,65,113,74,425
2019-01-10,876,92,440,870,0,68,58,67,532,1099,354,96,59,50,76,57,89,65,0,806,480,93,0,67,486,0,90,105,0,363,62,70,0,71,59,267,78,96,87,465
2019-01-11,857,91,295,811,0,96,80,116,441,976,337,55,56,68,58,74,99,78,0,786,446,54,0,69,413,0,63,78,0,316,69,65,0,64,78,333,77,92,94,352
2019-01-12,866,81,352,757,0,71,57,74,387,943,359,92,66,53,76,46,86,71,0,842,448,79,0,57,407,0,56,66,0,329,48,61,0,60,72,250,64,95,76,394
2019-01-13,906,66,378,907,0,67,63,110,464,929,390,70,56,56,85,81,82,73,0,774,474,65,0,89,561,0,74,94,0,356,46,59,0,58,61,336,88,106,89,491
2019-01-14,1046,77,399,934,0,83,61,62,525,1157,370,76,52,57,66,81,73,73,0,925,515,79,0,88,612,0,87,88,0,419,69,70,0,72,52,303,64,71,115,463
2019-01-15,950,96,447,956,0,83,67,41,524,1102,473,74,66,51,96,79,97,62,0,867,536,64,0,72,587,0,66,97,0,402,70,75,0,62,78,370,73,106,66,448
2019-01-16,985,95,428,965,0,77,57,81,386,964,463,90,55,62,50,85,79,73,0,1131,520,73,0,64,470,0,80,71,0,434,56,63,0,61,68,419,72,85,112,469
2019-01-17,883,100,339,867,0,94,64,85,398,888,369,87,48,58,59,68,81,76,0,841,481,75,0,90,408,0,82,89,0,315,61,67,0,62,56,302,81,97,81,457
2019-01-18,1027,88,326,829,0,58,60,69,340,1173,360,89,53,41,107,55,93,69,0,674,440,60,0,70,553,0,73,56,0,293,64,56,0,69,63,366,71,79,70,370
2019-01-19,719,85,335,771,0,75,69,76,441,907,315,68,62,46,46,72,78,57,0,836,438,80,0,77,409,0,75,64,0,318,71,62,0,61,67,236,78,64,72,355
2019-01-20,955,62,346,853,0,81,63,79,481,860,329,72,58,48,45,69,88,81,0,826,480,62,0,71,509,0,66,107,0,357,61,60,0,74,69,333,82,69,74,425
2019-01-21,875,91,368,985,0,63,59,78,456,950,443,58,54,54,55,68,87,73,0,997,524,81,0,82,585,0,69,78,0,410,63,58,0,66,72,448,70,92,62,520
2019-01-22,1148,85,405,911,0,90,55,84,421,1081,415,89,49,55,68,88,91,71,0,1020,541,78,0,68,448,0,55,78,0,413,57,50,0,68,56,319,74,121,67,486
2019-01-23,950,85,399,958,0,75,66,64,510,1051,456,94,62,46,74,71,79,71,0,1110,520,83,0,72,451,0,95,80,0,419,57,65,0,60,74,353,72,114,71,482
2019-01-24,1034,102,334,883,0,91,56,71,468,1014,431,82,43,66,97,71,88,71,0,901,480,66,0,54,606,0,102,86,0,316,52,65,0,63,75,345,72,98,88,408
2019-01-25,998,70,356,815,0,67,69,84,281,908,340,61,64,60,75,76,93,83,0,869,443,70,0,52,386,0,66,101,0,343,60,71,0,70,56,212,78,119,84,307
2019-01-26,959,93,357,819,0,59,62,88,426,829,357,91,62,45,72,72,80,74,0,709,446,71,0,68,256,0,93,77,0,323,56,61,0,71,70,211,67,93,95,476
2019-01-27,826,88,362,850,0,91,54,70,461,941,344,82,41,57,77,64,101,88,0,886,479,70,0,63,426,0,93,74,0,373,56,59,0,66,73,351,68,84,94,434
2019-01-28,1156,86,382,951,0,80,52,93,517,1024,387,66,51,64,85,54,86,75,0,831,516,85,0,96,479,0,73,73,0,375,65,44,0,74,55,330,78,83,85,450
2019-01-29,1139,108,465,1013,0,94,60,65,530,1157,425,79,69,63,74,68,87,67,0,1125,542,52,0,86,468,0,94,94,0,417,72,53,0,64,73,420,67,111,62,484
2019-01-30,1052,90,381,862,0,78,70,81,511,1041,390,88,54,57,77,83,86,64,0,1059,520,83,0,78,643,0,79,86,0,419,57,53,0,57,72,358,75,100,89,496
2019-01-31,849,59,372,933,0,66,69,94,381,910,387,78,66,58,75,62,80,65,0,681,476,74,0,82,393,0,74,55,0,341,72,53,0,58,60,279,66,81,102,505
2019-02-01,876,86,380,872,0,62,62,94,404,939,340,88,68,70,63,66,82,92,0,724,440,69,0,84,504,0,88,95,0,310,67,57,0,54,65,313,66,91,81,441
2019-02-02,860,85,343,760,0,86,71,109,359,936,363,68,56,62,74,77,80,71,0,752,447,66,0,68,492,0,99,85,0,296,69,63,0,62,68,299,68,81,54,413
2019-02-03,1057,91,381,866,0,76,62,109,397,1038,342,84,57,64,87,68,93,61,0,784,484,83,0,67,423,0,78,62,0,381,50,80,0,69,70,319,69,96,90,403
2019-02-04,1083,92,445,941,0,96,59,90,441,1034,460,92,49,62,61,62,81,71,0,916,520,93,0,72,691,0,96,84,0,404,74,63,0,66,78,355,70,94,73,463
2019-02-05,1087,80,485,988,0,69,59,89,647,1133,444,77,64,68,54,70,95,71,0,835,538,76,0,84,570,0,76,106,0,391,58,47,0,66,67,369,65,94,84,485
2019-02-06,1113,87,418,986,0,87,57,84,337,1215,374,97,70,64,65,73,86,71,0,1035,524,81,0,62,518,0,63,71,0,417,59,50,0,64,58,423,78,104,77,473
2019-02-07,1006,80,370,849,0,105,65,81,319,1011,400,72,46,67,72,67,75,85,0,769,481,64,0,69,359,0,101,71,0,359,53,58,0,65,62,301,70,92,93,451
2019-02-08,928,94,321,850,0,56,66,101,331,796,258,58,47,40,75,72,92,61,0,823,448,71,0,69,473,0,99,74,0,303,60,89,0,64,73,292,72,85,88,380
2019-02-09,780,83,378,788,0,72,62,91,401,798,372,63,64,64,71,76,82,60,0,836,451,78,0,82,568,0,86,85,0,311,61,65,0,59,72,289,78,80,89,373
2019-02-10,935,85,404,841,0,78,73,88,534,1065,337,79,48,69,98,84,79,58,0,937,476,62,0,67,452,0,78,100,0,353,57,69,0,67,61,256,73,105,92,380
2019-02-11,1145,97,404,934,0,99,66,70,453,1213,424,79,65,53,40,80,90,77,0,762,529,69,0,92,496,0,72,76,0,405,66,54,0,57,73,403,73,77,77,492
2019-02-12,1004,82,410,1036,0,70,60,77,447,1028,431,76,44,64,51,67,102,47,0,983,541,81,0,79,631,0,65,84,0,464,57,66,0,57,64,422,69,107,102,494
2019-02-13,1033,83,436,947,0,75,65,111,449,1018,461,54,69,49,92,67,82,80,0,977,525,54,0,89,478,0,61,93,0,385,55,75,0,60,68,457,77,115,108,520
2019-02-14,1171,96,358,845,0,82,63,86,380,871,360,62,62,72,71,73,79,85,0,907,478,66,0,84,486,0,92,100,0,348,59,62,0,71,67,381,71,83,97,483
2019-02-15,849,70,343,809,0,83,50,88,385,1025,362,93,58,41,59,78,96,88,0,743,442,62,0,73,403,0,51,81,0,303,66,45,0,64,57,311,61,89,112,413
2019-02-16,922,90,374,831,0,75,53,100,512,912,335,82,57,60,50,71,91,76,0,826,447,52,0,79,406,0,69,93,0,316,58,73,0,77,71,318,71,92,82,419
2019-02-17,998,53,373,874,0,97,56,92,377,898,354,78,56,53,68,70,92,62,0,860,473,85,0,74,444,0,82,90,0,405,67,56,0,62,73,296,79,80,89,465
2019-02-18,1046,91,399,965,0,82,71,77,398,1008,350,91,53,47,73,65,94,82,0,772,523,74,0,58,394,0,68,98,0,370,63,74,0,68,61,321,76,97,99,475
2019-02-19,961,96,432,971,0,88,70,141,468,979,418,90,62,63,61,88,96,75,0,1026,548,71,0,80,489,0,109,87,0,387,57,76,0,70,74,450,84,90,77,479
2019-02-20,1000,96,392,910,0,68,53,77,409,1213,375,98,38,77,61,71,89,83,0,1008,519,72,0,81,494,0,75,94,0,390,70,93,0,70,66,249,68,108,81,472
2019-02-21,878,95,334,895,0,69,71,90,404,1136,346,87,60,63,84,86,87,80,0,719,479,99,0,68,450,0,72,87,0,358,66,54,0,73,64,264,73,76,65,451
2019-02-22,911,89,328,748,0,67,61,86,520,951,320,79,63,60,86,68,79,80,0,806,438,75,0,80,531,0,95,101,0,329,67,64,0,66,61,353,71,99,82,373
2019-02-23,909,103,338,814,0,102,64,59,291,1002,383,92,57,65,76,80,90,64,0,804,450,58,0,60,466,0,105,84,0,302,63,64,0,58,68,283,77,84,74,431
2019-02-24,1009,63,378,900,0,65,59,41,377,1069,392,81,57,79,58,57,87,65,0,812,491,74,0,59,486,0,84,97,0,362,68,38,0,62,75,251,61,97,87,430
2019-02-25,1147,97,427,1000,0,73,69,73,494,1120,402,75,66,70,61,53,84,71,0,1013,523,54,0,75,536,0,82,90,0,419,71,56,0,67,64,325,76,101,86,404
2019-02-26,1154,76,427,1013,0,65,60,96,433,1120,387,85,57,42,82,80,88,60,0,788,549,81,0,72,585,0,72,102,0,390,58,76,0,66,69,391,73,80,106,441
2019-02-27,1030,88,369,937,0,99,60,106,504,1023,364,91,50,72,79,56,88,69,0,821,520,54,0,81,444,0,84,105,0,475,66,71,0,71,61,377,79,100,107,424
2019-02-28,737,84,393,958,0,74,68,77,460,967,459,85,59,65,60,100,87,66,0,784,481,76,0,66,534,0,81,83,0,323,67,80,0,67,65,318,65,76,68,488
2019-03-01,849,95,340,817,0,58,58,100,309,877,313,81,63,58,52,68,88,81,0,813,450,86,0,79,455,0,67,71,0,305,58,64,0,64,81,311,72,114,88,363
2019-03-02,805,87,332,816,0,76,65,93,443,973,317,72,53,79,82,71,80,63,0,763,445,89,0,86,339,0,93,76,0,336,67,78,0,61,59,314,80,67,74,367
2019-03-03,1096,78,354,913,0,94,57,112,495,1246,364,91,62,52,49,93,89,81,0,792,485,73,0,82,521,0,68,79,0,348,63,83,0,64,71,274,81,120,100,419
2019-03-04,936,89,425,966,0,93,65,60,399,1019,441,78,52,46,59,77,87,67,0,917,517,74,0,65,623,0,96,97,0,397,60,66,0,56,55,363,65,125,88,525
2019-03-05,1155,103,448,1034,0,76,62,74,604,880,474,98,58,67,56,75,84,56,0,1069,546,89,0,79,502,0,70,97,0,398,56,61,0,68,75,424,66,101,75,482
2019-03-06,928,85,403,987,0,75,64,76,383,1261,425,88,46,53,64,66,94,72,0,821,532,80,0,92,276,0,84,89,0,401,73,68,0,68,69,307,71,113,54,463
2019-03-07,968,94,389,851,0,65,50,96,346,991,350,94,54,72,90,85,89,69,0,823,480,60,0,68,510,0,73,104,0,379,55,78,0,68,62,440,73,79,75,466
2019-03-08,724,101,366,863,0,87,68,105,416,801,316,84,54,62,61,72,73,79,0,814,447,69,0,85,423,0,82,78,0,286,73,64,0,64,56,185,79,91,82,367
2019-03-09,953,82,333,806,0,88,67,92,436,1052,296,70,72,59,79,82,89,66,0,886,449,75,0,61,641,0,91,77,0,319,55,64,0,66,65,314,79,107,91,444
2019-03-10,950,65,396,822,0,71,69,98,442,996,379,77,44,50,71,65,76,73,0,971,487,66,0,77,561,0,95,95,0,375,55,53,0,67,60,379,68,92,81,326
2019-03-11,907,67,383,994,0,89,70,41,577,958,420,68,59,84,51,65,80,89,0,1032,524,76,0,82,455,0,66,92,0,419,70,60,0,61,83,314,75,95,76,450
2019-03-12,1069,104,440,971,0,69,77,105,436,1136,468,90,60,62,46,87,82,75,0,901,544,48,0,101,478,0,79,75,0,409,66,51,0,71,76,295,64,101,88,551
2019-03-13,926,77,411,980,0,90,56,74,621,931,401,77,62,60,93,67,88,63,0,835,524,52,0,75,536,0,84,95,0,375,55,49,0,63,67,444,73,67,105,519
2019-03-14,954,80,368,935,0,72,63,100,382,986,359,76,43,54,86,77,80,78,0,840,489,113,0,84,588,0,86,80,0,347,70,73,0,65,68,447,80,62,80,487
2019-03-15,962,59,293,808,0,81,62,80,379,1011,299,98,54,65,56,60,81,72,0,703,443,72,0,77,417,0,80,75,0,332,68,58,0,66,67,264,76,81,100,470
2019-03-16,666,93,350,821,0,103,62,79,251,863,371,96,57,86,79,73,87,79,0,680,450,70,0,82,347,0,98,106,0,360,62,53,0,57,58,316,62,80,82,436
2019-03-17,781,82,373,836,0,78,51,66,426,1050,395,88,77,69,74,81,81,70,0,866,482,97,0,52,397,0,68,80,0,352,58,71,0,64,78,305,76,89,77,441
2019-03-18,1103,103,386,927,0,76,63,65,527,1076,444,101,77,66,68,63,91,64,0,1077,525,61,0,88,619,0,112,105,0,396,68,43,0,64,66,332,75,103,112,509
2019-03-19,1017,98,438,993,0,83,56,88,397,1089,445,69,54,79,76,84,89,74,0,1006,542,80,0,60,556,0,80,99,0,394,64,56,0,64,65,324,74,104,101,496
2019-03-20,1204,71,436,987,0,62,60,66,330,1148,435,88,67,67,67,82,92,71,0,827,522,80,0,88,488,0,96,79,0,392,57,53,0,63,62,399,81,76,110,498
2019-03-21,952,87,351,896,0,69,69,110,422,816,394,92,60,66,64,56,86,77,0,866,491,76,0,44,520,0,102,91,0,354,62,64,0,68,75,322,69,60,73,452
2019-03-22,923,90,335,808,0,48,65,92,524,845,340,80,58,60,65,88,77,69,0,727,451,73,0,75,369,0,129,98,0,345,67,65,0,55,64,251,79,105,125,383
2019-03-23,785,116,315,795,0,79,73,79,413,797,354,66,29,64,72,58,84,61,0,770,444,75,0,88,457,0,57,79,0,291,68,59,0,59,61,295,69,128,73,441
2019-03-24,1111,83,333,903,0,91,65,94,422,941,410,57,70,77,62,65,85,71,0,698,484,67,0,58,359,0,76,89,0,379,56,87,0,54,64,276,81,104,90,407
2019-03-25,1123,73,462,969,0,76,54,81,450,1002,415,73,51,55,49,56,79,85,0,948,530,70,0,79,522,0,83,118,0,388,64,55,0,69,71,397,66,79,82,548
2019-03-26,1060,77,385,1012,0,94,62,76,442,1256,473,98,50,81,67,73,78,80,0,998,532,75,0,69,501,0,81,86,0,415,60,63,0,66,79,404,69,91,73,529
2019-03-27,1011,81,396,970,0,84,70,109,445,1175,422,74,50,60,65,78,75,61,0,985,522,75,0,81,531,0,97,82,0,427,70,69,0,66,68,365,80,92,85,557
2019-03-28,973,92,366,927,0,76,60,93,408,1118,418,64,58,62,73,73,75,75,0,953,479,55,0,82,453,0,67,88,0,341,60,78,0,63,68,227,65,105,80,413
2019-03-29,876,84,309,864,0,76,53,118,311,903,384,104,64,63,69,55,82,82,0,657,449,67,0,89,399,0,57,70,0,328,63,53,0,66,55,264,78,82,87,455
2019-03-30,854,105,337,868,0,82,66,99,494,804,337,81,68,50,77,68,85,64,0,867,459,62,0,72,597,0,87,99,0,316,57,56,0,69,68,295,75,118,96,422
2019-03-31,967,85,376,850,0,76,66,95,485,1000,389,100,54,67,70,84,87,52,0,835,486,54,0,65,526,0,70,66,0,366,69,57,0,60,66,338,74,98,97,500
2019-04-01,1137,76,398,933,40,92,63,53,401,1055,464,91,58,74,77,67,87,67,83,1091,520,82,0,58,583,0,75,88,0,404,77,60,0,66,67,377,73,95,79,519
2019-04-02,820,80,466,1005,0,78,60,64,543,1198,430,82,56,68,92,66,85,75,0,921,543,81,0,59,490,0,92,91,0,403,65,56,0,65,59,408,70,89,52,494
2019-04-03,1008,77,475,973,60,73,66,63,492,1201,437,65,52,66,64,80,80,87,5,887,533,77,0,87,439,0,69,51,0,378,51,57,0,71,74,404,85,106,48,509
2019-04-04,877,89,438,843,21,79,61,63,358,1063,376,78,55,67,83,66,95,86,0,837,478,65,0,75,394,0,61,82,0,372,62,79,0,61,73,364,73,89,83,402
2019-04-05,939,99,374,790,0,90,66,96,452,820,398,107,55,52,74,85,81,71,61,806,454,66,0,60,393,0,83,83,0,332,59,70,0,66,60,288,64,97,88,392
2019-04-06,741,77,328,836,0,95,66,110,533,1021,387,78,68,65,64,69,83,63,10,752,446,61,0,45,621,0,66,92,0,340,75,39,0,63,76,381,72,93,87,376
2019-04-07,997,78,386,866,0,86,58,76,402,1190,459,63,53,59,70,93,81,68,15,1043,475,73,0,67,443,0,96,77,0,333,59,56,0,71,61,279,77,79,94,474
2019-04-08,1136,92,421,967,42,62,64,116,419,997,436,95,48,53,64,58,83,75,0,1074,528,51,0,84,537,0,72,90,0,420,56,62,0,62,73,315,82,72,85,474
2019-04-09,980,94,431,986,59,116,61,83,326,1080,453,82,46,54,71,68,76,77,25,983,545,73,0,99,621,0,74,99,0,388,65,53,0,67,67,306,70,123,75,608
2019-04-10,1099,76,371,956,0,64,66,89,599,1211,431,90,68,59,77,70,91,60,133,997,527,66,0,74,515,0,77,79,0,410,76,69,0,61,74,355,70,90,81,529
2019-04-11,971,99,408,856,111,70,55,69,503,960,373,85,50,82,75,87,89,73,101,727,483,91,0,58,394,0,84,62,0,380,63,72,0,68,62,368,77,89,69,448
2019-04-12,841,82,372,837,0,48,65,87,445,769,334,80,65,55,61,81,93,76,98,826,446,65,0,67,424,0,89,98,0,305,57,67,0,59,77,291,67,88,82,399
2019-04-13,790,82,303,811,0,89,52,82,502,1104,318,82,56,71,87,65,84,78,7,890,441,62,0,66,450,0,84,34,0,305,61,52,0,68,60,298,77,89,103,406
2019-04-14,887,69,380,900,46,95,61,100,479,1018,413,84,50,60,79,66,83,85,102,961,487,84,0,88,443,0,93,89,0,366,69,79,0,63,75,366,74,129,111,425
2019-04-15,953,86,420,880,0,80,67,100,476,1219,398,88,66,56,47,66,84,58,0,978,531,66,0,69,548,0,82,76,0,393,65,51,0,66,68,322,72,109,95,486
2019-04-16,1011,87,452,1035,0,74,55,93,469,1140,469,88,70,74,91,66,80,76,0,1085,554,69,0,69,484,0,96,95,0,432,60,49,0,65,65,448,79,96,98,575
2019-04-17,1070,99,372,933,0,82,63,101,393,1105,412,72,52,67,77,67,84,64,44,1015,527,74,0,55,614,0,55,72,0,427,72,52,0,64,59,319,74,101,98,496
2019-04-18,834,84,350,915,0,68,53,102,420,970,425,98,47,64,57,71,86,75,146,962,484,85,0,69,509,0,75,67,0,351,60,40,0,69,81,281,72,114,101,402
2019-04-19,844,88,356,808,33,83,59,106,249,930,328,72,51,69,63,61,93,60,0,812,447,100,0,61,446,0,110,90,0,296,60,68,0,64,63,319,71,78,102,446
2019-04-20,1048,92,304,775,0,78,64,109,456,961,302,79,43,55,78,71,82,90,64,636,444,84,0,84,485,0,66,89,0,317,71,48,0,63,71,284,77,81,102,400
2019-04-21,1112,80,405,879,31,60,66,80,288,759,417,73,60,62,65,72,81,64,14,794,486,101,0,80,364,0,61,58,0,375,63,48,0,56,60,362,74,93,83,442
2019-04-22,1094,101,457,970,68,78,56,62,362,1150,462,93,62,72,70,79,80,60,17,762,520,76,0,85,520,0,88,94,0,358,62,89,0,63,77,320,72,84,96,466
2019-04-23,1338,81,440,953,0,99,64,104,506,976,403,89,62,79,84,75,86,77,0,964,547,81,0,64,630,0,104,86,0,430,62,73,0,71,66,426,83,71,59,490
2019-04-24,1108,78,416,944,140,81,58,74,552,1091,380,78,66,30,58,72,71,80,0,795,528,71,0,96,591,0,59,72,0,399,67,52,0,73,58,366,74,81,101,466
2019-04-25,962,69,416,902,12,82,67,110,391,914,346,68,55,68,80,55,86,60,77,822,484,65,0,74,560,0,68,82,0,376,61,62,0,71,76,294,76,107,90,443
2019-04-26,829,91,355,776,0,87,63,87,422,810,371,68,58,55,63,73,76,78,0,707,447,52,0,53,433,0,95,77,0,331,61,61,0,66,63,173,68,90,72,317
2019-04-27,779,91,348,812,0,98,70,82,330,1046,371,82,51,44,41,67,84,71,29,801,461,87,0,91,593,0,85,96,0,319,64,75,0,62,76,264,72,66,101,358
2019-04-28,973,85,391,894,0,81,66,65,408,1030,336,74,58,68,75,80,81,77,0,1004,489,74,0,69,488,0,101,74,0,376,50,74,0,66,58,297,71,77,85,478
2019-04-29,1217,88,407,985,80,64,63,102,447,1015,453,70,61,59,46,65,86,90,46,918,529,67,0,63,776,0,74,75,0,358,65,69,0,73,73,345,71,91,73,485
2019-04-30,1000,85,391,1039,42,69,62,78,426,1053,451,89,58,63,67,65,82,77,0,907,546,71,0,57,489,0,89,74,0,468,68,56,0,65,67,348,83,95,108,448
2019-05-01,1126,93,398,919,0,79,56,75,500,956,443,63,53,58,81,77,84,79,5,990,530,69,0,44,609,0,91,89,0,336,67,64,0,75,65,331,68,97,74,510
2019-05-02,911,87,344,890,20,81,62,105,376,998,356,79,62,61,64,66,83,67,42,1145,481,77,0,63,483,0,67,59,0,394,73,55,0,64,73,261,74,105,77,511
2019-05-03,956,78,318,827,0,84,55,97,491,1080,382,78,53,63,69,84,89,75,0,635,450,45,0,77,468,0,64,82,0,317,57,53,0,67,71,313,82,73,99,439
2019-05-04,913,89,339,857,30,80,56,56,325,989,337,79,56,48,59,83,89,73,0,1050,448,90,0,88,475,0,91,82,0,337,68,48,0,64,67,290,75,104,89,386
2019-05-05,1089,83,357,883,0,62,60,86,461,848,434,79,61,84,64,78,76,49,98,630,487,70,0,75,452,0,92,100,0,357,66,51,0,60,66,327,75,89,77,415
2019-05-06,951,88,406,970,0,93,71,59,399,1174,419,78,55,82,69,75,88,68,0,1141,525,90,0,90,552,0,63,51,0,415,57,56,0,64,67,317,68,89,91,464
2019-05-07,1303,108,436,1054,27,91,61,75,441,1201,358,76,62,72,87,72,90,78,0,816,551,63,0,61,589,0,94,64,0,469,65,61,0,61,63,304,83,97,82,583
2019-05-08,1091,70,462,935,0,69,76,116,439,1111,424,65,53,60,68,68,87,67,54,810,528,87,0,58,433,0,76,80,0,414,71,72,0,73,72,307,74,111,97,422
2019-05-09,982,83,367,890,38,83,65,82,335,1149,426,63,63,63,66,85,86,64,138,815,489,83,0,90,513,0,89,71,0,335,58,76,0,60,60,338,76,92,110,453
2019-05-10,754,86,292,830,0,91,56,82,499,1047,329,76,51,59,77,73,88,75,31,828,456,85,0,84,395,0,65,79,0,303,70,50,0,74,70,291,69,55,113,397
2019-05-11,933,81,370,833,0,76,72,74,495,1029,350,77,69,58,77,79,88,78,0,883,446,71,0,89,504,0,96,71,0,307,65,60,0,67,73,384,78,79,68,343
2019-05-12,1021,94,388,890,0,67,66,82,563,920,367,92,55,69,73,50,85,89,122,922,487,85,0,77,488,0,98,92,0,352,69,70,0,62,57,281,66,92,73,456
2019-05-13,1065,82,419,972,0,82,60,121,451,1313,466,67,62,67,68,77,92,66,101,1072,526,81,0,71,653,0,57,81,0,356,72,59,0,60,79,387,68,115,93,486
2019-05-14,978,93,415,1048,35,89,60,98,436,1091,432,79,59,59,86,76,80,67,118,880,545,55,0,72,452,0,73,86,0,450,58,67,0,71,65,396,85,102,84,397
2019-05-15,1141,80,373,946,38,91,67,72,347,1178,463,81,69,50,65,73,82,71,92,1001,530,95,0,56,512,0,88,63,0,433,52,60,0,67,74,271,70,125,86,445
2019-05-16,860,89,403,888,0,76,65,92,521,1246,332,93,64,66,73,63,84,89,63,863,490,60,0,76,618,0,106,59,0,362,63,55,0,63,72,291,63,69,72,433
2019-05-17,966,78,283,822,129,80,65,87,343,1028,406,58,53,74,55,81,95,74,172,734,452,66,0,90,281,0,79,79,0,282,67,39,0,66,63,259,76,93,66,419
2019-05-18,790,99,296,816,19,79,71,101,445,956,392,66,58,58,57,63,82,69,0,916,451,70,0,66,513,0,92,79,0,332,77,66,0,67,68,409,78,134,114,434
2019-05-19,1111,85,412,913,43,79,61,71,405,1148,418,66,58,70,60,74,90,71,0,1043,494,71,0,81,543,0,96,71,0,382,64,70,0,63,70,289,74,66,81,412
2019-05-20,1065,65,459,1013,18,74,68,60,464,1094,421,99,63,71,54,84,88,54,0,833,535,82,0,77,517,0,104,73,0,368,64,59,0,70,70,410,76,93,76,457
2019-05-21,1186,79,373,997,0,92,60,86,494,1009,473,86,63,39,60,64,87,69,0,1159,548,72,0,72,559,0,87,84,0,417,69,66,0,62,83,420,84,75,118,504
2019-05-22,1057,86,374,982,0,60,68,74,538,1069,412,83,57,71,56,91,88,74,37,1236,529,74,0,105,472,0,89,82,0,403,63,80,0,58,65,409,70,102,89,483
2019-05-23,951,99,379,787,30,91,69,56,497,1060,472,81,48,64,81,65,105,75,0,813,487,67,0,52,450,0,88,95,0,380,75,46,0,73,58,380,60,64,102,434
2019-05-24,898,90,315,800,0,82,67,106,434,908,305,68,72,76,86,56,87,71,0,865,447,50,0,87,538,0,105,81,0,346,55,89,0,68,63,334,79,79,92,450
2019-05-25,1013,98,344,830,32,62,74,86,450,1101,388,79,49,39,71,69,85,43,30,932,461,80,0,64,521,0,95,95,0,262,63,55,0,71,68,155,72,106,96,377
2019-05-26,771,79,431,898,37,77,66,86,275,1068,363,92,53,69,76,60,72,77,120,849,489,74,0,86,411,0,77,98,0,371,63,68,0,62,63,276,78,117,86,446
2019-05-27,1069,66,436,1026,12,93,67,89,429,1033,448,89,54,52,98,70,78,75,81,1034,523,67,0,79,452,0,81,85,0,419,67,54,0,70,77,443,75,85,75,479
2019-05-28,1030,84,444,1061,42,79,71,93,577,1020,441,58,68,68,70,84,90,87,3,979,543,75,0,64,574,0,67,92,0,446,55,72,0,61,60,416,71,120,102,508
2019-05-29,966,77,369,994,0,82,65,78,456,1334,404,56,61,72,49,81,82,87,129,1009,535,54,0,56,496,0,64,88,0,403,65,44,0,70,81,355,60,78,115,552
2019-05-30,985,111,360,941,9,83,58,94,477,1143,351,68,46,59,77,82,94,77,0,712,492,78,0,68,422,0,75,81,0,372,65,82,0,64,69,308,71,89,71,390
2019-05-31,886,95,328,792,6,93,57,74,382,1067,275,83,64,79,45,78,87,60,0,947,463,90,0,83,419,0,91,86,0,321,63,71,0,66,65,330,71,70,110,374
2019-06-01,1022,68,364,820,0,67,67,89,550,907,360,64,57,56,50,72,71,73,121,826,460,75,0,95,362,0,99,78,0,304,62,60,0,60,69,244,73,104,82,446
2019-06-02,924,102,371,880,44,86,57,111,484,903,384,81,49,64,81,90,76,69,13,1001,485,91,0,75,436,0,94,89,0,393,68,74,0,67,66,320,84,101,63,364
2019-06-03,1114,96,411,1067,42,79,50,86,542,1087,382,91,62,61,80,66,87,73,0,1023,529,75,0,86,463,0,69,78,0,400,68,47,0,67,66,380,69,81,84,437
2019-06-04,1131,85,462,976,0,69,64,103,436,1241,424,71,47,91,82,81,95,61,0,911,540,96,0,62,421,0,103,95,0,412,71,71,0,69,61,402,74,93,108,585
2019-06-05,1090,81,414,992,0,83,67,91,404,1012,383,77,47,57,78,54,84,78,5,693,530,95,0,78,352,0,97,92,0,376,71,52,0,66,75,260,73,100,73,465
2019-06-06,1039,103,399,914,0,88,73,130,375,1041,345,102,52,68,47,67,89,67,18,900,497,63,0,80,389,0,95,56,0,361,64,55,0,65,56,302,66,114,100,426
2019-06-07,802,64,379,810,13,54,61,88,473,894,381,66,51,62,63,70,87,79,0,705,450,58,0,82,454,0,74,86,0,346,75,61,0,65,73,268,83,77,80,374
2019-06-08,874,92,363,794,13,85,67,114,408,815,388,73,44,62,53,57,78,61,147,884,447,75,0,74,510,0,98,71,0,323,56,59,0,69,64,264,69,109,85,408
2019-06-09,991,81,344,951,0,84,69,71,414,995,375,102,54,73,75,75,83,74,0,910,495,70,0,102,458,0,91,85,0,368,73,76,0,64,70,296,76,71,82,490
2019-06-10,1054,83,435,922,110,85,69,102,413,926,441,74,41,81,81,62,86,82,0,1031,531,67,0,72,493,0,87,93,0,399,56,63,0,69,69,385,74,97,94,495
2019-06-11,1055,62,454,1055,90,86,60,110,544,1172,439,89,61,44,61,84,90,76,0,1032,551,77,0,40,549,0,85,70,0,429,62,70,0,66,70,416,72,66,98,526
2019-06-12,1077,73,434,1025,26,97,65,89,439,1040,455,80,70,51,72,67,84,66,0,760,535,73,0,87,487,0,88,58,0,414,77,61,0,65,67,384,66,90,100,491
2019-06-13,1092,81,382,884,0,82,71,80,349,982,419,74,61,68,78,62,79,76,0,795,489,67,0,59,534,0,75,81,0,345,49,64,0,60,74,324,90,116,94,473
2019-06-14,888,81,421,846,96,75,57,115,449,945,333,90,51,79,68,57,90,65,31,889,460,63,0,78,349,0,63,62,0,317,68,75,0,76,53,268,81,100,71,480
2019-06-15,852,77,349,784,32,97,64,76,523,823,367,59,61,61,56,75,94,71,58,636,457,63,0,90,452,0,86,67,0,325,67,50,0,60,69,301,82,102,89,405
2019-06-16,941,98,359,892,61,75,71,86,482,1026,412,79,58,71,75,70,73,73,0,1024,483,98,0,72,342,0,97,77,0,334,67,59,0,73,68,385,70,112,86,449
2019-06-17,1122,99,427,1004,29,104,52,100,516,1035,429,81,50,74,96,70,92,83,66,855,529,72,0,78,463,0,74,68,0,410,72,84,0,63,72,308,89,89,89,483
2019-06-18,1278,72,434,1018,0,89,62,108,504,1126,464,98,57,58,62,79,79,63,0,1102,552,67,0,82,571,0,73,81,0,458,65,61,0,62,73,350,80,101,51,467
2019-06-19,1052,87,440,1028,0,77,71,57,465,1104,460,74,59,44,69,78,86,68,0,924,531,72,0,68,634,0,69,87,0,381,64,46,0,70,62,360,72,92,86,458
2019-06-20,862,97,365,894,65,76,67,108,445,987,378,85,61,56,68,70,89,79,72,948,486,57,0,80,501,0,55,92,0,347,66,74,0,62,70,338,77,107,96,476
2019-06-21,784,85,387,790,95,78,71,103,523,940,371,75,58,66,56,80,78,81,9,775,456,37,0,85,373,0,66,91,0,365,74,49,0,63,66,276,61,99,111,371
2019-06-22,835,85,305,887,0,93,56,76,393,985,311,89,67,65,60,77,72,63,100,778,452,63,0,78,510,0,88,71,0,327,66,55,0,72,70,266,76,98,96,403
2019-06-23,1065,70,406,902,0,98,65,110,437,878,416,67,58,66,58,67,87,71,80,771,489,69,0,72,431,0,80,88,0,358,70,58,0,63,57,246,76,93,66,343
2019-06-24,1054,80,398,930,0,85,73,83,429,1207,392,65,48,53,79,84,83,87,114,983,534,63,0,68,435,0,87,83,0,393,70,66,0,66,77,377,84,76,83,460
2019-06-25,1155,80,397,1048,0,80,62,102,342,880,483,88,68,68,88,59,85,66,29,955,554,69,0,44,464,0,112,92,0,431,57,76,0,68,75,338,78,68,65,469
2019-06-26,989,77,388,936,14,84,62,71,436,1202,421,80,43,66,79,66,80,66,100,887,535,79,0,67,554,0,47,90,0,360,56,67,0,65,66,324,74,113,59,505
2019-06-27,1027,98,325,958,71,78,65,67,508,1136,408,67,54,66,53,76,85,60,43,828,488,72,0,53,487,0,66,92,0,373,55,73,0,71,64,294,68,77,74,439
2019-06-28,948,103,385,796,84,63,57,99,406,840,383,79,72,63,62,74,83,75,0,729,454,59,0,94,440,0,92,73,0,334,76,72,0,62,79,368,79,75,102,337
2019-06-29,934,94,341,844,46,84,59,107,359,916,366,63,54,68,77,77,77,57,0,728,454,86,0,69,445,0,127,101,0,328,68,66,0,62,63,287,78,80,77,356
2019-06-30,969,79,379,921,76,65,65,76,425,824,411,102,49,51,61,72,93,79,0,971,486,62,0,70,362,0,81,91,0,389,63,74,0,72,72,326,64,115,87,481
2019-07-01,1115,78,405,994,199,76,72,111,331,1097,438,83,40,70,62,63,97,79,76,1002,536,92,10,76,545,0,75,0,0,403,0,56,75,65,61,262,80,122,96,472
2019-07-02,1120,85,392,1033,19,65,63,104,446,1076,438,97,46,54,61,66,85,75,0,1032,550,87,0,101,542,0,98,0,0,373,0,46,0,64,64,340,75,80,63,502
2019-07-03,1002,86,461,944,28,74,57,90,518,1038,435,73,66,74,75,73,89,86,126,960,535,51,18,68,560,0,52,0,0,420,0,89,25,72,73,348,79,87,90,450
2019-07-04,998,92,369,914,26,72,73,113,407,1014,391,68,62,77,95,65,85,70,85,844,490,60,9,89,573,0,45,0,0,368,0,45,9,62,74,378,84,79,75,398
2019-07-05,905,81,321,849,0,86,63,99,391,1046,424,80,67,76,68,71,86,70,0,545,452,47,3,65,437,0,68,0,0,283,0,89,9,68,67,285,77,62,91,334
2019-07-06,935,78,331,831,0,82,58,108,333,1073,344,74,58,63,71,90,81,87,0,829,459,65,7,99,358,0,79,0,0,342,0,75,58,78,54,283,70,79,94,413
2019-07-07,965,78,411,894,92,95,70,96,452,1074,405,66,56,53,51,72,88,74,35,715,486,77,2,64,537,0,98,0,0,376,0,54,0,64,69,340,66,95,83,468
2019-07-08,1149,92,391,1013,0,73,62,68,410,1064,413,78,53,56,76,61,84,81,47,981,528,87,19,79,470,0,94,0,0,421,0,48,0,64,73,390,76,102,75,510
2019-07-09,1194,91,461,1077,14,59,61,103,360,1431,459,66,59,63,73,67,87,65,35,988,552,95,1,69,496,0,87,0,0,392,0,67,47,67,70,457,78,73,90,493
2019-07-10,1012,88,420,970,55,103,61,113,440,1241,418,66,40,57,66,81,93,58,103,998,523,88,5,68,364,0,90,0,0,429,0,72,0,65,83,411,75,84,106,505
2019-07-11,1051,89,337,903,161,77,66,81,436,923,419,66,61,49,76,81,75,65,2,824,492,66,19,86,532,0,107,0,0,358,0,77,16,64,54,283,81,108,111,487
2019-07-12,939,83,336,815,115,86,66,96,473,802,338,73,59,67,78,73,94,76,69,625,451,65,23,76,539,0,97,0,0,377,0,52,0,66,71,321,74,100,112,344
2019-07-13,919,96,325,848,0,73,70,95,440,818,372,91,68,68,82,66,80,77,0,742,456,79,13,82,390,0,72,0,0,329,0,62,0,70,56,296,75,90,81,462
2019-07-14,935,79,385,920,0,93,65,95,473,1169,411,75,53,62,69,63,83,74,0,918,496,70,15,75,427,0,76,0,0,365,0,74,174,77,80,257,74,86,66,497
2019-07-15,1027,92,451,1079,32,75,63,96,567,1264,438,84,43,59,108,64,84,74,65,1082,527,78,1,65,422,0,54,0,0,408,0,62,0,75,69,447,73,103,63,449
2019-07-16,964,91,431,1003,19,62,63,86,390,1205,464,84,62,66,91,68,81,65,50,983,545,53,17,80,447,0,88,0,0,381,0,61,12,62,71,337,66,98,80,546
2019-07-17,1029,82,460,959,167,102,55,84,360,1123,440,58,40,53,53,77,79,77,88,786,532,76,14,71,613,0,90,0,0,408,0,84,0,60,63,391,90,84,115,464
2019-07-18,739,97,372,887,116,68,68,101,380,853,369,65,51,65,80,62,82,79,128,832,495,89,12,68,403,0,80,0,0,350,0,63,0,71,60,336,72,108,93,488
2019-07-19,1057,85,313,802,51,89,59,75,455,967,342,80,47,78,86,72,88,71,97,905,455,57,14,79,422,0,98,0,0,340,0,50,63,70,79,252,67,81,105,432
2019-07-20,917,88,313,860,47,96,67,86,415,1018,327,82,59,78,63,58,80,65,35,971,450,83,3,86,405,0,74,0,0,317,0,66,38,71,65,208,78,99,84,412
2019-07-21,898,82,401,942,36,66,63,76,449,1091,449,68,37,67,69,67,85,82,67,1032,486,79,9,78,399,0,97,0,0,338,0,50,0,63,66,363,86,100,84,432
2019-07-22,1086,78,432,980,6,83,68,69,467,1190,404,73,49,79,85,79,86,72,21,1029,525,66,24,98,469,0,80,0,0,421,0,60,0,67,74,452,75,95,87,468
2019-07-23,1091,69,440,971,6,103,70,96,578,1105,506,66,56,55,75,79,90,54,57,1143,557,63,12,78,545,0,83,0,0,410,0,61,0,61,65,317,79,113,92,500
2019-07-24,895,81,396,1031,67,62,59,141,629,1011,394,83,63,75,50,59,83,85,0,959,537,87,24,73,575,0,73,0,0,420,0,53,0,70,59,345,79,128,81,472
2019-07-25,1045,85,323,916,98,77,63,97,403,1076,358,78,57,68,66,65,77,83,0,946,493,88,22,54,475,0,81,0,0,350,0,69,23,67,79,373,75,90,97,366
2019-07-26,827,88,326,848,3,99,78,91,445,1039,393,56,73,79,68,76,83,97,37,787,461,68,9,72,435,0,75,0,0,334,0,57,0,70,67,291,74,93,76,411
2019-07-27,998,92,320,785,81,75,61,74,365,1040,352,95,49,62,62,88,86,79,90,844,460,67,15,73,439,0,96,0,0,355,0,67,0,69,66,288,83,77,86,371
2019-07-28,930,60,320,998,0,69,67,73,364,884,384,47,55,66,79,48,84,74,98,973,496,73,29,76,696,0,66,0,0,338,0,65,45,67,61,392,73,96,67,497
2019-07-29,984,96,424,953,60,74,65,80,416,1184,416,65,58,65,72,66,91,78,14,1116,544,59,34,86,587,0,71,0,0,382,0,64,43,71,70,411,57,104,87,498
2019-07-30,1139,118,470,1034,92,86,68,89,451,1277,489,68,54,64,41,69,79,84,10,1004,555,58,6,77,562,0,80,0,0,439,0,51,0,64,54,389,70,107,91,449
2019-07-31,1048,84,438,967,57,64,62,107,337,1063,402,78,53,49,72,70,86,66,0,912,533,54,13,88,446,0,74,0,0,387,0,84,71,75,59,394,74,79,98,459
2019-08-01,881,90,342,979,206,91,58,96,511,889,386,99,52,64,79,68,87,96,12,809,494,75,20,97,425,0,89,0,0,372,0,96,133,69,72,287,67,103,124,461
2019-08-02,818,89,288,802,0,91,62,68,326,986,392,62,70,59,67,67,81,63,0,640,458,75,19,77,540,0,57,0,0,343,0,54,24,73,70,275,79,70,83,347
2019-08-03,923,82,358,817,67,96,62,117,347,933,339,63,70,58,72,62,83,75,0,798,469,68,29,76,414,0,75,0,0,314,0,49,143,65,73,306,81,116,72,508
2019-08-04,1135,82,319,936,69,71,67,83,559,992,369,74,52,56,68,77,77,81,226,745,487,64,8,91,343,0,106,0,0,369,0,72,36,73,74,347,76,103,88,434
2019-08-05,960,89,391,1070,51,100,57,123,476,911,449,84,72,73,77,83,86,61,149,862,534,64,22,89,646,0,85,0,0,413,0,54,0,64,76,343,86,89,79,466
2019-08-06,1137,77,432,1008,0,91,63,70,463,958,495,80,63,80,68,74,97,77,0,931,549,81,31,84,672,0,88,0,0,376,0,61,0,68,71,362,67,81,77,575
2019-08-07,1039,77,409,979,0,78,61,88,513,1155,430,88,50,53,69,74,74,76,0,811,534,62,28,72,533,0,94,0,0,430,0,62,0,65,71,392,73,116,77,439
2019-08-08,925,72,380,910,159,83,64,112,418,803,431,70,58,55,74,53,88,67,219,872,494,99,23,61,349,0,62,0,0,391,0,66,22,71,61,254,76,100,35,425
2019-08-09,927,83,366,815,137,96,74,105,351,1104,358,78,63,67,66,70,76,69,85,788,454,63,17,81,444,0,57,0,0,341,0,32,3,76,86,229,80,99,113,399
2019-08-10,890,74,341,847,0,97,69,89,462,907,317,83,52,83,71,65,86,65,45,635,460,69,31,85,431,0,63,0,0,313,0,46,0,76,75,368,77,85,106,348
2019-08-11,948,78,366,932,0,83,65,89,392,895,362,83,58,54,89,76,85,69,60,854,492,82,33,89,407,0,85,0,0,372,0,54,47,63,76,290,77,96,96,456
2019-08-12,1063,77,444,991,0,91,62,78,469,938,481,72,49,71,92,57,89,87,115,807,531,83,20,65,455,0,91,0,0,414,0,43,50,66,74,303,77,121,121,537
2019-08-13,1101,90,406,1012,22,71,64,112,368,1129,491,72,62,43,52,65,76,69,8,1010,558,36,24,96,508,0,83,0,0,403,0,77,82,58,70,380,63,69,40,527
2019-08-14,1027,112,422,1024,162,80,64,87,563,867,415,83,45,65,37,66,92,76,17,994,527,73,24,70,630,0,78,0,0,388,0,67,22,72,69,360,88,70,107,499
2019-08-15,1016,87,367,929,43,67,61,93,296,1114,461,69,69,64,68,62,85,74,61,923,494,85,31,71,434,0,97,0,0,382,0,58,0,62,64,273,73,103,109,383
2019-08-16,928,79,385,813,159,86,59,80,462,763,349,88,82,72,70,60,85,90,251,691,456,65,28,70,547,0,59,0,0,305,0,71,43,67,73,309,78,111,92,413
2019-08-17,817,89,297,891,101,78,62,72,406,1042,336,96,53,50,52,70,81,77,76,907,450,64,20,64,497,0,74,0,0,368,0,64,0,73,61,304,73,91,85,402
2019-08-18,928,84,376,917,39,87,59,116,555,939,401,82,55,54,71,76,83,68,0,988,500,74,43,90,463,0,90,0,0,328,0,65,8,61,60,304,79,103,72,468
2019-08-19,1089,74,438,962,0,94,71,88,432,1012,467,84,58,69,84,80,88,69,0,981,529,61,28,97,458,0,94,0,0,405,0,63,0,61,70,399,72,87,111,496
2019-08-20,1244,83,474,1026,30,93,73,99,393,1111,512,82,72,59,69,70,78,67,7,1215,561,95,26,64,322,0,55,0,0,419,0,62,0,67,73,453,67,67,90,494
2019-08-21,1038,92,429,995,27,81,66,100,521,1125,510,72,63,72,74,64,89,68,81,728,538,58,15,74,589,0,86,0,0,416,0,79,0,64,67,401,78,102,84,544
2019-08-22,938,84,358,972,0,66,68,93,450,1021,373,55,42,63,72,86,76,56,38,954,485,71,37,63,396,0,96,0,0,389,0,67,28,60,66,349,82,86,85,420
2019-08-23,811,105,385,863,77,70,67,95,347,721,378,73,57,75,61,84,82,79,0,829,459,75,30,91,367,0,74,0,0,307,0,67,0,63,68,207,79,78,62,351
2019-08-24,824,46,349,836,17,86,58,94,266,950,339,78,33,83,75,75,86,69,39,732,457,80,43,89,387,0,67,0,0,324,0,87,38,56,71,245,84,91,85,361
2019-08-25,963,81,335,909,0,63,65,64,548,953,465,91,53,78,79,77,92,74,53,786,500,61,25,73,483,0,81,0,0,389,0,61,46,61,81,338,79,119,91,455
2019-08-26,1134,106,408,963,0,79,66,95,488,1075,432,74,54,66,45,69,85,68,78,996,536,77,22,91,375,0,64,0,0,384,0,63,0,65,67,243,71,109,95,480
2019-08-27,987,84,465,1061,88,65,71,101,555,1015,471,68,61,72,69,62,85,83,0,1124,554,68,47,73,598,0,56,0,0,421,0,80,0,76,71,359,75,75,86,459
2019-08-28,1042,105,427,969,69,109,73,79,270,1113,444,82,42,66,80,71,81,55,14,1048,536,71,32,79,418,0,87,0,0,395,0,76,26,67,69,433,70,109,80,460
2019-08-29,964,93,379,971,0,84,62,91,480,1156,399,69,62,75,78,67,81,94,68,923,499,71,36,76,393,0,108,0,0,388,0,56,63,64,68,218,75,78,58,486
2019-08-30,954,86,352,837,0,77,58,116,510,1063,345,74,46,65,74,68,82,68,5,810,459,76,30,96,440,0,79,0,0,330,0,65,43,61,68,306,76,77,81,373
2019-08-31,938,83,350,837,158,94,66,76,345,978,331,63,62,69,70,61,81,66,27,766,459,70,23,65,357,0,75,0,0,342,0,82,91,66,65,278,81,97,104,442
2019-09-01,823,91,365,902,52,99,60,88,363,1070,439,67,51,66,57,61,88,79,0,806,497,58,41,61,387,0,71,0,0,366,0,71,29,67,71,289,74,103,88,529
2019-09-02,948,107,439,1002,6,75,66,105,471,1209,428,66,48,51,100,65,80,63,105,929,534,95,27,46,530,0,87,0,0,414,0,72,0,66,60,431,68,110,82,433
2019-09-03,1082,102,441,1049,0,85,61,96,491,1083,407,71,69,65,66,77,87,79,42,1030,552,55,38,84,543,0,129,0,0,398,0,36,0,67,71,375,75,89,81,499
2019-09-04,1074,86,451,1049,36,74,64,78,547,1107,438,91,49,75,73,61,86,52,120,993,544,78,34,85,457,0,99,0,0,363,0,46,12,66,61,317,81,79,93,441
2019-09-05,911,73,362,860,182,89,63,81,407,889,401,73,59,60,68,75,78,67,30,836,495,74,49,89,623,0,62,0,0,354,0,56,49,69,65,332,85,100,99,439
2019-09-06,842,73,356,853,124,59,62,109,392,1007,439,105,56,61,69,66,85,54,121,889,462,82,27,82,356,0,76,0,0,367,0,78,7,60,66,281,75,123,87,360
2019-09-07,818,79,366,898,0,85,64,71,442,1054,346,80,56,62,86,67,89,81,115,863,468,82,45,82,215,0,89,0,0,347,0,59,19,67,68,343,70,99,88,405
2019-09-08,1025,90,398,895,13,78,63,81,397,1068,394,65,62,46,89,89,98,66,55,863,494,76,35,67,509,0,72,0,0,373,0,68,0,75,75,300,65,89,88,448
2019-09-09,1173,78,419,998,158,83,79,116,477,1019,473,88,42,90,78,67,82,59,45,1082,539,53,47,86,477,0,88,0,0,387,0,42,7,59,65,388,80,81,78,498
2019-09-10,1099,87,461,1099,31,84,60,53,545,1140,527,78,60,85,42,74,78,76,67,977,558,78,38,85,518,0,82,0,0,419,0,67,27,68,60,349,74,85,69,523
2019-09-11,1044,86,395,995,133,70,53,81,417,1087,409,69,59,84,79,75,79,72,98,1002,540,58,32,98,441,0,98,0,0,410,0,75,33,71,74,340,72,66,100,458
2019-09-12,1081,87,368,885,112,88,67,82,417,902,388,81,61,67,73,73,84,88,53,939,500,90,47,88,404,0,92,0,0,383,0,52,0,79,71,253,74,74,91,417
2019-09-13,901,81,375,891,41,82,65,86,450,738,363,57,54,75,82,62,73,73,109,892,454,56,32,83,418,0,91,0,0,296,0,69,35,59,56,269,89,103,94,431
2019-09-14,1084,78,327,813,130,64,63,82,334,964,324,77,63,51,66,89,86,68,89,819,462,70,50,108,469,0,91,0,0,342,0,70,127,66,71,239,81,77,82,434
2019-09-15,1092,97,360,843,63,62,77,65,398,1150,396,83,45,57,68,46,89,50,176,860,496,38,47,84,490,0,86,0,0,378,0,55,0,65,63,350,71,109,86,383
2019-09-16,1008,90,346,1021,117,90,68,113,408,1196,419,75,60,75,67,74,74,79,61,921,535,85,31,92,382,0,75,0,0,405,0,42,87,69,67,350,85,88,62,494
2019-09-17,881,83,403,1053,31,85,60,90,609,1096,417,88,81,69,69,73,78,80,152,1019,548,69,52,86,604,0,77,0,0,429,0,62,51,66,78,424,71,69,92,555
2019-09-18,1129,82,413,1019,107,90,61,93,403,740,376,82,61,80,41,76,85,78,102,985,538,63,46,69,491,0,77,0,0,400,0,71,99,71,73,406,74,111,96,429
2019-09-19,928,80,391,930,0,74,61,110,438,823,427,66,63,78,86,67,90,83,145,764,497,56,37,79,350,0,86,0,0,359,0,58,74,61,70,323,78,96,99,501
2019-09-20,1015,92,361,912,28,83,56,82,457,937,334,79,48,76,68,76,87,80,0,1011,466,65,45,63,522,0,94,0,0,315,0,48,0,70,71,278,77,83,80,470
2019-09-21,1035,88,341,887,172,112,74,84,414,898,350,75,54,58,55,85,96,67,46,989,460,77,34,86,524,0,121,0,0,343,0,64,60,69,65,209,64,86,86,395
2019-09-22,993,68,356,910,69,84,80,98,314,1206,468,75,61,80,70,67,80,70,63,745,496,103,40,90,569,0,76,0,0,370,0,61,2,72,64,350,75,93,50,476
2019-09-23,1036,67,406,1031,3,74,69,115,475,1255,486,81,71,84,87,73,82,70,109,878,539,72,47,71,545,0,79,0,0,424,0,42,139,68,57,344,80,102,87,465
2019-09-24,1118,95,409,1012,179,86,70,92,434,1019,436,67,70,65,78,84,81,73,123,1142,555,83,58,86,571,0,86,0,0,428,0,64,35,64,64,408,81,106,65,514
2019-09-25,983,90,399,1062,0,88,67,94,459,1088,456,79,60,63,71,64,85,75,0,952,545,69,32,73,501,0,70,0,0,388,0,79,67,70,78,350,82,91,72,424
2019-09-26,887,91,332,908,52,71,69,89,398,973,373,86,57,81,63,71,92,79,131,897,495,71,48,69,475,0,72,0,0,380,0,66,2,67,66,315,75,114,52,393
2019-09-27,980,95,354,837,90,67,70,103,482,1020,366,81,59,81,53,66,74,75,22,688,469,57,53,91,401,0,59,0,0,343,0,50,39,77,62,280,71,83,94,318
2019-09-28,904,92,369,831,31,74,57,82,301,831,367,80,51,72,55,60,88,73,124,849,457,95,54,67,450,0,69,0,0,318,0,79,63,64,77,270,81,106,96,352
2019-09-29,1013,66,388,964,0,70,46,108,502,1041,379,62,55,49,55,69,89,74,84,859,490,66,53,72,429,0,80,0,0,368,0,56,37,66,59,318,69,78,93,508
2019-09-30,1011,74,424,989,0,93,61,85,514,1156,443,71,45,62,85,95,87,69,74,888,537,67,44,87,364,0,103,0,0,388,0,57,39,69,81,288,76,113,70,475
2019-10-01,1053,92,400,1006,169,73,67,88,597,1129,430,76,50,67,72,61,83,70,38,1027,554,47,40,79,535,0,81,0,0,385,0,72,102,62,85,450,81,96,125,485
2019-10-02,967,95,418,1042,63,100,63,109,474,1132,455,76,54,70,71,73,79,84,105,1010,534,64,62,88,542,0,84,0,26,442,0,61,5,72,59,354,88,104,105,450
2019-10-03,1075,89,381,904,31,70,65,115,297,885,417,70,68,69,81,86,81,68,40,774,501,73,42,77,293,0,57,0,0,392,0,69,49,63,68,274,78,105,102,360
2019-10-04,738,93,378,873,61,88,53,91,471,925,378,57,60,69,66,69,87,64,147,760,460,87,53,74,281,119,107,0,0,296,0,47,80,72,74,233,70,107,56,420
2019-10-05,883,101,353,859,138,72,74,68,303,1105,392,72,49,56,83,77,91,82,57,899,456,61,47,72,292,0,100,0,0,372,0,61,67,72,70,244,76,96,82,503
2019-10-06,930,82,369,922,114,83,62,102,399,1025,456,79,51,73,74,74,82,64,129,895,499,54,60,73,415,0,76,0,19,366,0,67,69,65,64,337,66,109,95,433
2019-10-07,939,91,447,1071,60,90,66,65,480,1025,419,91,41,68,72,78,80,82,74,1024,539,60,50,67,566,71,72,0,36,388,0,67,63,63,74,360,77,123,86,475
2019-10-08,1227,79,419,1022,0,81,73,74,440,1098,498,89,51,71,63,58,75,67,101,1018,564,56,49,83,578,15,84,0,0,425,0,68,20,69,77,379,91,82,77,442
2019-10-09,948,81,428,1025,28,93,63,117,348,1188,452,86,63,60,79,70,93,77,63,1132,532,83,44,95,582,0,71,0,16,400,0,55,27,73,68,271,78,105,75,550
2019-10-10,1061,65,416,927,11,77,58,89,482,885,432,80,61,69,83,89,80,66,0,750,496,86,52,82,289,0,70,0,10,381,0,68,79,68,60,340,68,92,87,527
2019-10-11,1013,78,358,845,83,81,65,69,492,999,398,88,70,54,61,72,91,76,205,797,464,73,59,53,378,0,95,0,0,343,0,41,106,71,64,263,79,81,87,376
2019-10-12,759,80,343,888,126,56,68,73,424,1064,319,76,46,65,86,81,77,84,6,841,459,58,50,81,502,30,89,0,0,331,0,59,65,67,65,314,71,95,75,409
2019-10-13,1040,91,421,913,41,70,64,87,497,1120,417,92,47,54,70,76,84,72,76,856,501,87,52,89,473,184,83,0,0,349,0,67,51,69,73,286,83,75,85,419
2019-10-14,978,80,389,1014,121,76,68,100,370,1026,419,68,49,60,53,61,92,62,132,896,540,56,71,98,459,100,77,0,11,386,0,64,77,65,70,294,89,94,102,475
2019-10-15,1144,60,452,1048,34,86,80,74,580,1189,457,83,71,74,102,85,84,69,59,1022,563,76,50,93,584,144,58,0,37,479,0,80,97,69,67,347,73,90,83,497
2019-10-16,1128,70,396,966,70,77,51,85,471,1023,456,81,68,71,60,73,79,73,79,1069,540,52,61,102,542,68,57,0,0,394,0,58,52,64,55,306,66,82,86,504
2019-10-17,998,100,354,948,81,66,67,98,381,1020,404,61,55,65,82,72,86,84,61,865,499,90,47,75,410,19,92,0,25,344,0,78,54,71,65,299,68,83,92,420
2019-10-18,778,105,377,886,105,96,60,65,357,962,451,89,61,81,62,62,74,70,169,696,461,71,55,82,373,64,58,0,45,343,0,83,106,63,65,211,81,109,113,339
2019-10-19,906,79,325,844,93,89,66,87,370,978,396,73,53,77,55,87,88,70,67,852,468,75,56,94,382,43,59,0,18,327,0,66,24,71,68,205,77,67,56,364
2019-10-20,983,94,380,965,69,101,74,76,436,1176,423,75,67,64,66,63,85,70,14,755,501,85,66,71,457,0,89,0,10,398,0,74,0,61,70,426,79,118,52,435
2019-10-21,1123,78,444,992,0,82,67,97,608,1036,428,83,42,72,49,66,82,81,35,1223,548,63,57,82,530,53,84,0,50,360,0,67,25,76,76,349,79,98,87,487
2019-10-22,993,107,435,1054,26,87,65,75,352,1206,491,89,62,71,76,82,95,69,0,957,562,92,58,81,504,23,98,0,44,436,0,48,23,72,78,319,76,83,74,586
2019-10-23,1015,84,454,998,12,85,67,60,450,1206,460,83,57,70,92,65,75,66,55,1052,545,89,53,55,330,101,90,0,35,420,0,50,20,62,70,404,81,67,87,514
2019-10-24,966,109,336,974,0,67,56,86,389,961,420,86,51,56,104,81,84,82,108,785,485,62,59,91,341,0,96,0,50,373,0,66,50,72,63,370,91,98,102,354
2019-10-25,786,95,366,850,111,81,61,80,466,978,353,59,62,67,91,80,84,66,133,799,460,60,66,65,378,23,97,0,25,318,0,72,0,68,72,308,67,82,97,412
2019-10-26,902,79,347,846,0,93,71,86,392,1026,412,100,44,63,94,64,91,79,97,753,461,59,72,75,403,0,59,0,18,355,0,50,81,77,76,245,74,88,81,349
2019-10-27,887,124,370,958,63,71,63,95,373,1139,381,79,43,72,65,79,98,71,101,955,497,86,57,78,374,231,93,0,47,363,0,66,0,69,62,275,76,92,82,523
2019-10-28,910,94,386,976,67,91,59,76,400,1061,445,61,57,63,79,62,80,65,0,949,540,78,54,94,403,105,97,0,0,396,0,77,132,66,71,357,71,103,79,462
2019-10-29,1173,90,423,1079,20,119,75,90,491,992,483,71,59,85,66,65,86,77,86,850,562,88,61,78,436,0,65,0,14,430,0,67,48,63,70,314,81,111,128,458
2019-10-30,1182,79,446,985,110,107,63,99,543,1105,420,80,55,62,68,69,89,81,50,948,534,70,56,81,482,41,88,0,25,381,0,60,0,64,72,429,81,81,89,477
2019-10-31,1006,77,409,921,87,80,63,46,398,1038,363,86,57,75,76,73,85,68,0,769,504,90,72,82,434,0,52,0,38,386,0,56,10,68,65,386,73,95,76,440
2019-11-01,990,72,279,883,39,72,63,78,417,1105,307,98,56,50,72,56,74,70,142,844,466,51,37,93,504,0,85,0,33,373,0,74,129,66,54,276,81,89,68,373
2019-11-02,787,78,325,873,68,58,58,87,372,950,359,72,45,67,76,74,76,84,91,723,465,63,64,103,390,104,93,0,42,289,0,80,103,66,58,258,76,80,96,421
2019-11-03,1080,91,364,948,56,80,75,102,504,1019,414,79,58,59,68,78,78,73,48,945,489,86,70,79,469,0,71,0,82,375,0,69,78,71,63,330,83,70,89,408
2019-11-04,908,99,423,1045,58,89,60,78,472,1112,434,75,53,60,83,62,88,68,0,957,529,72,59,60,470,0,85,0,0,422,0,55,63,69,53,404,73,104,93,493
2019-11-05,1085,60,399,1038,0,77,63,82,348,1306,431,73,40,71,75,66,70,76,107,1071,561,60,80,97,514,38,68,0,48,418,0,70,84,64,83,338,70,86,90,423
2019-11-06,1033,80,378,1025,41,88,57,88,494,1053,446,75,61,61,75,69,88,71,166,986,538,52,73,85,558,105,47,0,42,397,0,50,84,74,56,410,80,71,86,512
2019-11-07,980,84,425,895,83,106,61,89,447,1139,391,79,49,69,87,65,87,70,0,909,509,74,79,40,384,19,51,0,103,434,0,68,68,64,78,319,82,84,94,448
2019-11-08,972,84,349,900,134,88,66,78,479,925,374,78,60,72,82,73,95,72,0,669,474,76,66,84,442,14,92,0,77,295,0,66,44,73,80,320,75,105,106,434
2019-11-09,837,93,291,829,134,80,61,55,308,907,416,74,61,57,57,69,83,73,64,845,465,64,60,68,445,218,104,0,57,317,0,53,45,66,64,280,67,98,65,435
2019-11-10,933,96,377,959,102,77,68,78,577,1206,390,80,58,77,61,55,70,39,120,895,493,64,65,86,389,108,103,0,57,359,0,67,71,68,71,330,83,128,77,413
2019-11-11,1161,72,416,1054,0,70,68,110,453,1010,468,81,54,82,57,71,79,77,0,900,532,83,68,66,367,90,65,0,66,392,0,56,103,70,70,317,68,108,81,455
2019-11-12,1163,90,412,1051,115,98,70,113,472,1025,476,75,55,66,86,90,87,77,5,843,558,94,79,78,621,0,68,0,55,416,0,86,25,65,70,364,77,84,85,455
2019-11-13,1009,101,438,962,93,85,70,102,482,1158,432,70,63,52,83,85,84,76,128,1033,548,72,61,92,533,155,85,0,27,404,0,78,0,63,70,357,79,80,73,495
2019-11-14,1135,86,372,953,82,66,74,120,446,1144,398,76,61,76,87,80,77,79,86,804,497,69,58,89,520,0,70,0,72,396,0,62,32,69,62,305,78,85,68,408
2019-11-15,865,106,338,886,197,93,67,92,441,1015,343,72,55,67,78,72,83,77,197,764,470,74,72,78,446,23,50,0,53,355,0,48,10,73,59,271,87,95,70,369
2019-11-16,920,82,353,854,83,67,59,71,482,915,371,76,52,73,57,59,85,94,120,816,464,88,74,42,271,146,58,0,62,296,0,72,31,64,76,196,85,92,80,416
2019-11-17,800,70,359,960,168,89,58,83,524,1080,380,94,48,78,85,79,83,70,0,740,492,92,70,93,520,92,49,0,89,366,0,58,62,73,74,284,70,94,90,403
2019-11-18,1031,71,435,998,89,84,76,101,460,1185,474,65,61,80,85,74,84,65,0,823,546,69,88,104,634,1,63,0,36,423,0,76,0,61,80,301,73,100,88,457
2019-11-19,1144,81,428,1062,132,88,64,59,392,1131,504,96,46,52,63,76,90,88,64,1129,562,60,69,99,543,27,80,0,26,420,0,74,0,74,54,396,74,127,83,485
2019-11-20,1007,66,424,1026,7,84,67,101,473,1243,394,66,64,60,60,58,80,75,46,919,534,72,64,71,546,0,61,0,0,418,0,50,49,75,73,356,80,90,92,466
2019-11-21,938,95,390,1000,135,97,66,93,449,872,440,80,53,71,47,80,73,77,120,781,493,84,69,66,430,69,94,0,62,379,0,52,0,61,64,332,81,98,81,471
2019-11-22,996,80,308,838,152,81,65,88,447,994,343,70,63,64,61,75,86,68,122,738,472,73,79,87,393,133,78,0,46,342,0,70,97,64,71,297,75,72,82,378
2019-11-23,1047,73,393,883,71,77,64,96,496,933,404,64,64,60,60,58,84,71,158,818,467,88,52,98,390,0,80,0,50,303,0,70,157,66,82,281,73,81,102,428
2019-11-24,866,81,318,927,94,65,63,82,347,1107,369,87,43,76,109,68,90,69,0,673,499,70,85,69,472,70,79,0,87,365,0,59,163,69,71,336,63,85,91,407
2019-11-25,1226,78,394,1036,0,92,67,78,494,1080,513,67,67,87,76,63,79,69,81,1087,551,73,78,82,486,269,45,0,79,403,0,77,41,73,64,377,71,107,80,487
2019-11-26,969,88,422,1037,178,91,71,110,579,1054,449,81,76,64,65,81,90,82,0,1002,558,64,84,72,561,0,95,0,72,440,0,74,70,78,67,350,87,101,110,542
2019-11-27,1158,92,398,1045,25,65,64,70,407,1120,473,77,51,75,50,60,82,59,217,701,543,65,76,72,256,32,109,0,80,436,0,61,137,61,84,359,90,88,90,473
2019-11-28,724,93,405,947,93,79,65,73,337,947,343,64,58,61,73,63,80,83,162,822,502,60,78,65,421,0,71,0,51,348,0,66,0,70,62,339,73,109,51,409
2019-11-29,1022,88,353,849,76,95,74,83,327,1038,388,84,66,69,47,79,78,87,156,844,459,76,72,73,332,224,66,0,82,328,0,50,12,66,55,290,91,94,99,334
2019-11-30,1045,75,317,864,0,88,70,96,493,955,389,55,54,58,52,67,82,57,183,977,474,61,80,88,533,0,68,0,52,316,0,72,211,69,72,187,77,118,60,346
2019-12-01,849,78,380,912,122,85,65,102,405,906,439,83,49,78,77,59,92,59,37,1010,497,77,69,82,411,94,100,0,83,384,0,58,141,76,73,389,77,81,90,439
2019-12-02,1028,57,402,1042,0,66,62,121,430,1045,448,75,31,64,84,79,82,54,76,982,543,80,86,102,490,0,90,0,72,432,0,52,25,67,81,294,78,117,85,357
2019-12-03,1156,68,460,1042,148,108,68,75,451,1140,479,82,49,62,63,74,94,78,23,1004,563,87,74,97,463,52,108,0,23,396,0,73,171,65,78,471,72,96,101,460
2019-12-04,1003,80,417,1088,62,74,58,81,520,1165,400,88,65,70,80,70,74,81,109,903,535,66,79,74,534,64,76,0,38,352,0,55,63,65,62,427,73,81,88,425
2019-12-05,1204,92,368,904,126,89,61,97,451,1107,428,89,53,70,74,65,80,86,69,833,500,76,73,67,452,33,79,0,67,334,0,55,9,72,65,379,78,125,80,386
2019-12-06,825,81,302,902,7,90,71,67,449,867,346,62,52,59,63,58,77,82,114,817,473,102,86,82,459,248,75,0,69,330,0,62,39,67,65,361,82,102,114,420
2019-12-07,813,75,344,849,86,84,75,81,273,922,407,88,53,74,73,76,83,69,111,744,463,72,78,54,320,158,114,0,32,340,0,65,82,71,57,315,72,85,79,425
2019-12-08,920,84,383,941,77,84,65,114,515,876,424,71,57,82,77,72,82,72,109,891,506,62,88,69,436,74,97,0,33,371,0,58,101,68,72,270,88,109,71,472
2019-12-09,981,79,443,1038,24,83,65,85,408,1003,437,83,43,94,48,64,86,71,130,954,549,68,75,56,580,120,100,0,70,406,0,73,150,76,61,224,74,98,72,482
2019-12-10,1230,60,453,1064,103,99,58,94,500,1059,476,68,54,76,60,72,82,57,139,1138,567,66,79,73,544,121,59,0,40,474,0,63,0,64,80,370,73,92,108,428
2019-12-11,977,98,444,1012,0,75,62,110,483,1103,444,65,74,74,52,49,86,74,106,660,541,87,88,66,587,218,90,0,101,422,0,27,84,64,64,408,79,93,81,525
2019-12-12,984,79,341,881,1,82,57,89,463,1129,337,73,63,64,82,64,87,82,174,903,498,53,77,73,404,40,61,0,68,377,0,71,42,77,67,356,82,99,95,478
2019-12-13,926,91,386,903,35,63,73,113,451,995,390,90,74,72,60,67,82,77,72,788,478,72,96,93,488,139,88,0,87,347,0,52,119,69,76,339,80,86,91,451
2019-12-14,752,79,339,898,27,94,74,78,329,946,400,81,48,71,63,65,94,54,150,705,470,67,74,91,474,0,60,0,25,364,0,57,22,78,70,228,76,91,104,375
2019-12-15,986,96,349,955,88,85,63,122,569,1003,348,83,42,73,65,57,87,61,96,860,504,57,88,102,468,0,85,0,57,399,0,92,70,58,65,267,79,71,99,392
2019-12-16,1167,99,386,1027,0,93,61,69,362,1161,454,83,72,78,80,69,75,75,23,846,546,75,76,85,686,0,57,0,92,414,0,74,61,64,61,297,74,113,87,579
2019-12-17,1046,72,415,1085,89,77,71,112,541,970,464,94,71,52,60,67,77,71,88,1164,564,85,85,74,567,60,62,0,91,393,0,54,127,81,76,373,70,110,101,461
2019-12-18,1010,84,390,1040,92,91,66,85,457,1085,500,72,41,62,85,62,81,66,129,944,549,92,84,68,520,103,64,0,109,380,0,70,61,70,58,387,92,80,68,481
2019-12-19,866,94,392,953,63,70,72,87,512,974,395,71,66,76,57,77,73,70,10,946,501,88,88,95,463,78,52,0,109,378,0,65,149,69,72,417,73,90,78,449
2019-12-20,1099,79,336,850,111,90,63,99,416,869,390,82,65,52,65,77,91,74,172,793,464,66,88,81,326,115,64,0,80,363,0,51,82,66,83,251,84,79,83,431
2019-12-21,985,87,358,862,139,95,58,66,359,873,360,72,61,78,79,74,86,98,166,752,470,59,86,79,447,36,58,0,37,329,0,62,71,66,62,283,75,98,84,418
2019-12-22,906,91,347,1000,84,71,75,87,546,937,454,83,63,75,65,58,85,78,0,797,502,86,99,83,421,148,80,0,83,374,0,62,0,69,71,306,73,110,72,454
2019-12-23,1046,83,406,1040,61,88,57,89,411,1204,427,80,56,74,83,77,80,81,118,958,542,80,80,86,488,0,89,0,95,422,0,60,131,65,62,402,90,79,76,493
2019-12-24,1243,104,413,993,176,69,73,91,598,1185,490,80,48,42,82,80,83,88,59,988,557,86,98,100,476,105,64,0,106,430,0,43,33,76,55,462,69,99,80,480
2019-12-25,1107,74,412,1048,9,81,67,115,491,1120,462,90,65,86,79,85,73,67,133,672,542,61,73,95,581,141,89,0,69,400,0,69,98,68,66,403,79,104,78,490
2019-12-26,988,98,373,1004,54,111,62,89,428,1082,422,67,49,73,56,81,91,74,49,1063,505,81,92,65,407,107,75,0,81,363,0,72,0,66,72,344,69,83,75,456
2019-12-27,1028,81,334,866,0,99,69,94,299,933,376,79,49,80,74,78,72,71,197,688,465,89,98,115,448,0,85,0,95,332,0,78,82,67,77,264,78,81,96,415
2019-12-28,1066,91,369,894,60,75,56,88,540,1043,392,63,43,58,75,74,82,74,40,843,468,64,77,80,470,176,90,0,115,388,0,68,99,72,79,239,83,107,92,373
2019-12-29,896,103,334,944,41,79,72,97,436,949,396,68,44,69,62,70,92,75,110,809,510,45,99,44,423,188,66,0,144,392,0,62,103,64,75,359,87,99,100,495
2019-12-30,1045,88,409,1023,4,85,77,123,408,1172,517,88,64,69,73,81,74,64,162,946,546,75,101,79,571,29,96,0,125,392,0,72,0,69,67,368,76,94,100,511
2019-12-31,1102,83,445,1044,152,84,66,85,433,1203,486,85,65,70,71,72,88,79,164,961,562,56,88,78,428,2,79,0,103,415,0,65,171,73,68,374,74,124,84,529
