Date,RVP,VBO,UVL,AQZ,BCD,IIU,UJB,YQR,VPA,VKP,XKX,RIK,TBH,WPT,XCM,SJR,FOX,GCC,YWC,GIN,WHI,WQK,ZWJ,ICK,FWI,VCF,SPC,QUF,RBZ,TVW,ZIG,QOU,UPM,WBY,ZCW,VVE,HWR,WWU,HOF,AIO
2023-01-01,357,499,81,0,64,66,515,75,75,75,97,0,449,1140,87,385,62,67,65,68,919,69,0,76,75,63,382,0,0,529,68,0,445,938,72,1271,94,71,70,91
2023-01-02,398,500,61,0,47,80,458,82,88,57,72,0,391,970,105,345,46,61,96,37,1021,61,0,66,62,75,466,0,0,510,71,0,368,1042,76,943,123,62,60,84
2023-01-03,373,419,75,0,76,76,411,87,81,55,64,0,244,978,75,338,67,67,74,62,755,57,0,109,68,79,423,0,0,473,66,0,460,679,85,936,93,54,60,93
2023-01-04,297,387,76,0,49,73,382,91,67,70,101,0,305,929,98,281,80,76,86,63,794,79,0,80,62,67,299,0,0,429,64,0,250,958,70,932,85,53,58,97
2023-01-05,361,396,75,0,68,88,426,73,73,70,89,0,321,912,109,263,88,66,72,71,817,53,0,83,76,67,436,0,0,436,72,0,546,780,70,789,94,59,67,89
2023-01-06,305,403,71,0,67,66,420,82,68,71,69,0,305,1051,92,316,67,54,59,62,804,72,0,66,72,66,338,0,0,473,67,0,523,707,63,802,93,62,59,87
2023-01-07,280,492,70,0,67,95,510,79,72,67,80,0,370,1016,88,353,73,66,76,64,838,79,0,81,67,83,401,0,0,517,61,0,613,939,81,1278,87,69,57,85
2023-01-08,418,496,74,0,60,79,487,87,81,62,82,0,398,979,102,389,66,68,73,68,920,63,0,89,63,57,516,0,0,524,75,0,571,1048,73,982,75,57,67,96
2023-01-09,466,466,70,0,59,77,413,81,74,55,106,0,334,1113,84,358,55,68,71,60,1020,58,0,85,74,80,299,0,0,506,60,0,531,904,72,1116,79,51,66,86
2023-01-10,429,449,78,0,64,74,446,88,85,63,81,0,356,1013,79,313,71,69,58,55,846,46,0,86,74,84,364,0,0,459,67,0,482,977,68,1022,93,75,61,94
2023-01-11,380,378,96,0,63,100,400,77,76,61,84,0,294,936,91,281,67,59,77,73,824,67,0,72,66,75,368,0,0,435,75,0,451,1075,71,687,103,76,59,85
2023-01-12,283,398,70,0,62,79,369,87,65,77,91,0,310,899,89,305,68,73,89,60,668,64,0,85,81,63,435,0,0,438,71,0,288,648,78,833,89,41,57,88
2023-01-13,489,394,64,0,51,82,384,79,86,78,81,0,335,899,108,307,47,68,93,64,900,92,0,85,72,68,361,0,0,449,63,0,464,1089,72,897,97,68,60,93
2023-01-14,461,465,64,0,68,62,445,92,93,65,76,0,377,1134,73,357,77,64,98,55,929,64,0,70,75,80,452,0,0,505,71,0,550,941,76,1099,93,52,69,102
2023-01-15,442,512,69,0,65,75,484,79,67,60,102,0,365,1082,74,376,68,60,83,62,1050,68,0,92,58,70,370,0,0,526,72,0,552,792,72,1246,103,74,55,88
2023-01-16,327,464,71,0,54,77,443,80,78,84,86,0,375,1060,90,350,70,50,82,52,882,84,0,84,66,71,463,0,0,507,63,0,410,556,68,1174,88,62,64,82
2023-01-17,439,415,74,0,61,91,430,76,66,73,74,0,273,938,98,333,69,68,83,65,857,76,0,89,61,61,343,0,0,450,71,0,532,911,71,946,108,52,48,90
2023-01-18,526,414,71,0,65,97,443,74,81,70,85,0,258,984,71,265,78,61,82,44,727,57,0,76,55,78,352,0,0,436,64,0,536,942,73,664,84,62,69,91
2023-01-19,477,411,75,0,87,96,393,89,89,78,76,0,233,910,78,302,77,68,60,72,784,69,0,84,78,62,401,0,0,436,74,0,542,493,83,818,129,49,74,93
2023-01-20,308,440,75,0,72,89,395,77,89,66,87,0,258,929,102,319,70,61,79,54,954,59,0,81,76,77,263,0,0,462,64,0,379,816,68,1321,95,76,63,100
2023-01-21,353,457,61,0,58,92,492,91,69,65,74,0,384,1035,66,348,69,66,80,58,949,60,0,83,70,70,467,0,0,512,68,0,575,802,71,1072,89,54,63,89
2023-01-22,431,437,81,0,60,77,461,84,74,73,95,0,380,1086,89,374,88,65,74,65,956,35,0,89,65,60,433,0,0,530,73,0,525,1040,74,1263,89,78,56,86
2023-01-23,478,500,79,0,47,83,449,77,66,64,76,0,362,1053,94,385,45,75,85,73,855,67,0,71,79,62,476,0,0,516,63,0,656,872,73,932,102,60,70,74
2023-01-24,364,439,84,0,64,68,504,80,76,48,92,0,352,1040,110,295,46,77,85,57,881,75,0,86,62,61,392,0,0,471,66,0,383,788,72,883,92,46,61,95
2023-01-25,371,383,71,0,60,90,398,71,79,77,69,0,329,871,69,290,73,70,80,70,696,50,0,79,59,62,279,0,0,432,73,0,310,984,67,963,107,65,54,92
2023-01-26,313,412,64,0,64,77,350,84,86,59,93,0,259,838,93,283,61,65,95,62,857,53,0,82,53,76,229,0,0,446,63,0,366,808,73,882,101,61,70,88
2023-01-27,391,456,67,0,57,86,392,84,61,72,73,0,340,1020,89,320,98,67,73,66,753,69,0,91,56,47,321,0,0,469,73,0,587,947,81,1043,105,39,55,98
2023-01-28,378,454,78,0,63,109,471,84,70,67,89,0,411,969,88,380,64,73,94,67,942,78,0,82,72,71,352,0,0,501,65,0,380,926,66,1012,90,75,68,90
2023-01-29,392,478,84,0,59,80,493,92,63,65,91,0,319,1138,101,369,59,62,54,52,1036,76,0,79,80,58,449,0,0,531,77,0,518,814,78,897,84,69,52,96
2023-01-30,439,473,67,0,73,88,492,84,85,68,85,0,382,1077,80,357,70,65,92,64,890,73,0,77,61,61,411,0,0,512,60,0,483,858,70,1159,84,44,63,92
2023-01-31,453,446,66,0,52,83,332,75,83,63,67,0,436,1045,92,306,95,54,80,56,896,73,0,80,75,53,368,0,0,455,67,0,471,1003,74,725,111,71,66,95
2023-02-01,214,399,71,0,85,85,395,84,65,59,86,0,340,907,105,292,71,59,79,55,646,83,0,85,79,66,321,0,0,439,70,0,488,1004,71,1186,101,62,68,101
2023-02-02,261,381,90,0,63,97,382,78,83,59,96,0,246,894,85,260,89,66,86,56,911,63,0,73,58,55,305,0,0,433,73,0,290,486,78,998,83,48,61,86
2023-02-03,333,431,62,0,69,90,374,90,66,64,83,0,293,972,73,317,75,52,79,65,798,61,0,90,64,80,480,0,0,479,65,0,687,755,68,1006,90,72,64,85
2023-02-04,451,500,82,0,67,70,417,80,78,73,97,0,351,1028,95,370,79,74,75,55,914,41,0,89,61,67,393,0,0,508,69,0,589,962,77,1050,96,68,60,96
2023-02-05,407,501,80,0,61,84,541,75,69,73,73,0,393,1136,84,382,82,70,76,62,963,78,0,64,63,47,480,0,0,530,61,0,437,955,67,988,92,51,58,92
2023-02-06,496,453,67,0,57,89,452,90,79,61,83,0,425,966,102,375,76,65,67,65,1032,74,0,88,58,81,415,0,0,521,74,0,532,1032,85,1111,94,64,62,93
2023-02-07,387,415,79,0,68,87,400,75,82,62,101,0,345,1031,85,323,65,67,86,63,750,65,0,84,79,83,390,0,0,468,70,0,467,781,71,830,95,67,61,88
2023-02-08,359,384,79,0,60,85,384,87,62,56,75,0,332,939,71,273,62,68,84,57,670,64,0,84,78,74,340,0,0,429,73,0,499,1001,66,1127,98,78,63,90
2023-02-09,294,409,76,0,63,84,386,86,67,47,71,0,216,846,83,280,67,66,85,67,715,71,0,84,67,90,341,0,0,439,64,0,345,685,81,743,92,40,72,92
2023-02-10,328,425,58,0,75,62,422,77,88,73,83,0,316,1011,117,330,73,63,106,55,788,51,0,79,67,72,348,0,0,455,68,0,562,928,70,1043,100,59,57,96
2023-02-11,386,503,76,0,57,96,476,78,68,73,89,0,413,1066,81,369,86,62,97,64,859,84,0,80,81,68,499,0,0,518,71,0,435,804,74,1060,91,64,77,86
2023-02-12,508,539,74,0,76,98,440,89,73,60,90,0,372,1094,88,369,53,78,68,51,957,46,0,85,75,71,349,0,0,523,73,0,503,932,76,944,98,64,58,95
2023-02-13,465,453,95,0,61,75,441,75,69,72,103,0,363,1031,110,353,84,79,88,59,861,81,0,71,72,74,482,0,0,505,63,0,447,1075,69,1044,98,69,61,103
2023-02-14,437,391,71,0,44,98,456,88,72,58,82,0,323,968,89,313,72,74,83,66,928,68,0,92,77,73,453,0,0,478,74,0,553,424,70,1015,100,45,61,92
2023-02-15,410,429,81,0,64,74,384,82,75,69,84,0,258,899,76,280,84,74,92,66,763,76,0,87,74,62,306,0,0,435,64,0,384,1044,78,972,106,62,62,82
2023-02-16,358,378,73,0,78,85,353,77,87,69,68,0,273,934,105,287,77,64,62,61,784,64,0,90,67,63,371,0,0,429,71,0,452,882,70,946,84,76,60,94
2023-02-17,427,412,77,0,64,88,458,88,77,77,80,0,315,974,62,330,82,44,76,59,978,63,0,82,54,53,420,0,0,465,74,0,354,899,67,978,84,46,56,88
2023-02-18,459,453,76,0,58,85,445,71,91,80,75,0,365,1029,88,348,76,70,77,81,1060,61,0,79,56,76,299,0,0,519,68,0,620,952,75,1013,90,65,66,91
2023-02-19,436,497,52,0,59,75,474,83,82,62,93,0,360,1117,102,392,65,68,79,63,926,69,0,81,86,65,382,0,0,534,67,0,607,873,73,1059,91,63,65,100
2023-02-20,401,494,79,0,51,75,433,88,81,60,70,0,369,1059,106,369,75,67,65,62,892,72,0,72,74,67,405,0,0,518,72,0,526,742,75,1193,98,61,72,88
2023-02-21,386,419,66,0,68,43,434,82,74,54,90,0,310,1022,70,312,71,81,63,57,848,60,0,84,69,74,402,0,0,463,65,0,460,1022,81,881,91,73,50,85
2023-02-22,174,428,74,0,62,85,467,91,82,76,94,0,338,876,122,280,75,67,71,53,845,82,0,89,72,80,268,0,0,440,66,0,335,542,65,1198,77,80,70,102
2023-02-23,328,402,80,0,42,99,372,72,75,55,84,0,250,882,96,277,39,70,77,61,766,83,0,75,67,59,341,0,0,417,75,0,439,781,72,850,102,58,49,88
2023-02-24,475,446,76,0,51,96,449,78,82,75,66,0,346,970,81,308,65,68,76,60,861,44,0,85,71,80,355,0,0,474,66,0,489,804,79,1047,92,62,67,94
2023-02-25,474,449,65,0,68,87,421,89,81,73,87,0,351,1123,100,376,84,67,105,62,879,74,0,84,66,58,525,0,0,512,62,0,514,940,65,1057,87,47,68,87
2023-02-26,460,489,78,0,73,89,551,86,71,54,82,0,349,1114,59,378,75,69,79,64,1071,58,0,74,65,71,422,0,0,524,73,0,505,952,76,781,75,64,66,97
2023-02-27,463,474,74,0,59,81,520,76,67,71,96,0,354,1044,106,359,54,64,72,68,1072,39,0,90,72,87,452,0,0,504,60,0,476,1228,61,985,102,55,67,92
2023-02-28,392,437,63,0,66,78,469,87,81,74,104,0,354,936,93,337,55,63,67,60,775,73,0,72,82,55,432,0,0,450,64,0,493,1090,73,987,109,63,60,94
2023-03-01,327,384,69,0,75,74,385,83,86,64,106,0,257,977,98,271,85,67,94,67,850,72,0,81,58,69,446,0,0,449,60,0,349,774,70,1016,100,44,57,87
2023-03-02,421,370,70,0,56,100,300,81,82,82,79,0,270,866,101,296,53,67,93,76,758,82,0,86,71,73,359,0,0,429,70,0,422,838,67,830,101,84,67,94
2023-03-03,462,446,80,0,63,80,488,80,88,57,89,0,324,1036,72,319,60,72,82,51,878,67,0,87,68,69,413,0,0,469,68,0,267,1103,74,886,103,62,65,97
2023-03-04,367,451,72,0,61,95,490,71,88,84,94,0,291,977,97,348,74,66,93,47,1038,57,0,65,75,74,355,0,0,519,77,0,436,807,72,1075,89,46,76,96
2023-03-05,477,498,65,0,57,81,516,90,85,68,93,0,428,1129,86,387,65,57,55,57,924,80,0,92,59,59,468,0,0,549,71,0,392,777,73,1123,108,56,50,85
2023-03-06,409,489,80,0,43,71,536,77,88,59,88,0,375,1050,103,352,91,78,81,64,871,74,0,94,83,60,393,0,0,509,73,0,480,1054,77,1244,92,71,79,97
2023-03-07,344,449,84,0,60,69,472,81,67,66,83,0,342,950,79,307,61,61,79,50,903,68,0,79,60,66,300,0,0,463,70,0,497,912,72,874,89,53,69,80
2023-03-08,375,382,64,0,59,90,400,87,80,59,88,0,315,933,94,302,73,56,72,71,798,62,0,84,79,83,317,0,0,445,70,0,430,1266,75,753,69,71,57,88
2023-03-09,398,389,62,0,57,90,394,88,65,62,96,0,285,901,85,272,69,64,68,63,770,54,0,82,62,76,340,0,0,437,71,0,403,725,75,1004,88,41,54,97
2023-03-10,367,421,73,0,74,94,441,78,93,79,84,0,280,1016,99,341,59,78,72,47,930,67,0,79,69,67,379,0,0,477,75,0,419,801,77,893,89,72,51,103
2023-03-11,354,482,68,0,80,81,476,82,73,50,85,0,336,1055,110,366,73,66,73,33,891,72,0,86,76,69,423,0,0,523,70,0,536,835,68,1084,72,54,65,98
2023-03-12,451,497,84,0,63,72,563,75,81,68,88,0,406,1074,94,376,60,70,74,73,908,71,0,77,65,59,434,0,0,532,70,0,466,1058,69,1067,84,60,68,87
2023-03-13,371,489,81,0,50,83,517,89,73,68,74,0,352,1102,88,366,61,67,83,59,949,65,0,71,53,69,446,0,0,515,73,0,529,1033,74,1129,110,44,60,93
2023-03-14,356,454,73,0,52,79,422,83,79,72,80,0,368,978,115,313,84,73,76,59,857,49,0,81,68,78,391,0,0,468,68,0,492,735,78,1158,121,88,59,98
2023-03-15,425,391,76,0,68,93,418,77,81,72,84,0,311,953,85,284,90,57,95,67,769,64,0,77,87,73,306,0,0,442,61,0,384,923,76,798,89,48,60,87
2023-03-16,276,396,72,0,57,75,338,83,72,65,72,0,272,895,88,275,72,76,77,62,804,73,0,92,66,68,316,0,0,437,76,0,418,891,74,1154,103,68,50,101
2023-03-17,412,428,75,0,58,89,431,87,77,61,98,0,327,981,94,311,77,68,79,45,964,85,0,82,73,73,260,0,0,466,66,0,459,834,77,849,103,65,66,92
2023-03-18,363,463,78,0,49,76,503,76,81,73,77,0,311,1020,93,361,60,60,70,61,837,70,0,93,77,83,453,0,0,511,67,0,644,623,81,832,87,59,57,96
2023-03-19,520,493,67,0,74,89,512,86,76,66,81,0,394,988,99,407,60,72,82,64,805,88,0,83,76,78,394,0,0,540,75,0,606,827,68,1054,83,45,70,86
2023-03-20,302,490,78,0,64,106,491,77,84,64,95,0,378,1144,86,354,82,73,63,75,1121,60,0,74,69,70,435,0,0,509,64,0,560,1086,80,1140,87,76,57,101
2023-03-21,448,436,77,0,72,93,411,85,75,62,70,0,301,974,79,320,51,67,88,74,927,72,0,88,57,77,322,0,0,479,69,0,414,898,74,1125,74,47,71,90
2023-03-22,371,368,84,0,69,109,316,78,72,71,81,0,246,960,89,272,85,64,65,59,720,49,0,73,82,78,433,0,0,442,74,0,410,807,73,1002,95,82,64,93
2023-03-23,343,431,63,0,62,91,444,89,74,57,78,0,287,897,91,299,74,74,81,60,656,53,0,86,65,64,412,0,0,444,66,0,444,725,80,939,78,86,70,93
2023-03-24,424,428,73,0,56,61,411,78,78,73,69,0,363,955,86,320,58,63,79,75,797,46,0,79,79,64,369,0,0,473,72,0,503,937,77,680,95,41,50,89
2023-03-25,376,457,62,0,47,89,526,86,90,70,79,0,348,1132,87,355,86,62,84,67,908,77,0,92,70,67,512,0,0,520,62,0,546,822,74,1209,96,31,59,99
2023-03-26,516,460,74,0,78,58,530,84,68,72,89,0,369,1018,106,374,46,64,92,68,1123,61,0,75,72,67,533,0,0,530,59,0,619,1080,81,1140,100,59,68,90
2023-03-27,437,475,75,0,66,85,512,79,70,64,97,0,311,1104,115,373,83,67,75,63,920,49,0,87,81,91,477,0,0,511,71,0,450,906,75,784,81,51,62,102
2023-03-28,377,488,82,0,57,102,456,76,63,82,85,0,247,971,93,315,65,71,90,65,811,67,0,78,75,63,418,0,0,466,68,0,523,1035,65,798,88,58,67,92
2023-03-29,417,350,74,0,62,84,412,81,82,58,79,0,210,972,96,286,95,72,75,66,715,73,0,89,75,65,297,0,0,439,67,0,547,617,77,902,91,55,60,81
2023-03-30,267,398,77,0,66,89,456,87,86,59,84,0,327,871,96,263,75,80,70,54,752,47,0,71,64,83,471,0,0,450,63,0,518,699,74,1069,90,59,66,96
2023-03-31,434,427,67,0,55,76,454,80,78,73,88,0,402,984,73,312,67,65,78,69,788,81,0,92,70,63,375,0,0,460,64,0,410,1098,78,687,97,61,67,98
2023-04-01,393,488,84,0,73,73,474,85,75,67,82,0,340,991,110,372,90,75,87,59,1023,51,48,77,71,71,511,0,0,516,69,0,500,843,68,888,101,42,63,92
2023-04-02,385,490,82,0,61,77,540,71,83,61,83,0,371,1164,107,377,80,67,71,59,847,47,11,96,77,73,369,0,28,533,72,0,577,875,78,1201,102,70,70,103
2023-04-03,560,485,63,0,58,74,469,81,74,64,83,0,367,1040,74,381,66,60,83,48,884,62,0,84,65,77,497,0,0,506,60,0,569,1152,73,1124,83,77,61,107
2023-04-04,461,402,78,0,61,72,352,82,65,72,91,0,354,881,106,326,82,62,74,47,855,79,58,81,70,73,415,0,0,478,69,0,415,791,73,885,88,53,63,97
2023-04-05,373,389,68,0,63,68,369,88,77,69,79,0,313,905,93,284,80,65,94,49,774,67,0,85,73,86,282,0,36,446,68,0,402,847,80,1082,93,53,73,102
2023-04-06,341,393,73,0,67,85,464,86,78,56,73,0,376,910,74,273,75,69,78,61,799,75,0,92,69,79,377,0,0,443,65,0,344,520,71,959,97,61,58,87
2023-04-07,326,462,63,0,64,89,454,88,76,66,86,0,331,902,110,306,75,58,70,65,874,77,81,87,71,63,437,0,61,468,66,0,445,959,76,1003,99,54,62,103
2023-04-08,353,477,75,0,70,80,495,80,93,74,93,0,425,1070,94,362,102,64,81,42,1058,75,77,71,59,76,335,0,0,508,73,0,470,1126,66,1283,71,57,61,95
2023-04-09,544,491,67,0,76,90,537,68,65,70,90,0,382,1096,93,386,87,69,69,51,982,73,0,81,88,68,480,0,7,534,71,0,705,1091,74,1006,104,63,67,95
2023-04-10,458,469,82,0,69,72,474,84,76,72,81,0,341,1023,99,377,67,65,100,64,855,77,0,83,75,87,376,0,51,520,66,0,386,931,80,1002,96,40,59,97
2023-04-11,378,431,73,0,66,82,485,86,88,68,84,0,321,1040,92,322,84,66,68,78,840,52,0,97,66,72,384,0,15,480,73,0,535,615,80,807,94,49,67,106
2023-04-12,314,398,83,0,57,91,443,83,83,62,71,0,287,898,114,292,81,67,73,69,712,76,0,82,72,87,380,0,0,441,66,0,330,669,68,914,104,46,52,102
2023-04-13,376,418,79,0,67,94,361,90,84,75,81,0,262,907,97,266,79,57,82,47,926,70,75,77,58,85,333,0,48,442,66,0,351,762,77,1049,93,51,66,95
2023-04-14,372,394,68,0,59,100,471,73,74,60,86,0,317,954,97,330,87,65,86,60,775,51,0,85,85,93,321,0,0,469,71,0,441,764,71,1024,108,60,66,91
2023-04-15,378,477,90,0,74,67,455,89,82,62,89,0,424,1074,92,372,72,60,69,52,944,66,0,75,67,94,502,0,18,501,68,0,548,958,88,945,96,51,64,91
2023-04-16,479,501,64,0,54,78,498,84,74,83,82,0,366,1072,85,383,74,64,68,64,964,79,0,79,70,83,511,0,61,545,77,0,464,1048,74,799,89,57,71,107
2023-04-17,376,491,82,0,70,80,413,74,78,60,83,0,447,1073,110,362,58,70,86,65,886,62,3,84,61,67,396,0,11,528,71,0,496,1024,75,995,108,65,61,97
2023-04-18,385,412,74,0,70,66,415,87,90,64,89,0,323,1013,89,305,69,65,79,65,880,63,0,81,53,64,323,0,0,481,79,0,535,735,75,1043,93,71,64,97
2023-04-19,359,392,77,0,61,86,400,73,69,59,66,0,316,883,88,286,76,60,85,59,696,55,27,86,72,83,340,0,41,447,67,0,428,718,77,744,90,51,59,106
2023-04-20,349,396,75,0,63,74,389,89,76,55,70,0,330,855,81,271,96,77,68,59,745,82,64,77,75,87,264,0,21,443,75,0,351,923,76,1032,87,61,53,95
2023-04-21,310,466,65,0,71,64,398,89,96,58,86,0,322,945,89,348,85,63,50,63,904,62,0,77,59,63,366,0,0,468,73,0,520,649,70,885,74,46,66,103
2023-04-22,475,460,84,0,74,90,449,83,76,61,75,0,433,1064,63,362,59,68,87,52,979,58,93,76,75,87,406,0,18,523,71,0,478,1033,72,1001,109,76,69,99
2023-04-23,392,506,71,0,61,88,508,80,85,62,88,0,398,1009,72,377,75,77,73,65,995,78,5,82,63,79,389,0,0,532,71,0,527,1030,79,1039,85,78,70,89
2023-04-24,415,456,72,0,72,86,451,78,69,72,79,0,423,1048,110,367,78,81,75,47,919,53,8,71,85,74,471,0,41,508,66,0,469,905,70,978,94,71,57,99
2023-04-25,398,437,92,0,74,103,506,96,82,65,88,0,338,1010,103,309,86,73,58,59,851,64,0,78,72,90,380,0,61,460,75,0,458,722,71,1018,101,54,68,83
2023-04-26,266,394,82,0,72,108,443,78,72,68,84,0,284,854,89,270,68,68,73,62,887,49,172,77,71,53,301,0,0,454,74,0,436,503,78,1135,93,54,67,97
2023-04-27,381,411,76,0,54,96,369,83,67,75,105,0,301,850,98,291,73,52,76,56,839,52,70,85,68,73,441,0,15,452,71,0,432,544,70,1084,94,43,47,94
2023-04-28,489,409,80,0,77,90,489,76,78,64,91,0,291,982,87,342,90,61,76,41,960,83,40,81,75,72,411,0,17,475,69,0,453,673,75,891,91,53,82,90
2023-04-29,526,494,88,0,63,91,509,67,78,70,76,0,367,1074,103,349,77,73,77,68,946,85,63,87,69,69,305,0,5,522,69,0,453,979,78,1106,95,60,58,100
2023-04-30,289,450,80,0,67,75,501,90,79,74,66,0,376,1108,74,388,81,64,84,67,996,69,0,73,58,64,394,0,39,539,63,0,491,914,73,1363,68,51,61,93
2023-05-01,401,493,82,0,53,84,493,80,57,58,98,0,412,1028,96,359,62,55,90,61,903,60,266,84,73,71,429,0,0,515,61,0,459,829,70,961,97,37,66,105
2023-05-02,325,446,74,0,77,91,479,70,65,69,66,0,364,971,82,322,78,79,73,59,821,52,52,83,78,62,430,0,0,475,66,0,462,958,72,1097,91,62,70,88
2023-05-03,261,390,78,0,70,93,417,92,105,74,64,0,291,875,99,278,90,77,75,69,791,80,31,85,70,64,411,0,34,428,68,0,312,535,74,837,112,58,56,94
2023-05-04,368,388,78,0,61,97,398,85,86,72,90,0,245,899,103,285,65,77,71,57,864,61,150,80,75,73,413,0,53,430,66,0,334,755,69,712,85,48,72,104
2023-05-05,418,449,91,0,63,114,443,82,87,64,66,0,341,973,102,316,72,72,68,53,826,79,80,86,64,44,276,0,0,483,71,0,559,1010,72,1115,90,49,55,87
2023-05-06,346,460,72,0,73,73,520,72,69,61,85,0,346,1059,104,367,77,67,87,60,997,76,9,89,60,67,506,0,21,515,66,0,534,812,65,1009,93,67,71,90
2023-05-07,439,545,72,0,63,85,496,83,74,81,92,0,438,1164,59,388,84,73,79,62,880,70,10,74,76,67,493,0,0,533,69,0,690,990,75,1205,102,78,56,100
2023-05-08,392,479,70,0,63,71,488,84,82,61,82,0,319,1074,107,369,77,62,77,71,924,77,80,74,75,55,417,0,17,522,70,0,429,834,77,1023,104,72,78,102
2023-05-09,387,430,65,0,57,105,439,93,67,73,82,0,443,958,97,302,79,51,89,68,1025,60,0,87,67,71,487,0,0,490,71,0,566,1040,79,904,99,48,61,96
2023-05-10,162,362,64,0,72,61,391,93,88,72,93,0,301,936,101,283,69,68,87,65,864,78,0,88,77,97,315,0,30,427,75,0,473,784,74,929,108,44,75,99
2023-05-11,344,372,82,0,56,52,422,76,62,69,82,0,309,984,93,301,90,62,78,69,902,80,32,85,68,64,395,0,50,442,68,0,397,880,64,914,105,66,62,101
2023-05-12,460,435,78,0,67,69,402,81,81,59,91,0,376,973,108,301,68,68,69,70,856,81,0,71,66,76,282,0,9,492,69,0,454,673,77,977,93,68,68,88
2023-05-13,488,482,79,0,74,102,531,75,93,70,90,0,345,999,100,360,61,65,107,51,940,71,0,83,82,66,385,0,0,523,77,0,697,1012,79,810,98,54,59,99
2023-05-14,549,493,76,0,79,67,431,80,72,73,90,0,356,1107,85,387,86,74,87,77,1118,83,0,81,74,76,521,0,38,536,77,0,550,1169,70,1247,89,53,51,90
2023-05-15,341,517,79,0,68,79,493,90,84,56,87,0,361,1064,84,374,63,75,87,60,921,84,168,87,77,80,359,0,0,518,71,0,523,1101,74,1310,69,52,56,95
2023-05-16,296,413,70,0,63,67,453,77,64,69,78,0,302,898,109,309,86,75,74,63,872,61,97,88,69,59,391,0,30,477,67,0,396,999,78,1005,92,57,63,104
2023-05-17,367,405,66,0,67,84,446,77,73,73,86,0,282,869,78,299,88,68,95,67,857,85,54,82,71,81,325,0,0,456,71,0,479,762,73,815,105,62,64,87
2023-05-18,284,371,76,0,59,88,424,87,87,61,78,0,200,842,60,302,91,66,100,64,846,91,61,64,69,71,316,0,38,446,73,0,448,917,77,793,96,70,64,95
2023-05-19,323,446,69,0,67,96,496,89,87,53,85,0,293,1058,80,324,78,75,78,56,927,72,0,93,73,68,349,0,0,478,68,0,442,915,88,886,92,74,62,94
2023-05-20,379,450,69,0,61,71,517,80,87,76,89,0,420,1120,105,338,57,73,83,66,949,57,0,90,67,90,455,0,0,515,69,0,447,1047,78,1341,88,75,63,89
2023-05-21,448,488,69,0,65,86,553,79,69,61,96,0,373,1155,99,397,77,60,66,46,997,71,0,81,73,71,397,0,41,522,78,0,572,1009,76,1132,93,55,72,104
2023-05-22,396,486,72,0,56,98,487,76,79,80,80,0,347,1011,94,352,81,77,92,60,1022,75,0,79,79,61,398,0,5,534,76,0,605,903,75,952,89,53,69,97
2023-05-23,296,419,85,0,65,80,464,88,76,68,81,0,352,1017,87,344,65,63,78,66,807,70,2,80,57,62,393,0,54,470,70,0,517,1256,67,875,71,63,66,99
2023-05-24,234,423,65,0,79,60,355,76,68,68,79,0,284,866,84,275,71,65,90,69,854,46,0,82,65,73,329,0,33,453,71,0,442,876,74,1078,108,47,64,92
2023-05-25,388,419,77,0,69,49,388,86,78,63,81,0,240,888,108,279,74,73,66,73,803,77,95,86,42,78,369,0,0,451,67,0,305,633,83,1011,102,66,55,98
2023-05-26,415,423,78,0,59,105,376,82,83,65,86,0,366,969,103,322,67,67,68,54,791,66,143,79,75,64,410,0,0,472,72,0,413,817,67,1055,96,49,69,113
2023-05-27,447,461,73,0,69,72,551,71,67,63,103,0,360,1033,102,365,82,70,75,63,948,57,37,76,85,76,376,0,36,514,73,0,641,893,74,1026,100,41,72,87
2023-05-28,522,502,73,0,66,88,508,84,74,66,93,0,365,1131,110,385,75,65,92,56,1040,54,0,87,78,77,498,0,6,545,63,0,477,849,78,1016,100,68,53,87
2023-05-29,423,484,77,0,66,100,422,90,102,77,95,0,391,1099,88,361,53,72,84,66,1008,80,84,77,69,71,276,0,39,528,68,0,559,1053,76,903,94,50,64,98
2023-05-30,419,424,72,0,73,83,477,86,74,52,71,0,309,1029,91,329,73,66,87,55,801,66,143,90,77,60,463,0,57,468,66,0,305,779,77,896,87,61,81,83
2023-05-31,397,376,82,0,62,95,466,71,85,72,100,0,286,873,80,278,86,59,94,50,879,69,32,83,60,77,355,0,21,450,63,0,455,904,69,729,97,64,56,112
2023-06-01,314,425,81,0,77,76,404,86,53,74,77,0,323,903,113,269,83,67,71,75,737,65,94,78,72,88,291,0,45,434,70,0,526,961,76,1065,88,55,65,98
2023-06-02,348,427,83,0,75,107,435,69,71,57,85,0,364,963,90,329,81,77,73,75,888,47,0,95,76,69,492,0,22,487,63,0,480,782,77,918,102,59,57,94
2023-06-03,502,444,78,0,68,112,425,80,92,75,72,0,321,1055,86,364,64,76,76,62,871,59,86,69,68,73,383,0,0,501,71,0,363,914,70,907,105,79,63,93
2023-06-04,411,492,71,0,69,66,522,85,78,79,89,0,410,1199,117,392,68,59,67,57,1046,84,81,82,71,66,532,0,34,532,75,0,503,852,74,1122,88,46,71,97
2023-06-05,370,482,66,0,74,78,463,75,86,77,94,0,345,1167,116,376,53,73,99,59,986,77,0,79,75,65,371,0,61,527,73,0,541,1205,79,1111,94,68,58,115
2023-06-06,281,449,77,0,51,68,435,102,82,62,81,0,284,996,68,318,71,63,74,65,908,52,0,80,90,76,358,0,27,484,70,0,344,986,68,932,97,55,65,99
2023-06-07,339,386,78,0,79,80,365,87,80,74,80,0,347,894,97,272,87,68,52,52,683,86,48,83,63,59,302,0,15,452,77,0,499,758,67,932,84,66,59,103
2023-06-08,406,391,84,0,69,72,455,86,71,62,76,0,230,945,98,291,67,74,82,61,768,68,0,89,62,80,200,0,29,436,69,0,455,812,83,1025,94,50,69,106
2023-06-09,292,439,71,0,48,97,458,83,80,72,81,0,348,1070,83,333,55,67,76,60,970,63,66,83,66,82,280,0,30,492,78,0,451,962,79,912,100,70,64,106
2023-06-10,577,474,73,0,67,75,527,79,85,79,109,0,397,1127,112,364,86,60,77,58,1026,67,125,81,73,45,496,0,0,520,72,0,452,1033,78,1052,67,60,63,93
2023-06-11,386,513,70,0,46,87,508,80,69,71,86,0,385,1103,98,381,80,79,87,59,1102,88,99,93,71,74,456,0,18,548,76,0,522,937,68,976,100,55,72,98
2023-06-12,378,465,88,0,64,77,407,82,84,66,85,0,348,1058,97,355,77,64,85,61,978,90,0,77,81,83,366,0,33,532,65,0,606,984,79,1101,95,66,54,95
2023-06-13,285,410,72,0,58,99,413,93,73,67,92,0,318,1030,88,331,83,63,89,78,900,78,0,79,64,80,226,0,14,460,73,0,423,1200,75,1047,91,73,62,98
2023-06-14,284,391,75,0,55,81,395,70,66,72,86,0,302,921,103,287,86,71,79,62,748,56,0,64,66,76,413,0,35,431,71,0,496,983,76,783,89,39,67,97
2023-06-15,363,393,81,0,58,85,439,84,88,77,72,0,263,847,84,275,55,74,68,52,715,71,52,80,76,65,435,0,0,429,74,0,496,703,72,928,89,69,63,87
2023-06-16,347,458,75,0,66,77,445,76,85,68,81,0,322,1056,100,328,85,68,89,53,838,57,50,81,65,71,390,0,37,498,67,0,449,723,68,1052,84,60,73,100
2023-06-17,438,472,64,0,83,76,484,90,76,71,89,0,324,1060,98,354,80,59,93,54,827,76,56,77,75,71,418,0,95,526,76,0,491,1048,69,991,77,58,61,90
2023-06-18,436,454,75,0,61,90,537,79,90,75,94,0,417,1148,89,378,57,73,85,74,986,56,0,85,65,76,525,0,0,540,79,0,560,897,72,1054,86,70,59,81
2023-06-19,438,525,73,0,59,77,528,85,79,73,93,0,383,991,80,378,66,59,77,59,894,46,0,77,74,76,484,0,0,512,76,0,625,1016,74,1020,109,70,61,93
2023-06-20,410,404,65,0,62,76,434,77,71,82,85,0,382,930,104,309,80,72,78,49,832,62,6,96,75,70,390,0,40,498,69,0,343,1012,76,1078,94,59,71,105
2023-06-21,315,411,79,0,54,107,420,79,75,65,75,0,347,927,107,308,57,68,62,68,826,56,167,67,62,71,424,0,33,444,71,0,495,903,80,804,85,43,69,105
2023-06-22,403,383,64,0,81,80,386,84,75,72,95,0,277,944,105,268,91,69,67,52,774,73,59,80,75,93,321,0,34,455,67,0,369,737,83,1004,102,53,61,94
2023-06-23,427,425,72,0,62,44,420,94,73,66,90,0,422,1106,122,334,67,72,84,71,806,65,71,71,73,52,365,0,16,486,67,0,518,895,81,920,110,45,65,96
2023-06-24,406,456,69,0,78,83,502,73,83,72,91,0,416,1026,99,345,90,68,62,57,931,67,182,77,63,78,312,0,48,528,68,0,472,923,80,1039,96,58,61,102
2023-06-25,417,503,73,0,56,63,450,81,86,70,92,0,348,1181,85,385,71,67,74,66,1062,86,145,76,76,70,425,0,27,547,67,0,434,855,60,980,85,64,61,104
2023-06-26,562,490,72,0,59,83,429,75,67,60,83,0,310,1123,99,333,94,66,91,56,892,89,0,94,78,74,412,0,51,519,69,0,555,1119,72,1164,99,78,62,93
2023-06-27,454,467,71,0,70,40,434,87,76,57,97,0,306,1011,81,341,69,61,72,69,988,76,65,65,70,66,390,0,17,483,70,0,540,703,70,1030,101,61,65,108
2023-06-28,302,385,69,0,49,90,423,85,86,80,78,0,272,896,79,304,93,77,66,57,883,46,0,98,66,78,215,0,8,446,73,0,359,523,81,1112,79,53,66,114
2023-06-29,384,389,64,0,71,74,427,76,71,70,93,0,332,917,93,277,54,65,75,64,862,66,98,83,77,64,291,0,56,447,63,0,437,605,69,1044,92,59,69,91
2023-06-30,317,440,64,0,81,79,457,65,84,65,83,0,369,1018,99,331,85,76,86,58,827,60,2,73,65,85,383,0,3,488,68,0,420,1188,79,896,103,46,61,100
2023-07-01,452,460,84,0,0,81,532,79,89,68,81,0,345,1159,116,368,93,65,79,72,945,65,0,87,74,61,405,114,19,521,72,0,500,660,71,988,119,53,67,0
2023-07-02,387,473,82,152,0,92,532,80,78,61,76,0,442,1109,99,379,98,64,70,58,999,53,99,88,72,66,340,0,63,527,75,0,405,784,76,1533,93,61,60,0
2023-07-03,477,481,75,76,0,66,546,83,52,65,66,0,427,1061,81,384,67,70,82,55,935,80,0,86,69,78,388,0,71,532,71,0,397,526,75,1005,83,35,65,0
2023-07-04,478,438,77,0,0,99,448,74,71,59,84,0,313,991,130,313,72,63,64,63,829,78,0,66,78,74,421,0,12,476,68,0,524,981,77,887,79,60,64,0
2023-07-05,389,350,74,132,0,82,383,78,80,79,84,0,317,884,121,299,62,71,90,63,854,57,0,102,90,75,323,0,0,454,69,0,407,1036,76,937,90,50,64,0
2023-07-06,335,428,72,0,0,91,377,79,88,63,84,0,288,991,97,278,85,54,80,57,794,72,0,112,73,57,400,19,32,453,68,0,512,722,76,905,91,83,67,0
2023-07-07,328,457,66,219,0,82,419,93,82,72,78,0,294,1021,84,322,66,64,88,68,862,74,0,84,58,77,380,59,22,466,73,0,525,1082,72,1082,95,49,67,0
2023-07-08,454,460,78,0,0,82,417,83,85,58,85,0,325,1176,100,369,73,69,84,61,845,72,0,78,69,75,349,18,32,536,71,0,593,874,85,1109,107,72,57,0
2023-07-09,418,493,73,93,0,81,528,88,73,64,70,0,393,1119,94,388,80,60,93,54,930,59,0,97,76,73,432,131,14,541,79,0,404,985,71,1316,98,60,67,0
2023-07-10,456,478,72,0,0,86,502,81,85,73,81,0,337,1041,78,351,72,75,79,66,1006,70,0,86,81,79,397,0,91,518,75,0,507,745,74,1101,88,48,68,0
2023-07-11,420,446,73,0,0,92,414,88,63,70,84,0,354,1025,87,305,62,81,76,62,923,73,0,84,55,80,411,57,0,477,71,0,486,684,79,1028,90,82,66,0
2023-07-12,280,393,70,82,0,104,429,83,84,85,75,0,302,1005,116,296,92,64,65,74,657,54,50,72,62,63,339,170,50,451,64,0,257,666,70,894,110,64,56,0
2023-07-13,373,422,72,29,0,101,404,93,80,61,79,0,279,945,95,284,76,62,98,50,895,80,0,77,69,83,347,0,36,445,65,0,416,872,69,1165,88,62,64,0
2023-07-14,338,392,82,69,0,83,475,78,68,74,86,0,328,976,109,338,88,64,100,61,955,95,0,87,62,92,326,133,33,488,76,0,414,991,77,726,101,58,68,0
2023-07-15,495,488,80,55,0,86,507,92,88,65,81,0,327,1142,80,372,92,67,71,72,972,57,0,86,71,59,505,0,60,533,70,0,444,886,73,1021,86,62,70,0
2023-07-16,424,495,74,77,0,95,473,75,71,72,74,0,317,1023,98,368,92,66,93,63,935,50,53,80,72,93,461,0,91,541,70,0,621,1058,74,832,94,61,70,0
2023-07-17,456,487,76,103,0,91,544,74,81,69,88,0,375,1091,80,388,61,78,72,63,1072,89,8,98,71,41,437,112,0,533,77,0,461,964,73,989,100,66,66,0
2023-07-18,506,408,72,0,0,107,464,75,81,68,84,0,372,1000,95,308,65,67,93,63,944,55,0,87,79,76,425,0,114,483,78,0,492,859,77,772,102,71,61,0
2023-07-19,248,420,76,0,0,73,389,82,84,69,99,0,309,962,94,299,54,67,69,52,765,71,34,76,73,66,341,0,23,450,74,0,396,243,83,1033,100,49,65,0
2023-07-20,295,410,86,1,0,84,452,87,73,78,79,0,263,875,127,262,98,72,84,52,910,70,0,83,66,83,364,0,0,444,71,0,390,451,70,914,90,62,66,0
2023-07-21,422,418,77,0,0,83,401,90,81,65,74,0,296,973,85,338,59,69,98,66,890,71,0,80,64,58,355,147,35,484,70,0,500,653,75,871,99,72,66,0
2023-07-22,532,472,73,42,0,77,436,74,65,59,89,0,338,1158,97,367,82,64,64,69,1019,76,4,86,58,74,439,0,59,526,70,0,607,1028,71,1066,103,65,62,0
2023-07-23,515,568,86,36,0,89,486,77,73,69,91,0,340,1067,124,368,59,74,81,65,958,60,32,88,70,71,499,67,38,530,66,0,432,899,72,1114,96,45,55,0
2023-07-24,424,469,72,15,0,100,468,74,80,70,89,0,460,1131,82,370,73,56,81,56,856,71,0,86,73,68,465,0,60,526,62,0,447,833,70,796,90,65,75,0
2023-07-25,317,428,85,0,0,108,533,86,84,75,87,0,301,983,100,329,66,65,91,52,899,83,33,86,63,72,328,0,19,474,68,0,496,746,76,1181,99,49,55,0
2023-07-26,342,398,77,1,0,104,391,85,76,71,84,0,328,934,94,294,57,87,69,68,853,65,0,79,85,73,323,13,32,449,71,0,498,802,76,799,88,81,72,0
2023-07-27,399,355,79,0,0,108,392,82,76,52,81,0,352,905,82,279,73,72,64,65,718,64,92,75,76,75,352,24,0,472,75,0,335,493,82,958,104,53,76,0
2023-07-28,375,412,91,0,0,76,492,77,96,64,77,0,329,923,101,311,108,68,85,65,807,79,181,80,71,70,407,73,50,473,67,0,358,531,73,830,88,37,62,0
2023-07-29,478,473,68,3,0,83,494,84,78,58,88,0,345,1135,82,365,76,68,85,48,884,78,66,78,73,74,476,18,91,526,65,0,567,685,74,1028,85,70,55,0
2023-07-30,354,499,70,31,0,84,495,83,74,72,74,0,378,1132,87,395,72,69,89,66,1125,69,52,100,78,78,588,0,28,536,72,0,526,1067,69,1216,109,67,70,0
2023-07-31,445,503,72,0,0,103,492,73,73,74,70,0,450,1065,98,357,75,66,72,72,929,60,0,75,78,84,401,157,7,526,72,0,552,832,81,1112,73,31,70,0
2023-08-01,355,428,80,58,0,76,432,99,70,65,89,0,248,971,115,331,76,74,68,76,916,66,68,88,72,85,320,0,0,496,69,0,532,699,81,869,93,53,65,0
2023-08-02,286,395,72,193,0,75,404,83,83,80,84,0,237,870,88,299,73,67,91,63,718,57,168,71,71,75,401,0,126,448,72,0,399,787,76,902,77,65,56,0
2023-08-03,318,414,79,0,0,73,387,83,79,68,75,0,266,935,93,276,101,67,64,59,720,71,16,71,60,67,289,170,1,450,68,0,306,710,72,840,80,67,72,0
2023-08-04,385,407,85,0,0,75,467,76,87,85,86,0,275,1052,98,315,94,67,94,45,903,81,127,87,91,66,293,151,0,491,73,0,313,750,79,904,76,76,60,0
2023-08-05,399,505,79,96,0,89,541,80,76,76,74,0,371,1022,112,372,92,74,98,64,981,61,213,91,64,53,500,0,62,516,68,0,516,829,75,1001,102,59,65,0
2023-08-06,418,500,72,94,0,67,608,70,75,63,83,0,352,1136,95,377,75,58,72,64,1077,59,0,76,61,82,461,0,48,540,73,0,443,1228,74,1297,77,61,65,0
2023-08-07,327,476,69,0,0,87,490,84,71,63,100,0,399,1055,93,362,53,61,76,63,821,79,151,97,55,71,368,0,48,526,80,0,557,958,72,1123,109,55,64,0
2023-08-08,320,413,75,0,0,85,495,82,80,74,86,0,323,1022,107,332,56,67,71,77,924,55,138,59,69,77,468,75,21,486,68,0,391,1002,77,993,94,65,65,0
2023-08-09,329,419,80,81,0,98,460,78,50,67,83,0,304,903,88,278,72,67,110,57,833,86,207,89,67,75,286,95,102,462,71,0,299,706,77,1000,92,66,72,0
2023-08-10,382,367,74,26,0,69,438,85,82,71,80,0,338,946,98,308,90,71,77,78,830,52,0,88,91,54,406,171,34,444,73,0,307,653,77,1010,103,53,61,0
2023-08-11,440,419,68,179,0,109,453,80,81,70,76,0,290,1004,92,308,72,68,81,46,753,55,128,72,75,69,355,207,29,493,73,0,483,802,81,1171,94,56,67,0
2023-08-12,394,490,82,51,0,83,526,78,88,73,77,0,349,1045,97,373,94,78,82,57,999,68,103,93,58,56,404,179,31,535,65,0,523,861,84,1020,90,55,80,0
2023-08-13,303,510,79,0,0,79,505,71,88,68,96,0,350,1111,81,402,76,73,85,76,1081,97,0,88,54,62,404,76,0,552,62,0,603,1007,71,1326,93,65,61,0
2023-08-14,560,484,74,28,0,85,452,89,84,61,98,0,362,1066,74,357,58,70,71,64,856,84,24,79,89,65,490,72,67,527,76,0,563,926,76,1142,70,56,65,0
2023-08-15,383,441,73,50,0,70,440,76,71,72,86,0,384,1017,104,334,80,70,76,64,929,73,82,90,54,71,334,66,88,483,76,0,378,713,70,986,105,51,60,0
2023-08-16,392,380,79,0,0,91,457,86,93,70,98,0,351,849,96,290,96,66,61,68,850,70,48,76,74,84,315,0,24,454,70,0,357,751,82,799,102,59,64,0
2023-08-17,390,402,78,46,0,91,440,68,74,70,83,0,285,911,107,279,61,63,82,67,759,80,0,89,90,83,334,0,29,443,73,0,433,799,77,721,79,66,52,0
2023-08-18,381,397,77,198,0,106,431,82,79,60,76,0,316,1063,113,304,87,73,93,63,794,81,0,100,82,104,398,9,81,476,70,0,456,848,75,761,101,48,74,0
2023-08-19,467,473,70,99,0,94,511,81,88,75,77,0,340,1127,87,380,76,60,76,57,981,73,74,87,67,66,382,60,0,518,75,0,496,988,66,1204,93,32,69,0
2023-08-20,406,514,66,5,0,52,476,82,81,72,66,0,408,1125,90,388,70,67,75,68,1172,87,3,82,59,69,432,0,37,560,76,0,489,789,67,1155,109,64,59,0
2023-08-21,408,493,86,0,0,87,516,80,88,63,77,0,365,1026,80,348,71,67,54,53,1042,63,146,88,74,70,457,61,93,517,76,0,382,785,72,1051,100,57,59,0
2023-08-22,267,421,69,0,0,79,462,82,71,71,88,0,300,1049,71,332,88,75,87,74,863,65,0,65,80,70,340,16,0,481,78,0,557,949,70,993,89,75,71,0
2023-08-23,441,359,75,0,0,72,395,85,84,66,109,0,267,912,85,280,75,66,77,60,700,69,49,73,63,72,363,0,81,454,69,0,470,729,80,872,94,54,71,0
2023-08-24,345,400,73,0,0,106,456,85,75,79,80,0,334,935,91,302,75,66,87,49,870,86,13,75,66,82,358,30,63,460,79,0,336,712,76,938,61,66,64,0
2023-08-25,351,442,78,0,0,76,432,86,85,64,88,0,275,928,89,318,98,69,80,66,929,50,137,89,73,76,335,108,6,461,73,0,378,1135,73,954,108,53,55,0
2023-08-26,469,484,70,191,0,82,507,92,80,53,69,0,293,1136,95,367,67,66,87,54,1001,91,0,86,63,87,329,44,85,529,66,0,486,1147,82,1085,93,66,53,0
2023-08-27,455,528,83,23,0,95,464,75,73,61,89,0,344,1110,86,392,86,73,83,67,992,89,0,75,81,76,440,0,45,549,70,0,484,654,75,1049,104,72,66,0
2023-08-28,369,449,79,0,0,83,486,78,85,67,76,0,419,1071,94,357,77,72,81,54,1058,62,75,86,72,80,390,13,125,541,73,0,521,755,73,898,87,68,75,0
2023-08-29,465,409,94,0,0,76,457,83,66,66,87,0,327,960,84,322,76,73,76,58,872,63,33,90,63,78,496,196,0,486,79,0,433,661,75,743,94,53,66,0
2023-08-30,503,407,76,152,0,77,404,81,86,63,69,0,336,914,94,285,106,72,81,59,768,68,125,82,71,68,372,162,34,447,84,0,390,706,66,1025,99,68,71,0
2023-08-31,440,420,78,0,0,94,439,81,84,66,83,0,329,932,88,290,86,58,82,61,883,86,0,73,57,72,349,60,67,457,83,0,465,780,80,782,100,55,66,0
2023-09-01,315,439,67,74,0,74,506,75,66,68,84,0,241,1072,82,334,99,64,83,64,920,76,19,94,68,81,378,233,0,480,71,0,435,848,64,1177,105,62,76,0
2023-09-02,281,450,87,134,0,107,574,77,71,75,72,0,359,1083,95,380,125,67,91,61,904,65,60,74,76,70,397,65,95,535,71,0,482,1012,75,1031,85,48,66,0
2023-09-03,467,513,81,8,0,95,498,89,70,66,83,0,370,1089,94,379,58,62,81,42,977,58,65,83,60,60,471,0,53,543,73,0,622,897,74,1249,92,52,71,0
2023-09-04,320,507,74,51,0,57,455,77,82,55,77,0,374,1105,93,349,89,70,78,73,1128,51,109,86,70,84,352,108,42,527,71,0,469,1137,77,1046,99,73,61,0
2023-09-05,486,401,80,34,0,82,401,78,66,69,87,0,341,972,77,322,81,83,70,61,969,72,80,77,66,75,373,0,0,487,73,0,433,836,85,1194,97,64,65,0
2023-09-06,432,402,76,0,0,77,457,88,81,76,86,0,324,887,78,313,90,70,83,53,712,70,51,91,80,64,340,118,69,445,74,0,304,811,77,1037,83,60,62,0
2023-09-07,347,382,69,147,0,87,407,77,65,77,86,0,320,992,120,282,64,73,66,67,864,60,51,80,85,85,376,33,61,456,70,0,395,750,72,853,93,49,57,0
2023-09-08,411,451,79,7,0,85,448,85,79,75,76,0,296,975,104,316,89,61,87,48,898,90,21,83,74,69,365,63,62,494,73,0,407,846,70,938,95,56,62,0
2023-09-09,413,458,82,75,0,117,529,81,85,78,77,0,376,1076,105,375,86,67,81,75,931,52,211,88,85,70,511,0,110,531,73,0,404,753,72,1041,83,56,60,0
2023-09-10,462,513,71,97,0,94,501,77,79,68,85,0,386,1123,52,364,80,76,82,65,1017,63,78,97,61,68,409,26,26,560,70,0,489,772,74,1051,98,61,77,0
2023-09-11,453,508,74,0,0,83,574,80,87,58,63,0,365,1021,80,370,76,61,102,60,1054,70,18,89,70,83,400,41,16,532,75,0,384,1031,81,1121,102,76,61,0
2023-09-12,382,401,84,35,0,65,419,84,71,73,87,0,325,1044,93,331,52,70,79,66,820,63,87,81,71,57,339,0,63,488,72,0,373,911,78,869,83,57,58,0
2023-09-13,399,399,70,82,0,77,414,90,85,76,83,0,236,1068,137,296,69,59,80,64,815,58,0,87,66,79,288,165,62,455,78,0,279,865,80,858,97,59,68,0
2023-09-14,369,385,85,125,0,72,384,79,78,77,89,0,281,911,71,276,66,69,81,81,776,58,40,86,74,87,385,117,61,469,72,0,325,591,80,841,92,46,69,0
2023-09-15,366,455,78,55,0,71,429,74,78,80,74,0,307,932,115,344,87,64,83,71,879,65,55,86,65,89,420,40,88,482,77,0,544,667,74,1040,84,45,69,0
2023-09-16,371,459,70,0,0,54,514,85,72,75,84,0,390,1046,80,372,78,62,63,63,1133,71,0,91,55,75,526,0,33,519,73,0,362,832,78,1158,79,55,64,0
2023-09-17,440,534,83,10,0,79,516,78,72,66,87,0,369,1059,125,373,81,62,62,54,1027,57,29,64,78,83,423,0,24,546,79,0,589,914,75,1093,86,57,64,0
2023-09-18,517,456,74,0,0,69,494,75,88,71,89,0,406,1125,101,386,56,61,87,43,1050,79,82,82,78,85,272,40,76,513,72,0,485,1105,74,923,88,71,58,0
2023-09-19,418,439,79,58,0,102,401,90,75,70,107,0,318,960,94,316,51,61,105,59,929,64,0,91,62,77,429,60,75,487,74,0,522,840,71,1022,113,49,67,0
2023-09-20,212,369,81,58,0,71,404,77,71,80,67,0,267,907,80,287,80,72,65,61,783,76,103,78,68,83,254,46,38,449,72,0,506,706,78,892,99,52,73,0
2023-09-21,319,426,87,47,0,86,462,77,85,67,94,0,313,939,77,291,69,75,78,65,777,89,148,77,63,70,375,65,35,462,70,0,360,642,70,930,100,69,58,0
2023-09-22,439,441,68,133,0,89,475,83,77,61,77,0,242,1006,62,316,69,46,92,80,823,69,28,80,59,88,382,41,12,494,70,0,445,854,77,731,111,73,71,0
2023-09-23,455,472,68,0,0,41,444,82,73,76,73,0,356,1093,93,370,78,70,74,49,913,70,73,83,86,91,438,111,76,534,79,0,380,1361,84,1018,96,67,62,0
2023-09-24,460,479,84,0,0,92,547,78,87,66,91,0,473,1147,83,372,81,63,80,52,974,75,83,82,80,83,502,45,45,551,68,0,589,820,76,1055,94,68,69,0
2023-09-25,502,479,72,0,0,116,525,89,76,68,99,0,458,1010,96,358,75,75,68,67,1075,78,3,83,79,82,390,88,71,519,70,0,460,966,73,1027,69,60,67,0
2023-09-26,447,444,78,0,0,60,461,81,74,78,73,0,338,1015,86,323,67,75,76,55,872,54,184,70,56,74,323,31,35,495,69,0,440,718,65,1011,99,87,69,0
2023-09-27,404,370,69,84,0,102,437,72,69,73,88,0,215,924,57,293,106,72,102,65,720,65,54,82,69,62,422,0,57,458,75,0,336,655,71,796,80,58,55,0
2023-09-28,318,391,73,67,0,90,363,84,88,57,95,0,290,977,80,290,53,72,80,59,821,74,168,87,68,90,370,0,52,458,70,0,321,639,77,817,95,59,73,0
2023-09-29,403,439,66,0,0,101,447,94,89,77,76,0,320,1022,94,334,76,74,88,64,882,60,0,64,79,69,377,0,125,484,73,0,273,852,72,1004,96,57,70,0
2023-09-30,419,473,72,0,0,92,522,80,79,56,97,0,352,1012,92,339,90,80,73,60,1085,66,21,91,70,91,435,279,50,521,73,0,378,843,65,1014,92,75,70,0
2023-10-01,513,506,93,0,0,70,564,78,84,79,90,1,382,1192,90,402,66,56,69,63,1072,90,112,90,67,83,481,0,22,562,72,93,444,906,63,1209,102,57,63,0
2023-10-02,442,475,72,111,0,90,488,71,77,74,87,0,387,1055,92,377,79,77,80,63,963,70,25,80,79,92,403,0,0,524,77,0,498,986,71,1001,94,59,67,0
2023-10-03,462,452,73,0,0,98,378,76,66,71,94,0,287,1012,112,321,67,70,78,69,956,63,0,95,82,80,336,102,111,488,74,0,521,1006,69,754,94,67,77,0
2023-10-04,436,394,72,20,0,96,394,90,78,70,72,90,257,896,117,305,79,80,111,77,765,77,0,78,82,74,287,50,115,470,66,0,520,884,70,1009,92,53,67,0
2023-10-05,308,407,68,85,0,64,437,74,68,65,84,81,350,959,83,282,84,69,70,68,742,57,52,81,65,75,301,157,37,469,77,232,384,758,74,925,86,74,63,0
2023-10-06,489,442,86,72,0,73,505,85,85,75,90,0,393,1018,117,313,79,74,76,40,797,54,0,77,56,84,305,0,0,492,72,0,567,970,78,924,80,73,56,0
2023-10-07,534,461,80,150,0,77,479,84,79,68,95,47,400,1008,85,373,82,71,66,61,1103,56,86,89,68,57,445,72,108,534,66,24,487,913,71,1140,89,61,52,0
2023-10-08,562,487,71,0,0,72,499,77,92,73,82,0,364,1125,87,397,71,75,94,57,1097,64,149,88,63,65,363,0,63,553,80,0,524,973,62,1007,90,35,64,0
2023-10-09,455,458,89,43,0,98,541,99,71,86,92,0,313,992,81,399,82,70,77,66,920,67,153,97,87,78,407,69,60,548,77,0,363,787,85,914,103,59,63,0
2023-10-10,302,438,66,57,0,74,479,79,77,65,78,28,348,1035,99,328,98,64,86,63,973,73,164,76,72,68,450,70,36,489,71,110,443,1205,75,932,83,48,71,0
2023-10-11,368,401,82,52,0,82,342,80,63,73,80,178,272,1016,91,281,88,65,88,62,899,80,86,71,72,67,398,2,49,460,70,31,454,833,82,825,86,55,75,0
2023-10-12,323,416,77,18,0,81,439,77,97,61,101,25,282,935,87,291,71,70,78,54,776,57,0,78,66,89,294,24,72,450,74,96,474,879,69,990,85,84,72,0
2023-10-13,415,440,80,67,0,66,501,82,56,66,72,0,336,948,90,326,85,51,64,52,944,66,53,94,81,87,344,47,123,493,69,63,453,840,79,1108,94,60,63,0
2023-10-14,514,496,88,51,0,69,436,76,73,71,99,78,313,1066,84,350,65,70,84,61,973,60,12,59,58,81,460,243,11,540,75,0,431,923,65,1095,97,63,57,0
2023-10-15,369,508,70,205,0,101,482,80,90,58,63,9,347,1123,96,372,82,66,87,62,1020,72,0,83,81,79,390,208,65,553,71,0,514,862,82,1145,92,39,75,0
2023-10-16,398,459,91,0,0,86,547,74,82,68,74,9,439,1123,90,370,73,65,77,69,1007,85,45,87,76,81,449,30,108,521,80,0,529,942,80,1183,110,83,66,0
2023-10-17,383,446,74,0,0,101,502,79,92,66,95,0,288,972,99,306,59,69,83,68,832,84,0,78,76,82,340,293,14,501,70,87,320,992,79,997,76,60,67,0
2023-10-18,373,389,84,107,0,93,455,80,95,77,80,95,286,1010,90,295,72,74,91,67,904,46,28,87,93,87,368,0,103,466,70,0,549,623,70,960,93,55,62,0
2023-10-19,441,418,68,155,0,98,442,85,81,78,78,184,261,896,89,305,85,68,84,63,846,75,37,93,70,75,367,59,41,454,76,166,425,1009,79,773,90,55,67,0
2023-10-20,390,429,77,106,0,73,507,88,82,76,103,19,342,1014,111,326,68,69,75,61,876,73,102,90,58,68,329,0,23,482,74,0,433,733,73,1036,83,51,66,0
2023-10-21,498,453,70,0,0,93,447,77,85,54,88,9,309,1108,104,363,48,73,84,60,970,70,102,81,63,67,473,0,87,536,79,45,510,871,76,910,88,37,71,0
2023-10-22,443,458,74,78,0,79,492,74,81,66,83,0,423,1049,92,388,69,70,71,59,876,65,86,69,78,63,428,58,104,553,73,54,436,888,77,1165,120,41,62,0
2023-10-23,507,492,70,74,0,93,433,86,76,72,88,0,385,1115,86,369,62,54,95,53,1055,75,0,85,63,72,355,74,55,537,74,0,374,1209,70,1032,84,59,67,0
2023-10-24,406,429,75,31,0,96,486,79,80,66,86,0,289,918,87,322,86,60,77,70,1032,67,0,96,69,81,372,261,51,494,73,217,395,934,78,827,95,59,65,0
2023-10-25,239,418,66,54,0,112,496,65,94,67,88,107,311,928,94,293,76,75,79,68,737,84,33,67,66,89,451,150,49,461,74,117,313,747,75,950,88,47,58,0
2023-10-26,295,401,93,123,0,100,398,78,63,63,55,29,277,974,88,306,60,67,88,51,924,65,209,78,73,55,372,9,89,442,77,64,328,870,72,976,106,60,78,0
2023-10-27,427,431,86,72,0,99,499,85,90,69,90,115,328,1061,76,317,72,78,90,68,908,63,79,83,77,71,349,72,70,492,77,0,391,840,69,1083,79,71,62,0
2023-10-28,401,493,79,161,0,112,540,79,75,65,67,34,331,1070,86,371,82,67,95,68,892,75,98,72,64,76,366,40,25,527,76,180,464,932,79,797,97,51,69,0
2023-10-29,356,489,67,137,0,71,529,80,82,68,71,34,335,1070,81,388,67,81,85,60,1022,52,0,72,76,58,380,74,35,560,86,37,520,1075,77,1078,81,44,61,0
2023-10-30,388,474,94,37,0,71,496,80,65,81,72,0,362,1150,86,353,57,68,92,54,879,63,33,82,70,73,264,231,76,537,77,0,498,843,79,1175,95,65,69,0
2023-10-31,451,432,82,0,0,73,438,72,80,71,81,0,304,1033,75,358,94,78,79,72,863,69,0,90,71,77,321,225,46,484,65,80,496,755,76,982,85,80,64,0
2023-11-01,348,403,68,187,0,89,426,97,72,72,81,76,261,914,92,298,77,75,82,72,732,84,117,81,83,78,409,162,75,459,75,176,534,743,75,1170,93,59,72,0
2023-11-02,405,406,78,98,0,82,430,74,78,64,97,2,253,879,78,270,70,73,80,55,777,77,254,77,70,83,290,237,79,459,69,83,461,526,71,884,93,51,67,0
2023-11-03,396,443,84,99,0,89,422,80,80,70,65,65,300,1017,109,314,76,60,85,50,837,57,66,92,63,72,328,0,47,489,72,59,435,797,75,905,85,58,59,0
2023-11-04,324,495,71,144,0,86,534,86,67,67,89,0,340,997,87,340,67,78,70,78,1013,64,91,81,77,75,330,3,91,534,71,24,371,818,76,1028,99,45,64,0
2023-11-05,464,483,87,85,0,78,526,87,72,74,74,51,397,1230,80,396,47,75,67,55,989,65,213,82,48,53,544,108,93,555,75,121,518,748,82,1062,113,60,65,0
2023-11-06,410,448,77,120,0,55,502,78,82,71,77,0,448,1024,93,369,73,73,97,70,922,70,45,87,66,76,443,109,71,524,70,76,354,911,75,1246,87,73,71,0
2023-11-07,423,432,69,77,0,86,539,92,75,73,83,24,294,1035,127,325,99,70,88,48,1022,62,0,81,73,66,315,71,30,498,73,170,466,1328,71,886,90,68,60,0
2023-11-08,240,436,72,96,0,103,419,78,81,62,74,142,288,898,107,299,56,72,95,65,786,59,48,79,87,56,274,124,93,476,71,0,361,788,83,948,90,55,70,0
2023-11-09,393,397,77,0,0,97,328,83,87,70,76,0,348,806,115,282,80,77,92,73,818,79,0,75,68,76,323,109,71,472,72,0,549,958,72,750,93,84,67,0
2023-11-10,340,433,79,46,0,71,445,81,76,63,84,37,327,974,103,329,68,73,70,57,938,91,0,86,78,75,361,269,42,482,67,31,584,898,75,990,90,65,69,0
2023-11-11,407,447,80,42,0,107,550,88,74,85,67,95,317,1082,101,372,93,65,72,62,1102,85,0,87,81,69,351,189,67,523,71,158,466,905,79,1160,90,52,65,0
2023-11-12,337,508,71,2,0,79,529,68,84,70,76,30,378,1147,93,375,63,68,87,53,1118,66,50,85,72,73,384,117,91,557,70,131,494,1043,70,1252,81,67,59,0
2023-11-13,436,491,73,85,0,87,509,88,77,62,73,2,388,1133,87,390,76,65,76,67,861,56,129,82,85,69,427,0,108,542,67,66,479,907,75,1277,111,43,71,0
2023-11-14,351,413,80,86,0,73,434,78,71,67,90,59,336,1043,87,315,81,61,65,58,916,78,0,83,60,65,385,3,39,507,73,85,545,642,78,956,102,51,69,0
2023-11-15,359,450,69,80,0,86,375,86,82,70,70,0,292,962,95,305,74,62,80,65,871,96,0,70,70,62,306,38,85,462,71,126,342,738,80,656,98,62,65,0
2023-11-16,320,376,68,131,0,104,449,87,84,75,92,125,259,930,75,291,58,55,102,63,887,55,109,93,63,93,315,185,92,460,73,103,366,690,72,942,122,49,64,0
2023-11-17,324,432,81,0,0,73,470,77,74,66,82,0,313,1045,119,336,73,58,69,73,896,66,66,77,77,75,430,57,52,495,74,128,395,696,75,979,100,74,62,0
2023-11-18,425,452,76,176,0,88,501,91,81,73,84,0,365,1063,89,364,65,79,73,62,1117,87,254,81,78,80,397,85,26,521,70,0,423,870,79,1018,92,50,50,0
2023-11-19,477,487,68,7,0,107,481,72,63,53,84,23,408,1200,85,391,73,69,85,52,1003,69,0,86,56,86,319,95,111,561,77,20,393,1160,69,1229,95,46,71,0
2023-11-20,437,470,83,0,0,77,492,80,74,59,94,68,427,1032,118,368,59,78,88,59,991,71,59,91,75,54,469,92,71,537,74,102,580,1027,83,992,88,56,78,0
2023-11-21,445,414,76,94,0,72,471,78,77,75,91,91,313,1060,105,316,71,67,65,62,884,62,28,81,80,86,356,38,63,481,72,157,468,1005,76,1003,104,62,69,0
2023-11-22,354,415,83,134,0,62,474,82,92,73,86,0,310,933,93,288,71,73,75,65,776,62,201,84,67,71,404,145,98,467,66,153,317,446,72,782,96,46,70,0
2023-11-23,387,383,74,146,0,78,480,87,74,66,85,0,234,904,97,280,71,65,79,57,719,78,0,71,66,76,401,67,45,471,77,113,401,667,77,883,98,76,77,0
2023-11-24,372,458,81,133,0,88,414,79,81,77,87,0,350,951,103,320,103,76,82,73,866,52,97,74,68,67,423,207,69,491,69,19,464,954,73,1096,79,64,55,0
2023-11-25,540,467,68,47,0,84,531,84,71,68,73,12,347,1099,84,376,73,59,74,51,1151,81,162,79,87,75,300,62,140,541,77,237,411,759,78,1174,100,54,57,0
2023-11-26,501,500,76,176,0,75,506,72,79,83,85,0,379,1208,85,378,71,80,74,66,1009,74,0,66,86,66,401,0,28,557,71,64,471,825,82,1120,99,70,69,0
2023-11-27,591,489,94,79,0,87,443,89,85,69,75,108,339,1092,72,370,76,72,92,57,1108,56,133,76,60,70,373,31,16,530,77,98,584,1039,70,1200,98,51,77,0
2023-11-28,399,408,79,0,0,79,384,81,88,73,82,103,264,939,110,343,82,64,84,65,809,47,127,97,69,71,358,23,84,498,73,214,525,670,75,864,95,70,57,0
2023-11-29,345,395,80,167,0,88,442,78,84,61,91,24,271,927,111,272,77,73,93,61,777,70,157,78,81,63,296,61,73,462,68,110,458,741,81,813,101,38,74,0
2023-11-30,348,416,67,188,0,76,452,82,90,64,91,8,271,1000,102,315,85,75,45,63,824,69,0,93,68,88,321,212,113,443,78,0,412,751,71,1169,96,66,62,0
2023-12-01,322,462,63,136,0,73,513,77,72,68,70,43,310,1138,86,335,92,81,83,61,1019,68,33,83,66,97,422,22,101,493,72,35,517,956,75,990,102,46,67,0
2023-12-02,525,492,71,9,0,76,581,79,87,71,84,94,369,1013,87,352,71,71,78,51,870,73,53,84,58,78,411,136,49,531,81,7,490,1092,79,966,91,55,63,0
2023-12-03,468,464,82,103,0,60,531,79,74,86,85,0,331,1002,94,387,77,66,85,43,1136,61,0,78,65,81,451,0,58,559,71,0,367,883,84,1086,108,48,77,0
2023-12-04,414,500,79,29,0,87,477,87,77,78,85,0,373,1070,99,376,55,72,93,60,1004,76,125,77,75,71,408,102,143,544,72,250,538,801,66,1135,77,68,68,0
2023-12-05,326,454,82,56,0,82,462,77,70,78,87,136,353,1002,97,336,74,56,92,61,950,64,174,82,79,62,373,116,46,481,73,160,304,482,82,956,80,81,68,0
2023-12-06,327,396,76,90,0,66,402,81,87,61,81,0,366,986,96,282,85,79,84,71,850,67,68,76,71,70,319,74,0,459,77,244,394,643,75,802,85,57,59,0
2023-12-07,315,386,88,258,0,109,453,89,77,86,87,23,211,847,86,299,61,70,82,44,886,81,196,86,71,59,290,118,85,467,66,82,470,778,73,1032,83,53,66,0
2023-12-08,377,416,84,71,0,72,449,78,87,63,82,124,296,1003,120,316,68,64,80,74,918,73,0,73,75,67,496,0,85,498,77,183,491,915,82,856,80,66,71,0
2023-12-09,547,491,74,153,0,80,462,85,92,79,81,80,376,1162,70,362,86,75,76,62,982,70,215,78,69,84,480,0,77,540,73,168,529,879,77,1013,83,68,66,0
2023-12-10,464,500,84,145,0,81,606,79,86,71,84,39,383,1077,89,387,75,81,99,69,994,63,151,95,85,77,433,127,114,560,73,0,429,1045,70,880,92,71,79,0
2023-12-11,479,467,74,51,0,71,498,83,82,69,59,75,406,1137,79,370,73,69,70,72,832,65,0,82,62,70,435,179,86,540,74,142,479,835,79,943,96,39,49,0
2023-12-12,406,433,84,97,0,76,417,79,56,73,92,5,334,1031,109,325,87,68,80,66,902,65,145,74,68,75,308,244,68,487,74,137,362,539,75,1184,105,67,73,0
2023-12-13,326,396,70,177,0,103,484,71,76,74,83,73,295,908,82,311,71,76,92,58,935,53,0,83,72,59,367,134,78,456,80,14,524,793,76,859,90,52,55,0
2023-12-14,355,439,79,204,0,88,406,90,75,76,97,51,267,932,90,289,85,71,77,62,795,57,29,60,73,64,347,33,31,453,67,0,349,834,75,833,95,64,81,0
2023-12-15,435,403,81,64,0,92,460,78,80,66,79,0,307,1035,91,309,106,82,98,62,826,60,108,71,84,85,376,12,72,488,81,157,371,756,77,1062,93,58,69,0
2023-12-16,510,444,77,272,0,95,529,82,90,70,90,45,329,1063,120,380,64,64,77,53,913,48,17,88,85,70,457,319,85,548,70,38,553,1000,71,1028,102,78,56,0
2023-12-17,326,510,85,8,0,93,506,80,85,68,75,27,338,1212,95,387,80,64,90,54,929,79,62,82,68,75,406,65,144,550,75,0,534,920,79,994,114,79,68,0
2023-12-18,403,462,79,90,0,98,542,88,67,71,62,193,362,1029,83,353,70,71,72,52,945,59,0,81,76,80,404,139,30,550,70,155,336,677,76,1006,86,60,76,0
2023-12-19,343,447,72,0,0,72,526,80,68,89,73,4,346,968,117,334,89,76,65,70,936,83,88,83,68,88,348,0,101,520,81,85,464,875,84,934,95,61,61,0
2023-12-20,421,431,99,108,0,93,408,79,98,83,93,202,310,1023,115,284,67,69,84,64,978,58,285,82,80,89,272,111,128,457,72,131,445,756,74,971,101,60,73,0
2023-12-21,307,359,84,105,0,76,445,78,69,66,80,25,353,907,100,297,84,65,89,54,879,77,128,84,70,94,445,197,60,465,73,94,407,753,77,836,98,67,65,0
2023-12-22,540,486,60,118,0,86,487,82,59,73,78,91,315,994,121,336,79,71,87,57,887,78,111,86,72,87,373,230,95,504,78,127,467,865,74,793,91,57,66,0
2023-12-23,468,477,79,139,0,105,503,75,69,73,81,2,338,1106,102,364,101,78,75,75,919,74,97,89,71,79,437,138,51,543,72,124,527,891,76,1013,86,68,70,0
2023-12-24,517,515,77,148,0,99,488,90,81,62,81,15,352,1075,88,400,68,72,72,60,791,55,56,78,71,84,412,0,70,552,67,104,510,898,73,937,104,68,61,0
2023-12-25,378,464,72,122,0,106,399,76,72,71,91,0,346,1103,101,378,93,82,76,56,888,91,84,86,62,67,434,84,120,529,74,108,529,1153,74,1128,99,38,64,0
2023-12-26,323,438,75,16,0,112,451,88,69,72,72,193,373,924,96,321,63,78,85,54,731,91,44,89,60,77,335,99,53,499,76,0,358,962,73,783,93,60,71,0
2023-12-27,382,394,78,77,0,87,428,80,85,81,69,92,290,945,103,291,90,74,65,70,854,54,35,91,81,71,263,143,46,460,78,0,522,807,77,880,103,58,64,0
2023-12-28,386,378,78,62,0,109,419,75,83,48,96,279,270,999,116,271,66,66,71,54,876,76,126,85,77,81,242,82,117,463,68,179,440,936,81,914,75,58,75,0
2023-12-29,387,414,85,153,0,73,431,92,83,80,87,84,311,968,80,338,69,84,75,54,910,61,233,75,69,76,326,0,90,494,77,0,439,689,69,1150,105,62,62,0
2023-12-30,542,512,79,115,0,74,493,76,85,71,78,50,310,1119,107,355,72,82,93,47,959,93,75,91,77,66,455,0,72,552,82,83,543,1092,81,952,84,40,57,0
2023-12-31,442,509,78,0,0,86,555,71,77,72,76,128,416,1149,79,391,96,77,76,67,1078,47,0,85,69,72,487,123,18,563,66,41,458,812,83,1061,96,43,72,0
