Date,OMV,XSV,QSN,MAJ,TAP,YYO,SMM,BZM,VSM,DTJ,NAQ,AEI,OSG,UMU,PGL,DZT,TSE,ATT,NGB,UGJ,MUY,SGA,PAA,XML,EFN,WGR,YGY,BTB,WYG,RGS,CNQ,NMO,VYZ,QMD,WMB,CFG,ZSD,RAH,ZMS,ENY
2019-01-01,487,90,1060,0,77,0,832,71,44,68,427,0,449,63,431,58,80,54,0,67,349,838,528,72,105,58,88,76,86,707,64,0,69,495,87,57,0,880,51,89
2019-01-02,440,87,965,0,83,0,986,80,78,63,422,0,473,52,425,66,71,59,0,59,343,1128,546,83,72,76,70,93,74,353,69,0,60,467,78,74,0,1003,65,82
2019-01-03,431,91,829,0,86,0,887,87,96,53,348,0,366,70,366,54,96,61,0,62,361,925,484,72,82,42,79,78,85,497,70,0,73,441,90,78,0,883,63,83
2019-01-04,327,99,821,0,79,0,668,83,72,68,351,0,372,76,327,45,108,61,0,73,239,473,416,67,89,38,85,75,81,478,71,0,63,394,94,71,0,1183,64,79
2019-01-05,248,90,788,0,74,0,721,70,71,67,347,0,367,74,338,70,71,63,0,68,242,885,449,77,93,54,72,75,75,415,64,0,57,405,79,63,0,1127,65,78
2019-01-06,470,96,861,0,85,0,899,79,58,56,363,0,389,72,365,58,96,59,0,70,329,890,484,85,104,48,85,69,84,496,67,0,57,415,89,72,0,1111,57,89
2019-01-07,452,83,882,0,74,0,992,62,76,67,413,0,447,61,408,70,98,60,0,89,315,733,482,59,92,59,77,82,82,597,59,0,56,466,88,63,0,943,65,86
2019-01-08,302,96,941,0,91,0,998,88,43,60,430,0,469,77,432,53,84,51,0,68,376,1081,554,79,90,51,83,88,81,505,72,0,81,512,93,73,0,1336,57,71
2019-01-09,317,93,966,0,81,0,710,79,68,64,450,0,449,61,415,61,101,63,0,79,360,1002,525,76,88,68,63,79,76,491,75,0,66,458,89,73,0,1070,60,85
2019-01-10,438,93,806,0,90,0,801,75,80,71,361,0,391,74,361,60,49,57,0,70,351,802,457,84,71,63,97,79,83,530,63,0,69,421,84,61,0,848,51,90
2019-01-11,357,92,679,0,79,0,982,71,43,60,327,0,363,72,350,42,99,60,0,68,231,861,418,68,84,67,108,68,83,370,64,0,59,395,75,72,0,290,62,78
2019-01-12,240,92,661,0,72,0,792,84,74,55,313,0,367,69,311,63,111,64,0,61,243,639,454,75,89,55,78,70,81,398,70,0,46,383,85,69,0,693,62,91
2019-01-13,251,91,865,0,78,0,973,71,69,74,365,0,380,82,373,58,123,58,0,70,345,753,491,79,84,53,83,88,82,454,63,0,76,451,86,75,0,456,69,73
2019-01-14,345,90,826,0,87,0,1073,67,59,61,421,0,452,71,424,55,95,52,0,85,350,1163,508,88,88,51,79,70,68,636,62,0,63,478,81,68,0,948,66,85
2019-01-15,379,92,985,0,81,0,806,73,77,61,425,0,444,67,451,50,86,59,0,67,326,1012,521,58,88,64,70,68,79,492,74,0,62,488,96,62,0,1002,62,88
2019-01-16,369,99,817,0,80,0,821,67,58,66,414,0,429,86,405,66,76,60,0,73,403,821,513,84,91,63,77,73,74,555,77,0,61,454,92,56,0,596,57,66
2019-01-17,280,95,780,0,78,0,922,61,79,55,362,0,412,91,366,77,85,59,0,62,270,600,481,74,75,49,71,71,92,284,64,0,54,433,93,65,0,1004,58,82
2019-01-18,387,88,776,0,86,0,791,91,39,61,318,0,360,90,323,52,59,65,0,79,336,753,451,72,88,60,62,95,89,457,63,0,57,386,88,77,0,770,68,84
2019-01-19,314,94,798,0,81,0,848,70,58,61,327,0,360,77,358,63,62,56,0,78,232,531,456,85,91,50,121,83,83,377,62,0,68,442,88,85,0,931,62,86
2019-01-20,275,99,708,0,73,0,907,69,69,66,370,0,378,70,417,65,76,56,0,93,272,993,449,80,99,53,88,78,94,346,66,0,58,408,86,58,0,880,57,94
2019-01-21,479,91,901,0,83,0,864,78,64,69,400,0,426,58,395,53,78,68,0,61,339,1081,506,64,88,49,78,90,85,572,73,0,73,486,87,71,0,728,65,80
2019-01-22,446,99,907,0,80,0,1049,86,93,53,451,0,477,64,445,59,84,52,0,66,375,1181,536,58,79,55,51,73,81,521,67,0,61,480,86,73,0,945,63,87
2019-01-23,347,89,876,0,83,0,888,60,86,66,426,0,438,52,423,57,81,63,0,66,264,967,552,86,102,45,75,74,72,475,60,0,58,486,91,65,0,889,64,96
2019-01-24,417,93,812,0,85,0,921,79,66,70,372,0,398,82,376,58,81,58,0,64,416,828,495,59,83,53,68,75,75,438,74,0,62,422,89,74,0,1173,55,84
2019-01-25,295,84,671,0,88,0,684,67,30,61,354,0,360,75,351,54,93,54,0,75,357,580,430,75,105,79,89,74,72,552,63,0,67,368,84,77,0,867,58,67
2019-01-26,420,101,746,0,83,0,682,75,72,63,343,0,385,74,335,54,126,61,0,83,222,892,417,92,74,35,97,85,86,511,58,0,45,398,83,68,0,1210,67,79
2019-01-27,205,93,852,0,75,0,974,87,65,58,339,0,388,86,354,57,79,58,0,76,309,1165,473,77,87,73,70,72,82,532,72,0,80,460,91,59,0,770,64,86
2019-01-28,353,97,1045,0,75,0,1038,85,91,67,412,0,447,67,400,62,89,58,0,76,294,1031,535,71,78,43,70,82,84,483,73,0,63,451,79,71,0,1194,53,95
2019-01-29,448,90,898,0,88,0,905,76,62,69,420,0,474,79,414,69,72,66,0,93,377,1150,547,78,75,48,80,76,78,583,63,0,49,529,86,82,0,804,69,73
2019-01-30,409,93,842,0,79,0,1043,85,74,62,434,0,436,72,398,60,94,55,0,98,315,1138,512,73,100,61,92,82,84,589,71,0,60,477,91,64,0,1200,63,78
2019-01-31,320,95,764,0,77,0,685,89,65,63,367,0,379,72,337,51,103,55,0,63,358,1276,464,91,94,73,75,82,89,363,64,0,77,395,93,66,0,683,64,88
2019-02-01,266,87,686,0,84,0,605,82,59,56,339,0,377,71,333,55,95,59,0,65,217,630,411,65,85,58,82,73,80,454,59,0,73,370,85,68,0,1043,63,87
2019-02-02,307,87,751,0,79,0,1014,78,46,71,342,0,360,73,353,64,102,64,0,66,268,778,443,66,92,57,64,72,72,415,71,0,53,436,82,61,0,951,60,84
2019-02-03,358,99,756,0,87,0,867,69,73,60,377,0,382,71,369,58,117,55,0,68,331,866,480,86,107,74,83,84,87,398,66,0,60,416,92,88,0,1095,57,80
2019-02-04,382,100,898,0,66,0,882,56,73,64,416,0,417,69,408,59,90,47,0,71,274,933,539,96,91,52,80,75,79,548,68,0,66,501,87,63,0,1093,60,86
2019-02-05,415,85,883,0,81,0,895,79,63,57,418,0,454,64,416,38,81,58,0,87,425,1143,544,81,90,67,78,75,75,652,76,0,61,448,87,65,0,912,67,79
2019-02-06,417,93,925,0,84,0,1048,70,68,59,425,0,448,76,450,73,81,66,0,85,399,1310,510,59,95,62,87,82,82,482,65,0,62,490,87,64,0,670,66,77
2019-02-07,381,97,924,0,82,0,749,75,71,66,368,0,386,77,361,52,73,59,0,76,294,838,473,77,84,54,86,84,86,537,63,0,65,447,89,68,0,981,55,86
2019-02-08,194,97,807,0,82,0,879,67,85,68,346,0,375,68,321,57,109,67,0,61,217,948,408,72,92,48,89,94,78,378,62,0,65,371,80,52,0,644,63,89
2019-02-09,359,94,701,0,84,0,798,79,61,58,363,0,362,54,350,48,74,56,0,55,336,1154,463,71,81,68,97,68,81,307,76,0,68,364,91,79,0,1029,63,84
2019-02-10,469,91,834,0,87,0,773,87,57,67,354,0,391,89,380,53,82,59,0,80,374,704,476,77,96,47,90,79,74,491,65,0,75,467,89,74,0,1293,64,79
2019-02-11,357,89,930,0,73,0,817,89,69,68,409,0,434,78,418,55,78,65,0,81,295,964,507,91,92,57,97,79,86,483,70,0,53,472,83,72,0,976,58,102
2019-02-12,443,96,869,0,82,0,971,84,76,59,453,0,460,98,429,77,102,56,0,77,326,1217,507,80,71,73,70,71,84,622,67,0,53,464,89,57,0,996,67,84
2019-02-13,285,91,823,0,81,0,945,80,67,61,426,0,430,47,419,47,116,62,0,65,411,988,542,78,89,66,105,68,69,508,67,0,64,424,87,80,0,789,60,93
2019-02-14,376,90,851,0,82,0,813,71,64,62,367,0,410,69,355,67,91,61,0,91,297,879,478,68,79,65,79,86,80,493,65,0,66,393,88,68,0,1207,61,80
2019-02-15,300,98,686,0,72,0,829,68,74,60,344,0,384,54,328,55,83,55,0,63,215,1115,444,60,96,51,72,88,76,397,69,0,54,388,90,71,0,622,71,90
2019-02-16,298,90,728,0,90,0,813,85,58,68,336,0,352,72,355,78,86,63,0,71,330,1041,437,64,90,46,96,76,80,376,62,0,61,439,99,73,0,982,56,83
2019-02-17,376,93,917,0,82,0,859,84,71,80,395,0,395,88,348,45,94,54,0,72,333,968,470,77,87,73,97,76,78,588,82,0,74,447,89,60,0,1136,61,89
2019-02-18,366,95,721,0,82,0,1043,85,72,65,418,0,455,70,423,56,97,63,0,72,367,1045,510,73,80,44,95,81,72,597,63,0,65,514,87,72,0,1068,60,99
2019-02-19,470,98,952,0,82,0,1098,72,58,68,419,0,463,77,446,44,89,59,0,73,356,1126,506,88,91,55,65,83,77,576,63,0,49,493,87,76,0,782,59,74
2019-02-20,422,98,970,0,79,0,831,87,74,61,401,0,430,71,405,45,99,53,0,82,356,1133,509,63,98,54,83,72,83,472,65,0,69,506,88,60,0,1198,69,77
2019-02-21,354,93,834,0,84,0,760,88,99,59,376,0,394,72,374,67,62,61,0,72,361,541,474,87,78,69,96,83,82,526,64,0,68,422,81,71,0,1309,50,78
2019-02-22,447,89,688,0,83,0,1048,81,43,62,339,0,357,59,363,48,57,60,0,90,286,1121,434,79,90,62,99,73,77,496,65,0,69,381,77,76,0,894,67,99
2019-02-23,311,92,696,0,90,0,779,80,85,67,339,0,345,68,328,62,95,54,0,66,317,734,460,81,68,58,71,79,81,445,70,0,54,364,77,59,0,859,65,83
2019-02-24,353,95,768,0,81,0,950,67,69,72,373,0,404,63,359,81,79,64,0,69,376,1074,469,79,96,61,59,83,79,486,65,0,36,455,91,70,0,759,66,82
2019-02-25,409,91,951,0,94,0,919,77,37,62,435,0,456,62,428,44,87,47,0,88,396,1240,501,72,98,69,90,86,81,547,65,0,54,466,87,71,0,1107,60,78
2019-02-26,392,98,910,0,87,0,962,87,57,57,433,0,443,67,430,50,94,66,0,83,412,945,557,88,98,59,86,76,80,670,63,0,61,497,95,68,0,1201,69,87
2019-02-27,266,90,780,0,75,0,931,67,69,62,432,0,426,67,423,61,102,62,0,72,467,816,543,82,91,43,78,70,83,500,72,0,62,457,85,75,0,1168,58,79
2019-02-28,464,102,667,0,85,0,758,69,78,57,383,0,392,64,363,45,77,61,0,107,308,850,429,71,92,58,84,80,87,517,74,0,58,458,81,82,0,638,53,79
2019-03-01,317,98,674,0,88,0,779,83,61,59,342,0,385,61,319,51,80,63,0,83,349,805,428,69,112,74,89,79,86,528,63,0,68,451,85,72,0,1021,61,92
2019-03-02,350,96,804,0,84,0,683,80,74,65,354,0,360,75,339,66,91,56,0,80,323,806,455,71,78,49,90,81,82,487,60,0,58,404,93,66,0,1207,67,80
2019-03-03,314,88,720,0,88,0,814,77,48,52,370,0,411,92,385,54,78,57,0,85,349,1064,470,66,83,52,93,77,72,401,67,0,77,429,82,67,0,711,63,74
2019-03-04,446,97,891,0,81,0,1005,68,81,65,437,0,442,67,430,66,102,56,0,77,410,1143,526,80,83,68,99,79,88,512,73,0,64,508,85,71,0,1064,70,87
2019-03-05,423,91,895,0,85,0,978,95,72,56,416,0,447,74,425,53,58,64,0,77,418,572,527,79,82,72,111,81,77,610,61,0,57,495,88,66,0,880,59,77
2019-03-06,445,90,970,0,88,0,895,87,62,59,417,0,424,69,405,48,83,58,0,67,313,1140,505,83,102,58,61,85,86,586,69,0,47,474,90,73,0,979,63,90
2019-03-07,386,101,907,0,75,0,934,84,68,69,364,0,401,68,379,71,96,61,0,65,320,833,490,73,112,69,79,68,87,409,69,0,61,460,86,64,0,1142,63,79
2019-03-08,323,89,661,0,94,0,800,74,83,58,331,0,362,93,365,60,100,66,0,74,229,978,426,77,102,60,73,81,76,445,62,0,76,388,89,65,0,747,67,84
2019-03-09,256,90,667,0,91,0,807,81,68,61,353,0,351,63,319,60,99,50,0,91,326,1253,478,57,90,46,96,86,75,465,67,0,77,355,92,69,0,974,67,74
2019-03-10,381,98,841,0,84,0,783,70,98,65,400,0,396,68,358,68,100,54,0,62,218,794,456,78,88,52,73,72,80,495,67,0,64,405,84,70,0,905,64,83
2019-03-11,263,94,1000,0,78,0,933,80,52,61,390,0,449,44,420,59,68,62,0,71,365,1031,518,90,98,43,96,89,84,515,75,0,63,436,86,75,0,1013,62,87
2019-03-12,364,93,915,0,77,0,841,63,56,64,445,0,461,82,431,47,102,62,0,92,350,1178,528,77,99,52,77,71,83,553,71,0,82,473,79,71,0,1354,65,71
2019-03-13,411,99,878,0,76,0,1046,65,79,62,412,0,441,67,417,63,81,50,0,71,323,1056,510,74,95,71,90,87,80,582,64,0,71,454,95,68,0,745,63,79
2019-03-14,316,99,671,0,86,0,980,82,55,74,388,0,411,76,382,62,90,57,0,66,300,837,493,78,86,49,70,80,82,477,64,0,73,423,88,65,0,612,60,95
2019-03-15,455,89,855,0,81,0,786,57,76,57,325,0,337,59,357,63,93,55,0,64,302,878,437,80,89,66,90,74,91,429,67,0,56,422,90,52,0,947,62,97
2019-03-16,288,100,653,0,90,0,808,73,64,66,333,0,357,68,325,73,77,50,0,78,325,854,431,65,89,52,69,79,77,592,61,0,73,357,88,60,0,771,57,84
2019-03-17,284,93,761,0,84,0,761,78,50,60,393,0,403,71,382,60,99,56,0,78,376,1006,473,81,69,41,83,76,91,582,74,0,63,445,82,68,0,947,69,88
2019-03-18,370,93,865,0,82,0,899,50,67,67,406,0,432,56,415,46,78,57,0,91,322,798,491,79,95,49,70,77,86,419,62,0,71,504,82,59,0,964,49,98
2019-03-19,436,98,991,0,82,0,900,79,64,62,439,0,456,73,412,53,122,57,0,62,428,1005,561,72,101,55,92,83,85,536,69,0,72,494,91,79,0,1059,65,84
2019-03-20,431,96,990,0,83,0,975,76,63,72,407,0,450,82,436,59,97,58,0,63,405,1046,488,73,92,60,78,74,83,477,68,0,65,455,79,74,0,1311,68,80
2019-03-21,242,109,906,0,73,0,720,77,79,66,369,0,390,74,395,50,87,63,0,80,213,908,487,82,93,62,76,87,75,487,63,0,88,411,88,64,0,716,66,77
2019-03-22,262,93,776,0,79,0,844,71,22,63,335,0,336,80,302,62,77,62,0,90,285,956,457,82,94,40,91,77,86,508,71,0,63,413,95,65,0,996,65,94
2019-03-23,359,95,665,0,80,0,826,65,77,66,335,0,356,54,377,49,100,60,0,64,240,988,442,69,109,73,76,83,78,495,64,0,58,351,90,64,0,702,63,91
2019-03-24,399,96,829,0,70,0,895,69,64,55,372,0,404,75,377,74,95,64,0,82,343,914,460,76,77,84,84,77,81,603,78,0,60,489,87,76,0,1018,66,77
2019-03-25,490,95,875,0,84,0,1011,72,71,56,428,0,466,89,399,72,93,60,0,69,250,1211,479,81,95,66,92,74,84,378,62,0,80,475,83,64,0,1120,59,70
2019-03-26,380,94,916,0,90,0,961,63,78,58,455,0,437,63,470,63,104,58,0,63,433,1373,538,69,98,63,97,84,87,506,68,0,70,453,81,57,0,1219,70,79
2019-03-27,348,93,993,0,87,0,956,73,78,63,420,0,431,80,422,48,106,60,0,86,349,1116,542,60,83,60,66,80,77,540,62,0,58,506,91,77,0,857,58,83
2019-03-28,393,90,800,0,91,0,700,79,63,69,386,0,415,64,367,56,64,62,0,81,295,941,465,80,98,55,86,72,82,647,67,0,73,409,91,66,0,922,61,81
2019-03-29,262,97,804,0,78,0,758,71,95,63,338,0,365,86,323,63,108,64,0,73,219,578,446,94,89,58,101,94,79,363,69,0,49,367,78,67,0,1057,58,80
2019-03-30,335,93,799,0,83,0,706,77,64,57,353,0,374,74,334,55,89,62,0,60,259,992,418,82,98,70,83,80,81,325,65,0,69,408,95,76,0,1225,68,86
2019-03-31,476,91,782,0,75,0,813,58,74,62,398,0,389,63,388,50,90,61,0,89,375,820,459,98,94,59,108,72,79,434,72,0,67,448,81,77,0,710,67,90
2019-04-01,246,99,885,0,71,0,919,97,82,73,443,0,449,76,403,54,77,66,0,57,291,1038,498,90,87,53,71,70,82,439,67,50,69,486,91,59,0,1056,59,76
2019-04-02,436,95,910,0,84,0,970,88,63,61,431,40,455,54,435,53,71,59,0,78,345,750,529,95,88,37,83,87,87,501,62,0,58,484,92,60,0,792,67,89
2019-04-03,462,97,935,0,81,0,892,75,58,58,410,0,443,78,416,74,78,53,0,90,385,941,517,80,89,64,89,78,82,612,75,70,73,485,84,69,0,1061,63,85
2019-04-04,362,86,763,0,80,0,1087,77,47,67,393,58,386,69,385,63,82,62,0,68,352,1117,503,65,83,74,76,72,71,448,60,0,74,429,85,70,0,789,64,77
2019-04-05,303,97,603,0,86,0,585,76,50,59,319,45,369,69,381,55,68,58,0,74,279,951,436,94,82,71,82,98,85,390,69,56,67,365,80,67,0,771,61,83
2019-04-06,307,101,628,0,83,0,827,91,84,65,369,0,358,77,327,64,97,64,0,87,228,674,429,80,79,57,97,79,76,516,76,35,63,410,92,67,0,862,56,85
2019-04-07,336,98,674,0,84,0,950,69,88,55,388,108,392,65,373,63,70,64,0,67,262,1125,465,74,72,67,91,82,70,501,66,0,61,426,84,68,0,1133,62,83
2019-04-08,402,97,769,0,72,0,1054,68,58,69,435,42,442,76,405,64,90,59,0,90,359,890,508,82,102,75,51,85,80,507,59,48,67,490,88,71,0,672,60,73
2019-04-09,417,92,941,0,89,0,1030,81,83,67,439,0,466,57,431,54,105,53,0,76,412,1018,538,64,82,82,88,82,88,545,72,183,57,487,79,73,0,1223,69,72
2019-04-10,429,96,785,0,82,0,1014,87,49,58,416,42,441,60,377,64,90,64,0,45,259,1156,515,75,98,38,84,76,90,550,61,0,71,457,95,64,0,951,63,78
2019-04-11,481,92,897,0,83,0,846,74,64,66,372,54,383,78,388,63,97,63,0,77,281,694,481,97,73,53,85,73,84,376,67,0,59,418,87,67,0,982,66,86
2019-04-12,334,96,867,0,76,0,677,69,52,54,311,0,352,49,370,48,88,58,0,69,250,941,446,71,86,58,91,83,71,519,64,100,47,407,77,79,0,959,72,99
2019-04-13,326,97,609,0,78,0,860,65,64,63,324,12,357,76,329,58,109,56,0,81,283,859,451,82,93,59,63,63,83,380,73,0,64,388,87,85,0,1046,64,83
2019-04-14,429,103,716,0,84,0,899,82,93,72,371,0,400,90,368,70,103,62,0,83,193,698,458,73,70,54,57,77,84,452,68,0,77,448,88,71,0,903,63,87
2019-04-15,486,94,992,0,94,0,916,67,46,66,419,46,458,82,438,65,82,57,0,81,282,958,510,91,87,83,70,70,86,430,63,79,73,471,95,69,0,840,63,90
2019-04-16,357,98,752,0,83,0,1034,76,65,56,449,43,454,65,425,46,95,62,0,76,361,1166,532,69,94,63,95,91,74,526,71,0,69,489,77,71,0,1291,69,85
2019-04-17,350,96,893,0,77,0,1120,77,67,65,414,69,423,72,415,60,67,62,0,83,345,678,520,74,79,55,64,76,81,523,66,0,67,434,85,61,0,1050,58,82
2019-04-18,361,95,950,0,78,0,689,67,67,62,364,0,409,85,364,59,94,63,0,71,353,1024,483,59,79,77,71,75,72,529,68,0,66,438,82,70,0,1202,67,84
2019-04-19,330,88,775,0,81,0,790,82,44,66,324,0,351,70,355,55,103,70,0,72,301,901,404,73,78,73,63,81,79,302,64,0,79,422,89,61,0,719,64,82
2019-04-20,314,102,761,0,93,0,737,67,70,67,352,0,366,79,355,55,117,56,0,67,343,1050,451,67,89,50,108,70,77,395,63,13,68,402,90,66,0,1058,68,85
2019-04-21,346,93,734,0,86,0,971,74,77,60,396,63,407,85,361,39,97,55,0,92,301,952,471,75,108,68,55,88,78,482,68,129,67,406,91,61,0,1128,58,84
2019-04-22,431,102,915,0,84,0,1102,77,70,65,414,25,439,68,429,57,96,58,0,77,330,1282,530,72,92,51,75,85,78,512,71,75,61,521,85,73,0,1252,68,90
2019-04-23,464,93,902,0,90,0,873,57,68,54,429,14,442,54,434,68,110,57,0,72,368,952,518,78,99,60,88,78,87,432,61,65,50,459,85,60,0,1079,65,90
2019-04-24,420,96,784,0,77,0,844,70,66,66,446,76,412,57,361,68,81,72,0,65,312,1273,516,80,84,70,66,80,82,613,71,100,64,448,79,64,0,1140,65,71
2019-04-25,385,97,843,0,83,0,818,85,73,67,383,77,389,61,390,66,88,63,0,62,278,953,478,75,70,78,80,74,78,487,64,84,56,434,100,67,0,958,60,77
2019-04-26,330,89,698,0,79,0,755,72,68,62,355,0,377,67,384,46,67,60,0,65,335,614,411,75,70,79,80,83,79,396,68,0,72,402,89,70,0,964,60,72
2019-04-27,302,103,780,0,90,0,840,82,83,68,366,55,391,74,372,56,98,62,0,58,310,1029,442,86,100,69,67,82,79,405,65,102,66,369,74,65,0,1246,63,88
2019-04-28,301,92,886,0,95,0,841,71,65,62,404,8,386,67,359,56,91,63,0,58,364,600,474,70,101,50,90,81,80,461,71,0,65,469,79,64,0,1013,69,86
2019-04-29,386,101,686,0,85,0,797,72,68,60,409,0,424,73,385,70,71,60,0,80,378,1166,502,91,93,63,95,76,89,657,62,0,64,456,90,72,0,894,65,81
2019-04-30,399,92,805,0,83,0,1118,69,74,59,432,11,444,70,452,46,75,52,0,92,351,1271,555,106,75,79,84,89,88,569,69,6,69,509,76,65,0,760,69,80
2019-05-01,410,99,844,0,91,0,933,72,43,69,419,0,427,75,428,66,99,57,0,76,371,879,490,60,85,64,67,71,79,718,76,0,54,442,85,65,0,982,62,76
2019-05-02,336,98,888,0,82,0,910,84,88,64,394,0,398,73,383,57,68,63,0,49,338,1324,457,94,94,67,78,80,82,408,58,0,57,415,81,76,0,1104,65,80
2019-05-03,316,91,642,0,86,0,799,69,73,63,350,35,393,60,320,60,83,57,0,83,269,793,437,65,89,71,68,83,86,513,81,54,71,400,88,66,0,928,61,89
2019-05-04,408,99,822,0,94,0,731,85,68,64,356,106,350,82,340,57,88,57,0,100,305,690,475,80,86,50,82,83,87,451,62,0,58,416,86,65,0,628,68,89
2019-05-05,257,95,942,0,81,0,1018,81,60,53,374,0,404,76,383,57,84,58,0,72,314,799,461,65,97,43,79,75,85,444,61,38,66,420,89,70,0,905,61,89
2019-05-06,436,97,795,0,82,0,904,82,70,69,462,2,435,55,427,67,77,50,0,72,318,1230,503,58,83,44,86,70,77,419,69,0,74,492,87,71,0,1366,55,84
2019-05-07,402,97,985,0,82,0,853,72,57,57,440,77,448,63,458,56,82,65,0,54,311,1190,541,78,107,63,81,87,84,469,64,0,67,472,84,64,0,1028,64,82
2019-05-08,443,94,925,0,91,0,993,75,66,67,431,81,426,69,401,60,73,62,0,69,315,972,489,77,79,71,83,86,75,443,71,0,78,484,84,61,0,1263,70,78
2019-05-09,211,101,877,0,81,0,730,79,66,49,402,0,379,62,367,77,76,58,0,77,282,986,504,78,86,57,63,70,82,225,61,28,69,406,84,71,0,1203,61,86
2019-05-10,382,96,926,0,82,0,877,86,52,65,358,0,355,70,352,66,100,65,0,55,215,932,433,83,96,42,85,81,89,492,71,0,75,450,82,77,0,886,67,95
2019-05-11,251,99,644,0,82,0,816,84,43,67,334,0,378,81,361,53,89,61,0,72,185,731,424,77,103,65,92,82,75,540,63,39,58,378,85,64,0,868,70,91
2019-05-12,351,93,916,0,79,0,738,70,55,67,393,0,395,57,367,52,86,59,0,67,322,872,472,90,90,71,59,85,68,505,76,98,61,382,72,68,0,545,67,94
2019-05-13,274,104,944,0,80,0,1026,75,54,65,429,0,451,58,435,56,118,60,0,83,365,1073,478,79,73,48,88,80,81,478,61,55,69,473,90,69,0,977,64,79
2019-05-14,436,100,930,0,86,0,1048,81,51,66,444,15,460,76,424,47,102,58,0,84,392,1222,540,85,79,42,103,73,83,528,67,72,55,529,90,69,0,1013,64,81
2019-05-15,416,88,805,0,82,0,932,66,42,62,415,32,432,76,420,41,69,59,0,80,294,959,498,77,93,45,71,85,78,658,65,119,71,467,83,69,0,948,68,79
2019-05-16,239,99,805,0,85,0,743,81,76,65,370,30,400,56,396,64,84,56,0,65,418,1087,486,88,98,53,82,75,84,442,72,0,60,429,94,66,0,1147,58,74
2019-05-17,309,95,922,0,95,0,714,83,62,66,348,38,355,80,333,44,102,63,0,59,391,869,437,67,95,49,70,83,79,372,67,105,68,390,79,56,0,1043,62,64
2019-05-18,370,101,831,0,88,0,806,76,96,50,333,64,357,93,357,74,83,64,0,86,308,726,457,77,85,59,108,78,93,402,69,4,66,375,83,70,0,830,69,79
2019-05-19,500,99,802,0,96,0,871,73,63,66,363,19,395,68,380,65,53,59,0,65,365,927,441,81,81,60,97,84,84,412,64,0,56,441,91,70,0,927,62,86
2019-05-20,394,96,819,0,82,0,1111,77,88,69,446,0,430,63,417,49,106,61,0,82,383,1108,530,82,103,66,73,74,87,745,62,0,57,503,88,73,0,1518,64,79
2019-05-21,438,93,961,0,88,0,893,82,52,74,439,57,437,62,429,48,80,59,0,74,317,1271,511,66,115,57,72,81,78,502,64,0,65,476,86,60,0,1313,68,82
2019-05-22,354,99,882,0,93,0,1069,59,61,65,434,0,447,76,418,46,75,62,0,72,310,1117,504,86,103,68,90,91,81,523,73,71,79,428,88,71,0,907,72,83
2019-05-23,426,106,765,0,83,0,825,84,46,62,374,3,408,75,390,42,102,56,0,87,364,1211,495,74,99,64,89,74,79,575,68,0,61,466,85,67,0,1342,60,87
2019-05-24,226,95,515,0,78,0,854,74,50,56,352,0,338,93,353,60,88,58,0,64,331,691,449,80,95,53,88,81,82,358,69,87,77,392,79,75,0,842,64,85
2019-05-25,255,90,777,0,88,0,699,73,80,63,340,0,371,77,339,70,80,59,0,60,285,909,421,82,100,53,95,93,78,438,63,52,78,398,78,62,0,928,66,79
2019-05-26,367,103,633,0,75,0,1035,82,66,60,365,42,383,64,355,53,89,67,0,83,297,664,469,71,89,47,87,71,91,380,70,0,57,404,78,70,0,865,69,75
2019-05-27,347,105,895,0,82,0,855,79,76,61,403,76,448,71,438,51,94,55,0,62,312,881,503,74,90,61,69,97,75,583,53,20,44,471,74,68,0,1033,67,75
2019-05-28,394,95,939,0,83,0,1161,67,72,60,440,0,461,71,444,50,107,66,0,68,377,1124,475,92,103,78,92,84,79,552,76,14,77,486,90,79,0,1155,60,79
2019-05-29,369,101,870,0,83,0,1014,69,61,62,428,17,436,96,429,55,82,55,0,72,346,878,545,80,84,70,80,80,77,542,74,2,57,461,84,61,0,941,64,77
2019-05-30,337,95,725,0,85,0,956,84,78,71,377,0,416,65,354,54,73,57,0,80,273,1215,488,66,88,75,92,74,91,512,69,20,63,432,88,59,0,1087,64,76
2019-05-31,267,99,632,0,77,0,766,77,51,61,333,14,355,68,362,58,93,65,0,64,248,758,441,74,91,61,104,69,77,500,64,37,65,394,86,72,0,762,65,79
2019-06-01,300,90,818,0,76,0,829,77,74,64,338,13,353,77,321,67,109,70,0,74,152,971,431,63,88,61,73,76,76,454,65,64,63,415,89,70,0,634,72,83
2019-06-02,394,96,796,0,88,0,950,83,69,65,411,0,392,79,382,73,76,60,0,73,339,1041,456,79,73,55,80,77,87,502,70,131,57,401,83,72,0,1114,64,77
2019-06-03,376,102,798,0,91,0,838,68,88,60,411,7,420,73,447,50,79,63,0,99,289,989,500,63,88,59,77,77,76,660,62,22,70,483,92,61,0,1063,64,81
2019-06-04,439,92,910,0,86,0,1002,72,84,59,443,0,468,81,435,36,95,64,0,88,344,1212,544,92,94,76,93,86,81,404,68,96,71,528,82,75,0,1087,65,82
2019-06-05,443,97,762,0,79,0,944,78,61,52,419,8,453,86,404,65,84,61,0,86,352,752,502,70,89,51,72,76,77,579,60,24,68,440,84,63,0,1124,65,81
2019-06-06,356,105,987,0,85,0,839,68,61,58,374,12,392,89,404,55,95,64,0,59,350,1340,506,75,101,63,90,76,87,447,68,21,58,432,84,75,0,854,58,93
2019-06-07,360,97,776,0,80,0,759,73,35,66,353,7,358,72,336,67,78,72,0,83,309,786,416,81,103,66,83,83,78,475,73,31,56,386,88,63,0,1180,68,76
2019-06-08,342,96,634,0,85,0,735,71,65,62,357,3,362,65,340,63,69,53,0,89,287,1030,463,80,83,78,64,83,82,345,68,16,53,393,83,67,0,865,67,83
2019-06-09,113,99,819,0,85,0,1007,78,57,71,370,0,417,69,374,62,91,59,0,76,353,704,477,89,100,49,86,71,79,441,62,46,61,387,93,76,0,944,67,73
2019-06-10,397,96,933,0,76,0,977,60,81,64,409,0,434,64,438,57,119,61,0,76,319,994,474,75,101,75,81,85,71,393,72,0,69,476,84,64,0,1219,62,81
2019-06-11,398,96,902,0,76,0,879,74,66,66,449,47,438,93,410,80,86,58,0,68,277,1033,547,87,76,51,77,84,91,498,60,156,77,490,86,67,0,1269,56,71
2019-06-12,298,100,806,0,86,0,1059,72,100,67,420,48,439,65,442,58,119,49,0,80,449,918,521,82,80,63,74,79,83,408,69,89,73,529,90,67,0,769,67,92
2019-06-13,350,103,864,0,81,0,942,66,66,74,402,72,388,59,403,68,75,56,0,103,286,1268,477,81,95,53,69,80,85,494,72,76,65,431,92,69,0,812,67,84
2019-06-14,214,93,834,0,82,0,793,71,53,61,351,0,362,69,331,62,96,62,0,67,290,788,440,76,83,62,88,78,80,475,70,29,56,410,82,68,0,1112,74,80
2019-06-15,335,99,629,0,88,0,875,85,70,57,338,0,362,91,338,70,79,57,0,70,273,675,435,74,79,72,55,88,78,524,67,64,51,385,88,67,0,1282,66,87
2019-06-16,285,96,863,0,82,0,859,74,68,64,380,0,418,71,413,38,116,49,0,85,291,1098,470,75,85,48,89,60,84,429,62,0,68,408,82,66,0,1018,67,82
2019-06-17,414,106,802,0,92,0,948,59,71,58,422,12,435,77,399,38,82,63,0,74,320,1083,500,87,115,59,70,81,79,474,64,38,44,435,89,72,0,1147,67,79
2019-06-18,396,96,903,0,85,0,1083,74,89,57,432,29,445,74,427,85,96,60,0,81,383,907,514,73,91,71,70,95,81,543,79,0,59,485,78,60,0,1265,66,85
2019-06-19,402,97,906,0,81,0,902,78,61,65,405,69,439,81,434,59,90,70,0,92,451,1016,499,82,105,56,77,69,72,349,63,62,71,514,90,73,0,1384,65,90
2019-06-20,342,97,654,0,89,0,933,55,56,62,370,30,412,66,384,66,101,66,0,44,318,870,494,77,96,58,79,87,85,579,62,111,71,456,74,67,0,1308,62,69
2019-06-21,203,97,624,0,84,0,788,84,75,69,341,101,367,80,352,68,84,60,0,63,291,873,437,69,92,62,69,80,81,411,64,124,52,345,86,72,0,1163,66,94
2019-06-22,267,100,663,0,85,0,711,70,55,59,367,0,353,84,339,54,71,58,0,73,305,1068,425,75,112,54,98,83,86,456,71,0,68,403,91,63,0,680,66,97
2019-06-23,409,101,738,0,80,0,671,81,58,63,401,0,403,84,346,56,108,58,0,83,244,810,465,65,94,64,78,70,88,456,71,0,63,380,86,75,0,811,71,78
2019-06-24,396,97,1022,0,79,0,1066,81,87,65,434,45,428,80,431,68,83,55,0,81,327,1095,506,85,98,66,92,84,77,464,65,121,52,449,72,59,0,1047,65,85
2019-06-25,560,95,1001,0,82,0,916,86,73,55,465,62,448,76,454,56,97,63,0,72,400,953,547,78,116,49,82,82,75,531,61,0,57,482,89,83,0,1026,66,79
2019-06-26,348,104,852,0,87,0,1029,73,59,76,426,0,444,77,435,73,101,58,0,83,375,1168,487,97,90,62,77,80,88,620,66,41,55,463,80,65,0,705,59,84
2019-06-27,367,101,803,0,86,0,889,80,65,60,367,88,391,70,367,51,101,62,0,78,290,1026,457,77,94,65,55,63,76,430,66,0,60,428,82,59,0,962,68,75
2019-06-28,204,104,758,0,77,0,941,44,67,71,360,0,367,67,346,67,72,58,0,72,284,749,423,61,84,65,63,85,81,376,72,31,73,389,92,66,0,1016,73,85
2019-06-29,259,94,859,0,84,0,740,83,66,64,356,77,326,82,349,65,62,58,0,69,341,1102,458,77,102,52,93,87,79,437,66,49,61,415,83,77,0,776,62,83
2019-06-30,338,94,640,0,85,0,912,74,79,55,381,32,396,60,397,53,103,57,0,53,285,856,467,77,103,72,89,80,74,577,73,69,57,406,83,54,0,859,68,75
2019-07-01,308,0,926,0,78,13,818,71,49,60,435,5,447,47,421,55,89,54,31,58,349,1031,523,71,95,58,70,85,79,299,65,0,69,474,88,71,0,1009,0,76
2019-07-02,352,0,896,0,79,13,912,75,65,58,420,7,462,70,459,49,114,64,88,69,403,764,503,60,98,53,95,69,88,453,67,138,63,479,87,74,0,889,0,87
2019-07-03,327,0,866,0,87,4,881,63,79,67,430,8,454,76,397,50,115,60,0,70,310,1021,504,80,98,42,87,89,87,473,56,38,69,454,84,77,0,1068,0,83
2019-07-04,354,0,735,0,82,0,730,74,94,61,407,20,400,62,380,41,92,56,0,96,289,1005,484,79,62,68,74,87,80,565,70,67,59,425,82,63,0,1061,0,83
2019-07-05,295,0,810,0,81,0,647,76,82,66,341,0,326,69,370,61,92,59,28,64,237,985,417,77,103,69,76,93,81,440,68,56,52,386,81,50,0,580,0,89
2019-07-06,401,0,623,0,84,3,773,61,42,61,349,23,368,82,329,54,105,60,138,84,285,1225,438,95,80,55,98,83,83,408,67,93,58,370,91,75,0,846,0,83
2019-07-07,319,0,862,0,74,24,879,73,87,57,368,31,393,64,379,53,78,65,0,72,320,1053,453,80,69,68,77,88,77,421,72,0,71,444,86,54,0,909,0,77
2019-07-08,387,0,847,0,77,0,1063,54,48,60,421,69,431,71,420,50,88,69,0,66,308,1061,531,78,87,47,68,78,89,671,63,0,58,468,84,70,0,864,0,73
2019-07-09,349,0,906,0,81,0,867,67,49,63,445,22,465,75,466,54,127,65,148,93,417,972,536,78,88,63,93,64,78,634,71,31,71,488,86,73,0,968,0,79
2019-07-10,342,0,894,0,75,30,877,70,56,80,457,59,427,79,413,79,72,65,4,78,357,1058,488,81,101,66,95,91,79,515,58,0,54,451,95,69,0,1025,0,89
2019-07-11,297,0,860,0,82,8,894,76,60,54,382,0,399,72,353,60,108,56,0,85,407,1115,461,61,102,66,90,87,80,464,65,66,50,435,91,72,0,886,0,81
2019-07-12,375,0,671,0,83,0,924,65,88,59,336,61,381,70,352,53,98,60,102,79,336,805,442,96,90,80,80,77,74,500,70,115,87,441,86,63,0,964,0,76
2019-07-13,260,0,753,0,76,0,743,72,71,59,355,37,366,67,353,59,90,68,0,62,198,862,438,95,92,76,97,72,87,401,71,0,57,410,94,55,0,1127,0,80
2019-07-14,371,0,658,0,85,4,838,52,68,62,391,43,383,77,385,58,95,54,0,74,288,826,479,79,107,52,100,74,80,540,73,48,69,425,88,77,0,871,0,88
2019-07-15,350,0,900,0,84,3,646,72,83,66,446,0,428,70,442,66,86,60,0,78,338,803,517,87,110,48,67,79,81,585,67,99,66,499,85,71,0,1318,0,98
2019-07-16,371,0,814,0,86,17,968,58,54,60,450,0,456,84,441,70,98,58,0,94,412,1288,535,88,93,62,80,88,74,516,61,0,58,499,80,70,0,1091,0,87
2019-07-17,422,0,938,0,77,1,1078,56,65,66,444,51,437,63,466,56,94,58,31,67,387,1068,521,87,92,58,84,76,83,477,73,24,72,478,84,75,0,814,0,78
2019-07-18,271,0,795,0,91,27,1041,68,61,60,354,78,399,80,374,43,66,46,27,71,281,946,461,57,91,64,82,77,88,604,61,109,54,437,86,61,0,887,0,74
2019-07-19,396,0,815,0,79,3,888,67,60,57,351,0,361,74,349,69,85,59,0,62,146,1011,417,67,102,57,86,80,80,505,70,0,63,393,73,79,0,296,0,70
2019-07-20,263,0,827,0,79,0,724,67,74,62,338,20,345,67,332,56,105,54,73,67,263,1022,463,69,95,59,78,83,75,389,64,177,73,388,88,52,0,584,0,78
2019-07-21,392,0,867,0,85,3,782,82,82,53,382,20,378,63,360,72,119,69,9,57,342,800,472,53,97,56,96,86,83,470,70,29,44,403,87,65,0,1413,0,89
2019-07-22,363,0,858,0,77,37,946,59,53,59,440,23,427,82,431,44,95,59,90,88,290,1193,498,63,84,57,87,84,82,536,63,45,69,482,86,69,0,989,0,72
2019-07-23,503,0,934,0,87,0,960,53,69,63,452,20,474,62,472,42,110,58,30,79,363,1219,489,81,81,60,85,77,91,539,67,17,52,508,76,70,0,1142,0,86
2019-07-24,374,0,749,0,80,40,1032,70,63,62,422,69,412,71,389,59,74,58,0,74,387,826,529,97,97,59,112,84,79,652,68,55,69,482,91,79,0,948,0,80
2019-07-25,369,0,735,0,81,0,888,74,51,57,399,11,406,74,381,67,71,58,156,74,360,847,475,97,68,57,58,73,78,585,72,136,72,424,85,67,0,1076,0,66
2019-07-26,348,0,633,0,77,20,889,82,61,70,319,28,353,81,365,63,90,63,0,60,261,963,444,73,87,51,73,86,93,470,62,0,60,430,91,60,0,961,0,74
2019-07-27,325,0,693,0,95,18,767,83,64,60,351,50,384,68,379,49,92,51,0,75,201,1140,397,70,98,73,70,82,75,432,68,14,52,404,86,60,0,1170,0,79
2019-07-28,359,0,785,0,86,0,963,65,71,60,385,56,415,74,364,45,94,65,72,86,314,972,458,78,89,61,78,80,79,463,65,127,72,446,85,60,0,857,0,88
2019-07-29,377,0,1006,0,84,0,906,78,78,72,416,74,440,79,428,74,93,61,0,58,278,1453,530,79,108,55,87,82,82,434,75,50,52,502,84,77,0,1033,0,78
2019-07-30,438,0,1019,0,89,30,898,75,77,63,449,0,438,88,449,62,85,64,0,77,470,1284,523,93,111,48,101,81,73,607,67,36,48,491,82,66,0,1104,0,85
2019-07-31,289,0,905,0,75,31,983,74,74,68,411,0,433,88,401,56,84,55,10,68,338,1107,500,73,88,44,91,78,78,628,68,80,68,447,78,60,0,924,0,70
2019-08-01,344,0,725,0,86,0,902,76,92,55,375,116,388,69,404,62,95,63,84,70,285,952,461,77,75,60,93,87,88,253,78,48,60,451,81,66,0,839,0,73
2019-08-02,242,0,880,0,83,14,515,77,75,68,359,20,356,65,340,52,71,68,23,76,368,591,460,70,114,73,84,77,74,564,67,108,72,351,91,72,0,1093,0,77
2019-08-03,342,0,740,0,71,14,761,74,70,58,336,86,358,78,342,70,90,55,186,61,225,897,444,94,92,87,67,82,87,431,67,40,56,416,89,70,0,527,0,91
2019-08-04,327,0,745,0,81,1,929,63,56,63,377,4,392,77,391,40,66,52,47,76,221,1277,472,69,115,63,81,75,78,460,67,0,51,435,89,66,0,1082,0,84
2019-08-05,341,0,1012,0,78,15,1164,80,52,60,425,32,445,59,412,75,97,64,88,69,421,1218,504,68,78,64,85,82,85,533,69,0,60,451,93,61,0,1134,0,77
2019-08-06,407,0,1056,0,77,34,801,72,92,68,436,160,465,63,476,44,92,60,0,72,465,1423,506,86,88,50,84,82,75,691,70,40,60,491,87,74,0,1180,0,80
2019-08-07,401,0,787,0,85,5,1037,75,98,57,412,0,419,75,399,58,88,65,56,91,338,1057,505,81,102,55,75,86,84,539,80,0,46,476,93,57,0,946,0,79
2019-08-08,360,0,781,0,83,9,941,73,70,69,375,24,411,91,402,45,99,57,99,67,233,602,474,78,105,59,75,83,77,591,72,0,59,452,87,71,0,508,0,77
2019-08-09,349,0,668,0,82,45,900,57,76,57,355,10,362,87,340,48,79,58,0,76,205,485,430,87,96,44,100,68,81,344,56,19,62,404,80,75,0,796,0,88
2019-08-10,341,0,770,0,87,17,702,79,84,63,344,52,350,86,334,35,107,60,27,69,282,724,429,74,100,67,83,80,82,520,65,83,63,381,76,67,0,1236,0,87
2019-08-11,298,0,729,0,81,17,1001,83,57,55,396,0,373,67,387,58,96,67,36,91,322,1124,500,97,108,48,90,85,87,389,77,34,55,476,84,62,0,666,0,79
2019-08-12,325,0,898,0,85,7,887,62,43,61,435,91,451,58,424,60,111,76,8,66,450,948,489,82,75,71,83,87,76,467,68,5,57,462,82,75,0,1300,0,79
2019-08-13,481,0,899,0,67,13,1177,60,80,64,442,62,449,93,465,50,80,58,0,71,391,1199,527,65,78,61,85,80,84,529,69,0,56,485,89,61,0,1076,0,97
2019-08-14,259,0,888,0,83,15,1060,67,86,66,439,99,456,83,390,56,79,67,12,69,303,1022,524,81,96,95,96,82,95,447,62,131,77,445,82,60,0,1217,0,90
2019-08-15,444,0,907,0,85,33,866,77,75,62,397,30,363,71,411,37,78,61,0,60,381,1297,479,74,94,53,80,74,83,366,65,120,56,388,82,72,0,810,0,88
2019-08-16,354,0,714,0,79,18,746,67,68,64,338,15,377,58,356,60,56,54,0,91,244,998,424,68,94,53,74,90,82,440,71,46,80,413,80,67,0,857,0,80
2019-08-17,351,0,830,0,78,0,714,73,69,65,361,0,355,69,352,58,96,61,16,70,315,756,401,81,103,58,82,77,79,524,61,117,57,405,85,66,0,687,0,82
2019-08-18,370,0,764,0,81,19,819,80,40,60,397,40,440,83,370,55,78,67,0,90,334,1233,495,78,99,50,77,88,87,394,63,6,73,435,95,73,0,931,0,85
2019-08-19,435,0,1035,0,79,36,768,75,70,61,435,147,425,94,441,55,76,62,0,70,298,1029,485,91,93,44,84,80,78,459,66,38,63,478,83,65,0,850,0,77
2019-08-20,331,0,899,0,88,2,1014,72,87,55,451,33,449,53,447,52,87,66,71,58,383,1341,509,80,93,66,88,78,82,641,63,53,68,475,90,61,0,1145,0,75
2019-08-21,370,0,759,0,76,34,1000,79,52,66,416,17,440,82,410,56,78,56,0,79,375,1055,513,60,100,72,80,70,84,549,71,112,68,486,82,64,0,962,0,86
2019-08-22,379,0,716,0,83,11,958,66,70,68,363,37,383,90,383,67,86,59,0,88,338,1216,470,93,86,56,103,83,82,430,63,45,57,465,79,74,0,1329,0,88
2019-08-23,300,0,708,0,72,37,769,78,81,57,370,0,357,97,356,50,78,62,0,64,261,648,437,76,65,44,104,89,94,381,74,91,74,382,84,57,0,924,0,83
2019-08-24,379,0,653,0,85,0,1017,79,56,58,361,5,370,70,371,54,108,60,64,87,349,1162,406,90,99,66,93,83,83,410,67,145,73,398,93,69,0,1165,0,75
2019-08-25,400,0,906,0,77,37,962,84,55,62,383,68,394,79,364,47,65,60,173,70,323,899,471,71,96,52,87,76,79,500,71,142,72,407,89,70,0,1185,0,84
2019-08-26,402,0,886,0,84,15,965,83,51,67,422,77,417,67,422,67,95,59,0,68,347,963,513,76,85,103,86,78,77,465,65,0,67,471,80,74,0,980,0,69
2019-08-27,459,0,946,0,91,52,994,98,56,61,438,0,455,57,460,68,106,65,62,59,352,1146,471,67,89,59,74,85,81,558,76,65,62,457,85,58,0,1065,0,81
2019-08-28,324,0,696,0,81,0,908,77,72,66,405,24,428,73,426,41,65,63,164,64,332,833,525,79,84,57,89,81,78,456,71,16,82,502,83,69,0,1342,0,78
2019-08-29,401,0,837,0,85,28,1017,80,65,59,386,38,390,88,375,64,100,64,0,84,313,989,443,102,78,55,87,85,83,440,69,46,77,387,97,70,0,1021,0,83
2019-08-30,336,0,636,0,83,26,795,73,84,70,352,34,371,82,361,50,89,56,108,81,307,814,426,76,102,73,83,80,88,391,69,119,60,407,90,65,0,568,0,74
2019-08-31,373,0,694,0,84,17,1072,59,89,60,350,58,364,63,379,55,92,59,86,92,340,1097,460,73,100,70,55,84,82,247,68,0,69,407,88,76,0,688,0,77
2019-09-01,389,0,853,0,80,39,893,67,81,61,358,16,373,71,384,47,87,63,69,88,339,1132,478,80,114,73,104,74,82,426,57,3,72,454,92,62,0,1090,0,81
2019-09-02,237,0,887,0,80,21,918,64,59,61,432,88,442,79,425,69,96,58,0,70,357,1113,548,88,67,54,86,87,83,456,66,72,82,474,83,66,0,1043,0,70
2019-09-03,353,0,990,0,89,17,962,76,80,58,449,90,440,71,442,56,77,69,53,65,384,1183,515,69,85,68,63,79,85,520,65,98,63,476,90,73,0,1195,0,85
2019-09-04,393,0,988,0,84,49,906,82,73,60,434,0,438,66,417,45,73,55,7,68,397,1129,532,80,103,57,85,77,73,442,67,87,70,442,89,66,0,973,0,81
2019-09-05,388,0,940,0,85,33,874,81,65,52,370,33,401,78,369,60,114,61,107,60,347,1063,462,81,99,42,74,87,81,549,73,37,67,458,90,65,0,1018,0,78
2019-09-06,263,0,661,0,86,0,740,79,75,78,341,56,362,77,370,53,95,64,0,56,213,606,447,82,98,75,93,72,77,262,56,14,75,399,77,62,0,1018,0,68
2019-09-07,398,0,581,0,79,20,920,81,65,59,344,22,364,67,350,55,63,52,0,58,305,792,432,93,95,66,89,86,81,430,59,77,61,369,90,68,0,610,0,84
2019-09-08,342,0,772,0,93,69,959,69,45,62,373,0,398,80,393,74,95,63,83,94,268,1234,461,71,116,84,87,87,77,465,67,72,73,449,92,79,0,921,0,78
2019-09-09,426,0,771,0,88,4,923,79,48,58,406,46,431,86,439,66,93,64,141,70,265,1004,464,95,84,45,106,73,82,627,67,0,64,444,93,59,0,1151,0,79
2019-09-10,418,0,947,0,80,50,957,79,73,65,456,28,458,57,442,54,100,56,132,88,407,1083,543,80,94,45,87,91,88,579,69,48,55,491,92,69,0,1146,0,71
2019-09-11,434,0,852,0,79,16,1098,77,61,62,430,92,447,76,415,56,89,57,32,84,394,1174,538,83,82,57,106,80,83,537,61,143,68,480,86,60,0,897,0,64
2019-09-12,324,0,901,0,84,0,1092,75,85,50,367,40,390,88,382,43,96,62,131,72,306,590,437,72,76,62,80,81,84,541,67,107,57,459,84,77,0,568,0,81
2019-09-13,341,0,725,0,81,59,761,72,72,62,342,47,374,58,375,55,84,54,0,67,332,745,419,71,102,84,78,81,74,465,70,0,52,383,88,64,0,969,0,77
2019-09-14,297,0,760,0,93,22,640,72,74,59,317,106,325,69,343,67,67,54,37,81,252,1144,435,83,98,57,82,82,83,410,68,0,66,394,71,59,0,818,0,89
2019-09-15,375,0,848,0,83,45,827,68,88,63,381,118,417,66,384,68,106,65,65,71,381,1116,482,66,87,54,87,74,85,389,76,207,77,435,85,74,0,842,0,93
2019-09-16,372,0,967,0,92,15,904,65,60,57,434,32,446,77,430,42,124,53,121,65,313,1196,481,82,95,57,66,93,85,499,69,14,68,451,81,63,0,1198,0,88
2019-09-17,475,0,787,0,85,41,875,57,72,59,441,83,464,77,456,62,78,63,50,76,445,1095,542,85,98,53,74,80,87,556,69,0,54,499,82,62,0,779,0,82
2019-09-18,361,0,748,0,86,53,969,61,79,60,438,24,418,67,432,53,76,59,0,71,367,766,495,59,100,44,83,80,86,383,76,230,66,458,81,67,0,590,0,84
2019-09-19,359,0,779,0,88,30,875,75,43,54,362,20,410,72,376,58,62,62,0,96,281,1150,491,72,111,65,69,79,81,351,78,0,57,448,88,69,0,803,0,84
2019-09-20,239,0,631,0,81,4,733,67,60,60,355,2,348,73,340,63,77,67,0,86,303,868,386,81,88,63,90,85,77,348,66,30,58,367,95,57,0,1054,0,78
2019-09-21,327,0,547,0,92,61,793,77,88,56,384,44,361,98,378,52,121,59,0,52,265,819,447,75,80,59,76,80,84,556,67,137,71,419,83,75,0,1117,0,71
2019-09-22,333,0,811,0,82,31,1000,75,78,67,383,42,403,66,373,50,88,58,93,80,288,941,466,60,82,58,81,100,86,507,71,0,78,389,82,77,0,845,0,93
2019-09-23,514,0,816,0,96,34,1038,67,80,57,420,41,427,75,437,60,99,62,169,85,355,1059,506,71,85,71,82,68,78,601,66,90,70,484,78,58,0,1198,0,84
2019-09-24,447,0,930,0,94,48,993,66,74,60,443,34,460,78,454,59,82,62,108,91,357,1199,524,81,79,72,81,80,93,623,74,44,65,494,88,70,0,1394,0,81
2019-09-25,458,0,939,0,82,27,1050,86,56,55,424,11,419,86,430,62,100,55,26,75,390,1343,519,87,110,68,75,76,75,574,68,23,79,484,92,68,0,943,0,76
2019-09-26,517,0,826,0,86,25,815,62,61,63,363,39,390,85,363,63,108,67,228,63,309,768,492,74,101,71,87,89,83,480,60,111,70,416,91,63,0,1062,0,82
2019-09-27,427,0,761,0,80,27,630,61,59,66,366,8,369,81,341,41,70,62,29,82,354,1048,430,66,96,53,76,78,78,341,64,36,62,398,97,67,0,794,0,65
2019-09-28,340,0,813,0,85,36,607,71,56,54,356,2,317,51,356,34,102,63,0,71,278,891,423,75,74,57,52,90,84,385,63,99,81,411,89,67,0,593,0,88
2019-09-29,455,0,881,0,82,53,870,84,65,62,397,38,407,63,403,49,73,55,46,75,316,740,435,106,86,54,76,78,79,503,65,28,68,396,85,68,0,765,0,82
2019-09-30,357,0,872,0,92,26,841,76,54,68,412,0,444,55,434,72,75,62,51,82,338,1020,523,69,97,60,80,74,86,652,68,15,72,502,84,78,0,1027,0,91
2019-10-01,513,0,887,16,80,14,1016,79,81,68,456,0,454,59,447,69,94,58,60,79,381,994,555,89,108,61,94,79,85,359,72,128,68,459,81,58,0,833,0,86
2019-10-02,419,0,688,0,87,0,1073,82,70,65,419,68,434,75,412,55,110,66,0,67,346,820,486,76,102,57,77,89,88,563,67,0,58,499,81,58,63,1096,0,77
2019-10-03,374,0,766,0,84,38,746,79,86,60,392,54,410,75,415,72,97,54,65,75,210,1169,450,77,77,69,70,87,85,531,71,28,59,386,74,66,125,893,0,85
2019-10-04,274,0,805,0,81,53,773,81,45,60,355,27,369,77,363,45,121,65,47,87,290,1129,419,101,92,42,88,71,76,551,64,28,70,393,90,76,0,580,0,90
2019-10-05,321,0,772,23,78,33,688,66,79,58,358,92,329,62,350,65,91,48,14,82,285,930,440,75,79,49,101,83,75,560,68,14,55,436,90,67,0,226,0,86
2019-10-06,365,0,622,9,94,62,827,78,66,69,372,117,402,80,391,42,82,52,95,88,321,938,457,84,83,57,92,83,80,525,69,131,75,422,85,75,83,621,0,92
2019-10-07,478,0,930,1,91,64,970,79,83,65,419,51,462,82,426,55,95,56,104,82,377,1100,543,91,112,60,66,86,83,545,68,25,64,469,79,60,6,903,0,84
2019-10-08,420,0,811,0,82,40,1017,66,73,62,494,84,440,69,435,62,103,70,33,78,444,1404,534,69,89,62,101,85,92,521,61,47,58,507,87,70,0,1019,0,80
2019-10-09,396,0,859,17,81,53,1008,73,66,60,420,62,440,51,412,76,109,54,168,68,371,1060,489,77,91,66,80,65,81,601,57,0,40,437,98,68,0,1127,0,83
2019-10-10,321,0,703,10,84,21,871,72,60,63,401,35,376,65,398,58,80,69,88,84,321,1209,456,84,92,50,99,81,82,524,66,124,80,424,94,77,0,726,0,84
2019-10-11,306,0,760,19,83,27,798,67,70,59,368,96,350,77,366,57,94,56,0,112,237,646,432,77,95,52,104,84,85,350,74,5,75,411,92,60,67,803,0,83
2019-10-12,366,0,650,26,83,50,650,61,70,64,369,33,380,68,368,42,86,64,71,75,401,713,421,84,116,62,94,95,85,408,71,148,53,393,78,66,69,808,0,78
2019-10-13,408,0,844,14,83,31,982,71,79,62,394,81,391,53,372,56,66,63,5,69,266,1290,445,83,88,77,76,77,81,587,62,88,59,452,96,65,27,730,0,82
2019-10-14,462,0,836,22,86,85,1046,84,64,66,419,66,428,68,400,66,94,66,93,63,307,800,513,79,89,64,87,81,76,658,68,117,64,474,72,70,0,1236,0,84
2019-10-15,523,0,916,0,70,6,926,67,46,59,462,90,471,83,444,59,86,58,0,73,428,1525,560,87,106,55,77,88,93,638,74,67,64,457,79,60,54,1086,0,80
2019-10-16,377,0,880,25,87,34,1004,83,60,60,409,8,414,69,423,61,81,59,60,89,335,1134,525,73,82,66,89,82,80,530,71,21,52,481,85,59,39,841,0,87
2019-10-17,302,0,838,1,90,58,1029,75,54,64,394,60,398,75,364,52,76,49,144,81,374,1207,446,71,121,93,88,69,79,462,67,113,67,445,92,70,11,1016,0,85
2019-10-18,325,0,618,23,86,44,774,72,64,65,334,91,373,61,356,61,86,62,0,84,373,1074,407,99,99,62,90,81,74,290,63,273,64,411,89,76,140,848,0,86
2019-10-19,406,0,547,13,99,40,764,69,88,63,355,39,330,74,374,55,114,64,67,75,320,886,423,87,92,77,102,86,77,375,70,170,72,364,77,70,0,910,0,82
2019-10-20,334,0,765,0,91,25,886,77,47,71,399,126,391,82,380,46,77,63,83,95,317,862,484,69,80,50,82,86,76,401,72,0,80,427,86,60,0,950,0,81
2019-10-21,395,0,938,25,80,57,869,74,71,60,446,66,456,76,434,69,89,60,75,105,334,1121,477,81,97,54,82,86,70,487,63,18,62,467,88,78,0,786,0,86
2019-10-22,458,0,840,50,78,29,1043,71,58,61,440,57,421,66,475,32,96,61,81,87,321,1030,566,62,105,72,98,99,78,612,72,57,64,507,89,62,0,1355,0,89
2019-10-23,458,0,777,28,82,47,917,73,86,62,440,39,438,59,430,56,74,58,0,82,375,929,516,82,96,86,67,68,74,468,71,88,59,473,84,64,0,1246,0,90
2019-10-24,330,0,783,53,83,45,724,78,65,65,381,29,391,89,392,74,105,65,121,84,302,1131,470,76,99,57,98,77,82,463,76,32,61,416,76,67,213,938,0,84
2019-10-25,293,0,796,17,85,54,707,78,43,66,356,31,371,67,359,66,83,65,0,74,240,859,398,78,86,52,66,85,87,455,68,86,67,393,83,60,10,892,0,76
2019-10-26,357,0,687,25,81,72,843,71,58,65,351,26,360,50,365,37,77,62,78,72,207,1094,439,66,95,60,80,90,73,467,61,112,62,420,95,70,0,839,0,84
2019-10-27,264,0,837,35,77,56,1047,78,68,60,379,62,417,57,402,85,87,53,175,69,326,1115,431,88,82,77,79,73,81,394,68,0,64,412,90,63,0,653,0,63
2019-10-28,343,0,912,30,94,47,773,89,66,59,433,57,420,79,434,60,74,71,0,56,461,1232,519,80,87,63,91,79,78,612,61,71,74,436,81,68,0,976,0,80
2019-10-29,446,0,817,26,85,0,1100,73,92,60,472,92,460,67,448,64,95,64,204,74,328,1193,527,70,94,64,86,87,75,545,73,154,67,489,90,68,0,852,0,79
2019-10-30,335,0,812,23,87,63,1115,96,69,64,445,8,431,65,421,47,88,63,0,56,309,1369,524,79,90,53,101,84,82,467,71,130,65,493,74,66,45,1190,0,96
2019-10-31,301,0,846,17,89,37,979,77,62,65,379,95,389,79,409,49,100,48,130,73,295,844,475,92,118,74,87,94,87,365,70,117,54,409,81,76,0,1076,0,73
2019-11-01,405,0,765,48,81,44,980,71,66,57,355,17,385,61,336,53,83,62,76,93,299,980,404,82,78,73,96,87,87,421,67,41,81,398,78,62,1,629,0,79
2019-11-02,277,0,522,31,73,76,890,66,58,56,351,80,363,88,390,61,107,59,124,66,338,981,401,73,78,57,90,83,67,449,61,137,62,421,83,62,95,652,0,75
2019-11-03,347,0,872,14,84,52,787,73,76,57,375,85,384,54,379,64,92,54,32,103,422,1011,458,84,93,60,64,72,87,591,69,104,83,409,83,70,83,1016,0,72
2019-11-04,441,0,756,37,84,56,894,64,51,64,418,79,428,74,421,56,81,50,39,72,358,881,511,96,91,58,87,84,80,403,69,4,68,500,76,73,49,483,0,82
2019-11-05,324,0,880,40,78,47,947,66,73,61,475,49,465,73,416,58,73,60,112,89,387,945,535,76,87,72,113,78,77,379,66,46,80,474,83,62,79,1345,0,81
2019-11-06,346,0,826,40,83,28,999,75,75,66,447,109,417,63,422,54,95,59,47,69,328,1045,532,87,98,66,85,70,79,644,66,49,66,461,84,59,38,872,0,70
2019-11-07,267,0,742,48,91,45,684,78,73,55,378,68,378,76,373,51,67,58,44,67,284,815,451,82,96,54,85,79,85,386,64,16,66,471,81,69,97,826,0,80
2019-11-08,304,0,735,25,82,82,670,66,85,64,372,128,364,71,352,60,88,68,203,91,232,674,440,86,101,50,97,83,75,549,64,67,70,381,81,72,12,1119,0,89
2019-11-09,267,0,624,41,80,60,1027,90,61,62,342,19,370,66,328,59,78,56,0,88,292,834,423,64,87,77,92,81,82,361,61,81,76,376,83,60,23,700,0,76
2019-11-10,314,0,682,67,85,39,850,60,64,63,388,22,410,64,408,68,88,63,108,81,335,913,464,74,76,68,102,83,87,508,64,85,61,394,89,73,250,888,0,86
2019-11-11,521,0,828,35,81,43,1074,64,57,63,418,10,424,62,451,47,100,60,33,85,449,981,494,83,85,50,83,85,76,408,59,136,69,487,91,62,0,1188,0,92
2019-11-12,406,0,926,45,89,43,972,72,60,55,446,117,457,73,439,85,66,64,108,98,235,1419,509,69,99,66,78,90,75,427,73,45,62,489,84,59,0,1197,0,88
2019-11-13,432,0,821,39,82,81,941,64,86,58,428,78,432,81,440,51,112,54,43,68,322,1189,523,89,104,39,72,81,83,489,69,148,79,492,90,71,97,962,0,74
2019-11-14,419,0,682,35,78,24,736,72,56,65,405,39,396,78,411,37,102,63,0,62,419,947,457,87,101,46,83,76,85,618,69,57,76,415,87,62,130,718,0,93
2019-11-15,327,0,686,76,86,57,926,72,43,62,337,6,371,80,337,47,97,58,105,62,259,1280,403,87,102,55,85,77,75,413,61,69,66,414,89,72,98,513,0,89
2019-11-16,369,0,763,52,84,49,665,84,92,64,343,48,348,46,402,60,99,66,113,102,274,1015,435,87,121,67,82,92,85,448,65,136,77,388,83,57,85,955,0,67
2019-11-17,235,0,804,48,87,58,979,77,94,61,396,213,390,57,407,65,91,67,164,84,316,628,487,84,98,53,78,80,82,377,66,28,66,410,75,67,0,720,0,75
2019-11-18,431,0,1035,45,84,81,1015,86,96,61,431,35,437,65,445,53,74,54,52,82,408,1152,501,85,91,46,86,76,85,576,64,56,61,469,85,67,94,1276,0,79
2019-11-19,359,0,966,58,86,58,948,70,55,67,460,47,452,75,458,53,95,60,0,96,429,773,525,93,89,73,83,85,90,456,60,30,65,508,83,67,0,1256,0,90
2019-11-20,375,0,709,54,84,62,953,83,55,52,435,0,433,80,417,61,85,72,163,61,395,1222,530,89,93,54,90,83,82,559,73,174,72,427,84,69,0,1190,0,73
2019-11-21,306,0,688,49,91,49,892,73,70,59,380,163,383,85,416,54,66,52,0,74,331,988,449,50,108,68,82,87,88,518,74,44,66,455,90,74,81,630,0,78
2019-11-22,266,0,673,52,87,63,853,63,74,61,357,63,359,72,325,60,94,63,53,78,224,989,384,82,84,62,88,79,81,304,67,74,65,364,84,65,66,770,0,66
2019-11-23,313,0,665,50,89,48,741,70,86,65,359,52,387,61,373,55,97,57,16,72,295,922,439,88,100,87,79,95,80,501,64,61,71,416,83,55,114,1289,0,76
2019-11-24,357,0,689,25,94,37,932,86,57,59,399,83,373,70,369,46,74,62,228,68,342,978,470,78,84,73,83,72,82,494,70,146,61,442,78,74,81,1130,0,80
2019-11-25,433,0,942,57,80,59,828,73,68,65,453,0,440,73,436,64,72,66,142,56,301,1277,538,88,96,55,82,80,78,596,66,0,75,438,89,61,31,785,0,79
2019-11-26,323,0,926,41,79,77,1074,79,75,59,459,46,449,84,465,62,84,53,54,97,437,798,528,86,86,32,103,84,77,513,68,133,63,497,87,69,135,1355,0,74
2019-11-27,405,0,846,74,83,27,993,81,56,64,426,144,435,85,450,57,66,64,40,93,371,795,517,98,90,44,93,83,75,448,68,5,75,499,88,61,57,1385,0,74
2019-11-28,382,0,786,59,86,79,890,65,75,67,394,2,397,65,395,47,94,64,114,107,350,932,464,78,105,60,105,74,82,497,60,133,76,400,77,69,0,1431,0,85
2019-11-29,331,0,676,55,86,54,869,51,48,66,367,30,345,48,350,65,90,59,5,75,325,743,420,61,121,66,87,90,74,516,68,187,57,413,88,64,0,662,0,78
2019-11-30,455,0,630,47,88,67,898,94,70,63,357,66,353,76,362,66,100,57,108,85,257,837,423,84,102,73,95,97,79,437,65,131,57,418,78,72,35,959,0,73
2019-12-01,390,0,680,61,86,44,806,59,62,63,409,81,406,59,374,50,99,68,199,82,335,996,449,82,88,71,93,77,80,473,70,26,63,420,84,67,211,1014,0,79
2019-12-02,350,0,759,77,91,57,1038,65,88,71,450,87,428,62,424,81,97,57,6,69,362,1217,557,78,80,52,91,71,85,437,72,142,54,475,91,59,107,1048,0,86
2019-12-03,362,0,740,53,84,98,918,71,57,56,447,129,466,83,465,68,107,68,61,83,442,1094,536,74,85,46,82,90,80,522,65,119,72,450,87,72,187,1263,0,80
2019-12-04,429,0,935,40,86,38,931,81,71,51,427,0,437,61,443,36,76,63,49,66,291,1156,528,76,86,57,88,78,82,637,73,26,72,478,76,66,116,887,0,84
2019-12-05,426,0,819,74,76,26,954,76,81,67,400,57,388,72,406,56,83,52,0,61,359,838,426,88,89,49,80,83,79,477,67,18,60,445,93,82,0,955,0,83
2019-12-06,292,0,692,67,87,88,797,70,56,58,363,55,342,50,340,65,88,59,110,68,258,709,399,68,100,67,76,85,79,460,60,109,69,376,80,78,154,542,0,85
2019-12-07,408,0,653,75,90,87,811,74,94,55,350,25,361,60,365,49,121,69,173,79,315,712,400,63,95,73,82,77,90,360,68,51,76,391,87,68,0,1111,0,82
2019-12-08,454,0,779,77,84,45,832,80,67,67,366,0,400,72,377,66,102,58,125,64,276,1010,473,69,79,59,59,84,88,348,66,121,57,438,79,65,4,881,0,88
2019-12-09,373,0,943,79,80,34,997,85,69,68,411,82,439,72,439,44,95,58,41,98,396,1181,502,85,106,44,85,91,81,475,69,0,58,455,89,66,115,1004,0,100
2019-12-10,412,0,762,60,85,68,805,81,53,58,424,83,450,70,446,59,97,73,108,84,400,1181,507,72,106,68,72,84,81,434,65,58,72,511,80,66,27,1087,0,78
2019-12-11,325,0,777,72,87,61,953,71,55,57,420,33,441,75,429,52,98,53,31,77,451,1103,503,82,96,70,92,70,80,563,63,89,58,477,93,68,131,892,0,86
2019-12-12,210,0,731,68,88,75,709,78,80,53,379,84,377,65,414,56,101,60,111,83,310,1229,463,83,107,66,97,90,84,476,65,38,55,385,89,68,69,897,0,87
2019-12-13,348,0,683,71,81,68,883,79,88,56,368,160,340,64,335,51,98,59,99,68,319,961,462,103,95,64,69,84,82,539,70,123,57,385,77,74,197,1079,0,82
2019-12-14,310,0,727,79,89,88,946,87,75,55,337,0,362,69,372,59,79,56,0,69,291,1180,424,83,80,90,85,86,78,368,73,74,56,405,78,63,80,791,0,93
2019-12-15,368,0,816,74,93,74,892,96,106,74,392,67,379,71,394,56,76,69,128,92,259,880,449,83,93,89,89,79,73,465,67,88,67,442,90,76,16,922,0,72
2019-12-16,379,0,952,82,84,40,1046,88,58,63,441,99,453,65,438,55,106,56,68,58,313,967,474,80,70,62,97,81,93,450,57,108,63,476,82,67,0,486,0,94
2019-12-17,353,0,947,80,87,42,1080,79,73,66,437,105,434,77,474,64,95,66,54,78,353,949,519,80,77,61,73,90,79,570,64,54,79,510,86,69,124,1193,0,82
2019-12-18,542,0,758,74,91,79,1039,67,66,54,414,0,447,100,414,43,83,59,139,84,226,1076,495,98,85,79,97,76,81,584,65,136,64,449,90,72,55,1045,0,82
2019-12-19,197,0,809,78,95,62,887,77,67,51,390,56,370,66,410,81,77,62,100,84,380,995,469,92,87,56,76,73,86,512,66,175,63,481,73,62,0,862,0,86
2019-12-20,325,0,606,71,87,76,787,83,78,57,339,48,370,65,340,51,71,58,94,89,231,1112,430,82,82,68,90,88,78,372,67,29,62,364,89,65,180,848,0,85
2019-12-21,265,0,658,84,85,94,925,84,69,66,350,83,367,84,382,56,79,61,180,80,285,868,440,93,93,66,93,92,80,296,75,13,70,342,84,58,16,759,0,82
2019-12-22,453,0,931,77,83,71,900,60,63,56,393,85,378,75,386,60,108,52,0,67,315,1347,452,93,94,70,75,88,84,404,65,189,72,449,88,67,177,777,0,87
2019-12-23,472,0,844,88,84,48,1016,73,75,54,445,102,436,67,425,62,115,58,115,78,509,682,507,77,108,76,77,79,83,537,68,124,69,477,88,70,51,1139,0,88
2019-12-24,342,0,797,77,82,68,976,71,64,64,455,122,467,78,440,63,112,61,125,79,409,956,532,70,70,37,76,87,81,316,67,107,57,496,86,62,58,1374,0,97
2019-12-25,372,0,899,82,76,78,818,68,70,63,437,100,430,69,432,74,75,72,208,63,284,1230,509,87,89,69,92,76,71,456,68,18,68,500,85,56,0,1110,0,89
2019-12-26,331,0,769,89,81,42,923,65,67,63,386,50,417,85,405,53,104,65,185,57,411,673,429,95,70,59,99,79,80,455,73,72,50,401,77,65,160,742,0,81
2019-12-27,345,0,838,126,85,84,819,76,70,64,393,68,340,82,365,51,84,57,0,71,227,811,435,77,105,77,84,88,71,450,63,105,54,421,77,66,126,830,0,82
2019-12-28,364,0,686,84,87,55,677,72,40,64,364,68,343,70,358,52,95,67,101,84,298,1115,432,94,115,58,70,87,78,489,62,114,62,385,82,69,25,1101,0,80
2019-12-29,303,0,803,70,84,80,978,80,80,66,393,60,389,66,346,57,79,60,53,88,307,978,473,75,72,67,96,81,91,455,62,27,74,410,85,65,0,812,0,74
2019-12-30,435,0,792,71,92,95,1030,60,66,73,451,45,434,67,418,54,112,72,22,73,331,1196,517,81,90,74,82,78,92,658,67,105,70,459,78,67,61,1076,0,81
2019-12-31,403,0,875,91,86,46,970,88,90,69,437,131,451,82,435,57,85,56,226,75,482,797,505,77,70,44,107,81,77,567,75,38,67,501,100,78,165,1054,0,75
