Date,AK,AL,AR,AZ,CA,CO,CT,DC,DE,FL,GA,HI,IA,ID,IL,IN,KS,KY,LA,MA,MD,ME,MI,MN,MO,MS,MT,NC,ND,NE,NH,NJ,NM,NV,NY,OH,OK,OR,PA,RI,SC,SD,TN,TX,UT,VA,VT,WA,WI,WV,WY
1999-01-01,131.87,136.75,133.87,140.71,100.46,179.98,101.08,108.03,107.92,123.2,135.63,84.3,146.54,146.19,130.74,135.2,144.5,139.85,148.82,123.93,109.28,112.11,155.17,141.7,136.86,135.37,166.82,136.5,134.84,153.91,114.92,111.64,143.76,121.02,108.57,138.56,133.99,173.55,111.57,98.73,133.2,150.07,139.96,127.39,187.69,117.24,107.04,141.66,150.45,134.13,156.09
1999-04-01,134.04,138.35,135.43,143.14,103.68,186.48,104.51,110.67,109.64,125.39,138.23,82.47,150.46,149.1,133.57,136.92,146.66,142.09,151.24,129.8,111.52,116.08,159.19,147.83,139.4,137.51,170.75,138.83,136.2,156.09,120.82,115.24,144.21,121.79,112.77,141.25,135.99,176.81,113.78,100.37,136.65,151.63,141.24,130.53,190.48,118.82,112.08,145.41,154.69,136.5,158.16
1999-07-01,134.73,138.98,136.34,145.48,106.01,192.41,106.95,117.77,111.97,127.08,141.15,82.89,151.7,149.74,135.98,138.89,148.15,144.15,153.03,134.44,112.65,118.5,161.86,151.89,141.4,138.67,174.03,139.98,137.81,157.6,122.96,118.68,145.02,123.67,116.15,142.86,138.52,177.66,115.17,104.69,138.29,153.07,142.56,132.47,190.23,120.49,115.89,146.73,156.68,136.82,161.93
1999-10-01,131.07,139.87,136.89,146.9,108.15,194.65,107.98,117.35,112.55,128.9,142.93,85.62,152.59,150.18,136.82,138.57,147.54,144.92,152.57,136.39,114.13,120.56,162.93,153.51,141.82,137.6,173.16,141.19,135.7,156.74,125.18,119.27,146.02,124.32,117.6,143.08,138.85,177.01,115.4,106.38,138.94,152.96,143.79,134.23,190.89,121.75,114.98,147.95,157.58,136.06,161.54
2000-01-01,133.19,141.5,137.19,149.3,111.55,200.48,109.78,126.23,114.27,131.52,144.81,89.64,153.83,151.04,138.14,140.82,150.22,146.86,154.47,139.84,115.14,120.62,165.72,157.81,143.48,138.57,174.62,141.62,139.38,158.1,129.25,121.98,144.89,124.6,119.03,144.09,139.78,179.75,116.44,106.4,140.49,154.97,144.42,136.5,192.03,123.7,117.36,150.33,160.03,136.52,162.15
2000-04-01,136.63,142.72,140.01,151.84,115.94,207.42,114.48,129.32,116.21,134.01,148.13,89.51,156.57,152.82,141.82,142.1,152.63,148.56,157.34,147.8,119.34,127,170.34,164.27,147.53,141.69,177.4,144.05,139.31,160.87,135.47,126.35,146.4,126.99,122.68,147.09,142.22,181.16,119.3,113.05,143.78,159.18,146.46,139.66,194.12,127.54,120.91,152.42,163.48,139.07,166.96
2000-07-01,138.28,143.02,140.34,153.15,119.66,213.36,116.45,133.29,119.06,136.92,150.05,89.86,158.45,152.63,144.75,143.39,154.47,149.64,158.06,153.19,121.71,129.65,172.94,169.17,148.69,143.03,180.65,145.95,141.54,162.42,140.05,130.16,146.92,127.36,126.93,148.32,143.4,182.62,120.45,117.46,144.53,161.5,146.77,142.12,195.15,129.84,125.09,153.94,166.17,138.52,166.3
2000-10-01,136.82,143.18,141.18,155.53,123.56,217.02,117.78,132.31,121.39,139.95,152.1,92.5,157.92,154.35,145.69,142.66,154.12,150.41,157.3,156.86,122.54,132.2,173.27,171.62,150.54,142.1,180.06,146.23,138.06,161.92,145.78,132.69,145.27,128.99,129.28,148.48,144.76,183.87,121.19,120.12,144.92,159.4,147.22,143.3,194.26,131.04,127.03,154.77,166.71,137.22,169.57
2001-01-01,140,144.66,142.72,157.76,127.78,223.92,119.69,140.44,123.68,143.3,153.75,95.44,159.49,155.64,147.75,144.08,155.66,151.04,159.23,161.7,125.27,135.41,175.18,176.06,151.37,142.56,185.88,147.72,143.03,162.32,147.88,135.65,148.4,131.38,130.62,149.37,145.07,186.27,122.75,121.57,146.5,162.13,148.23,144.81,196.34,134.65,126.96,157.44,168.49,140.04,168.69
2001-04-01,144.86,146.45,143.86,160.98,132.33,229.08,124.6,147.8,125.82,147.46,156.37,98.36,162.11,158.75,151.86,145.7,159.47,153.59,161.63,169.39,130.31,139.61,178.82,183.33,156.05,144.75,187.71,149.27,143.25,165.63,155.13,140.3,150.25,134.61,135.2,152.6,148.1,190.08,126.37,128.09,148.36,165.34,149.46,147.66,198.28,139.03,134.84,159.91,172.53,139.36,173.21
2001-07-01,146.93,147.14,145.88,162.84,135.24,230.73,128.87,156.38,128.52,151.79,158.15,99.99,163.4,160.01,154.62,146.3,160.81,154.67,163.73,175.74,134.2,145.13,181.43,188.62,157.97,146.41,188.27,150.18,143.39,167.36,161.44,146.46,151.46,136.91,139.9,153.33,149.34,192.46,128.64,133.93,149.86,167.22,150.02,148.85,197.7,142.12,136.12,161.95,175.13,141.38,176.83
2001-10-01,148.6,147.63,146.15,165.78,137.82,230.23,130.05,159.2,131.38,155.51,159.41,101.03,164.19,158.61,155.38,147.45,162.17,155.97,165.08,177.81,136.83,145.93,181.36,189.27,158.85,146.79,191.59,149.8,147.22,166.32,163.23,148.83,150.93,138.78,142.73,153.68,149.71,192.85,129.52,138.41,149.65,168.24,151.57,148.96,197.84,143.08,138.26,162.23,176.27,141.85,179.96
2002-01-01,148.79,148.86,147.19,166.53,142.12,234.14,131.65,166.78,133.05,159.14,161.42,102.11,164.21,159.22,157.25,147.78,162.56,155.99,164.8,181.45,139.88,150.62,182.76,192.79,159.98,147.37,194.35,151.61,146.79,168.25,165.13,152.18,152.63,140.9,145.43,154.92,151.09,195.27,131.39,142.66,152.32,167.61,152.37,149.8,198.89,146.05,139.76,165.02,177.17,144.68,184
2002-04-01,153.51,150.66,150.11,170.23,149.6,237.27,138.33,178.66,137.49,164.48,162.5,108.1,167.6,163.12,161.75,149.27,165.52,159.05,168.61,191.05,146.73,156.68,186.4,200.51,163.37,147.52,197.71,153.09,150.46,170.81,174.3,160.31,156.78,143.72,150.77,157.46,152.79,199.86,135.61,151.45,153.05,173.24,153.58,152.74,200.14,151.88,144.01,168.32,181.43,146.92,188.83
2002-07-01,158.07,151.7,151.47,172.68,156.82,239.6,143.1,184.58,142.67,169.24,164.84,111.64,169.72,164.86,164.75,150.33,166.84,159.37,170.54,199.72,153.05,162,188.08,205.8,165.37,150.26,202.82,154.7,153.84,173.13,182.07,167.77,158.96,147.82,156.76,158.93,154.05,203.4,138.83,160.38,154.42,172.77,155.6,153.5,200.9,155.08,148.79,169.46,185.6,146.84,191.75
2002-10-01,156.92,153.6,152.56,176.38,161.53,239.54,146.03,190.71,144.83,173.94,166.68,113.29,170.6,164.54,166.39,149.79,167.21,161.63,171.79,202.77,157.18,164.24,188.51,207.16,166.91,151.78,205.25,155.11,156.65,173.41,184.37,172.33,161.09,150.68,159.48,159.5,155.87,204.5,141.3,165.79,155.76,173.83,155.43,153.82,202.96,157.15,149.14,171.67,186.64,148.89,193.94
2003-01-01,160.07,154.51,154.45,179.44,167.2,240.58,147.95,187.02,147.44,179.22,168.05,117.55,171.35,167.19,167.98,151.14,168.83,162.28,174.71,205,158.88,168.33,189.27,211.13,168.9,152.65,206.78,156.65,157.36,175.23,187.53,174.73,162.39,154.12,164.51,159.97,155.67,207.77,143.21,169.72,155.54,174.7,157.51,154.29,202.17,160.84,149.59,173.77,188.37,150.49,193.34
2003-04-01,164.92,156.81,157.15,183.43,174.8,243.58,153.25,206.97,151.67,184.97,169.33,119.65,174.14,170.33,173.27,153.33,171.32,165.68,176.4,212.83,167.97,173.06,192.09,217.5,171.89,153.86,216.44,158.16,159.99,177.96,194.96,183.7,165.92,158.82,167.99,163.81,159.19,213.89,147.9,179.33,158.4,179.26,159.95,156.32,206.16,167.25,154.63,177.68,192.93,154.57,202.34
2003-07-01,167.43,159.9,160.52,187.19,182.55,244.94,158.13,217.68,155.74,191.23,171.25,129.46,176.2,174.6,176.36,154.92,174.01,167.88,179.84,218.23,175.55,177.45,194.85,221.81,175.15,155.16,221.81,159.31,163.1,180.41,199.35,190.14,169.29,166.8,174.25,164.79,160.69,217.58,152.23,185.99,160.01,183.71,161.47,157.16,207.74,171.92,161.13,181.36,196.72,154.66,208.27
2003-10-01,170.63,159.39,161.31,192.67,191.36,244.48,159.72,217.49,160.23,197.98,171.57,137.19,176.36,174.26,178.43,154.98,174,168.5,181.56,223.18,179.78,184.58,194.59,224.46,176.46,155.01,223.65,159.97,164.53,179.73,203.43,194.73,171.53,175.64,178.99,165.03,161.53,221.08,152.99,192.64,160.51,183.6,163.15,157.17,207.48,176.13,163.96,184.2,198.89,155.18,208.66
2004-01-01,175.06,160.54,164.46,198.48,200.7,246.28,161.78,238.29,165.18,205.37,172.42,141.73,177.33,177.01,179.89,154.98,175.69,171.3,183.93,226.37,186.62,184.23,195,227.26,178.85,157.05,225.5,161.74,165.56,181.88,207.17,199.55,174.16,187.32,182.25,165.47,162.1,225.5,156.38,199.25,163.65,184.87,164.14,158.16,210.85,181.11,166.74,189.45,201.4,159.76,215.64
2004-04-01,178.98,163.95,167.86,206.49,215.39,253.74,170.48,250.21,169.89,216.46,175.45,152.57,181.79,185.91,185.38,159.11,180.41,173.14,188.48,234.68,198.01,194.03,198.88,233.61,182.43,160.16,237.43,165.79,171.05,183.77,214.3,209.68,179.55,206.78,188.28,169.39,166.42,233.53,163.2,207.86,165.55,189.01,167.83,161.07,215.86,189.47,179.88,196.96,206.26,162.46,220.88
2004-07-01,185.67,167.86,170.66,217.05,230.56,255.81,177.13,255.33,180.56,228.59,177.94,165.62,183.56,192.64,188.88,160.61,180.34,174.96,191.34,241.46,208.67,199.71,200.4,238.57,184.96,162.27,243.69,166.96,175.34,189.05,217.57,217.8,183.62,223.16,193.06,170.48,165.42,243.13,168.23,219.53,169.59,194.16,170.64,162.36,220.18,197.32,183.68,202.27,211.3,166.97,226.97
2004-10-01,187.89,168.9,172.95,228.1,239.86,254.73,178.32,275.04,184.26,239.54,179.44,168.39,185.34,193.72,189.8,159.82,180.88,176.68,192.69,243.27,214.96,201.98,200.14,238.86,186.39,162.19,246.34,169.33,176.86,188.15,222.83,223.6,186,231.33,198.31,170.12,168.27,248.78,171.76,220.7,170.97,192.74,171.46,162.85,224.12,203.14,188.49,207.72,212.49,169.38,229.27
2005-01-01,192.28,171.79,175.1,244.01,251.43,258.4,181.27,280.86,189.09,254.22,180.95,179.24,184.4,201.24,191.91,160.44,182.2,177.15,195.46,246.3,224.64,207.55,199.51,240.86,187.74,165.71,251.91,172.67,178.89,189.19,226.25,229.18,192.23,240.87,200.78,170.4,168.87,255.98,173.66,228.57,173.27,195.94,175.11,164.57,228.23,210.68,192.18,213.94,212.19,170.19,235.54
2005-04-01,199.97,175.73,178.56,269.3,267.24,264.75,189.15,314.99,196.9,272.39,185.56,193.3,190.51,209.66,198.05,163.55,187.15,181.04,200.24,253.57,240.27,213.58,203.05,247.56,193.3,168.51,265.45,175.98,184.42,190.97,233.23,240.25,200.29,256.91,205,174.77,173.96,270.43,180.87,233.17,177.21,202.23,178.9,168.57,236.63,220.94,200.06,226.2,219.46,176.54,243.05
2005-07-01,206.64,179.54,182.48,290.81,280.67,267.62,193.44,330.65,203.03,290.38,188.67,204.33,190.58,220.49,201.83,164.86,187.9,183.24,203.8,255.33,251.24,217.96,203.48,251.48,196.57,172.98,270.33,179.47,187.99,194.55,237.09,249.39,208.16,261.99,212.67,175.1,176.97,286.83,187.68,237.59,180.8,202.54,181.95,170.96,247.17,228.88,206.2,237.32,222.61,179.97,253.51
2005-10-01,207.96,183.03,185.47,302.23,283.91,270.09,193.58,323.22,208.37,301.03,191.48,202.89,191.22,228.53,203.46,165.22,188.04,183.71,213.64,251.84,255.07,218.27,200.16,251.76,197.05,177.97,276.26,182.74,190.99,193.48,236.44,252.44,214.69,270.06,213.91,174.29,178,296.26,189.29,236.69,185.98,207.13,185.12,172.57,256.39,233.78,207.53,242.85,222.37,180.1,258.61
2006-01-01,211.25,187.3,186.94,314.06,285.73,270.09,194.92,318.06,214.75,307.81,192.75,215.18,192.62,235.95,205.01,164.56,191.23,186.27,219.13,249.94,259.4,217.83,196.5,251.04,199.44,179.92,285.53,186.44,189.17,193.04,234.86,254.18,220.53,274.58,214.8,173.72,180.02,304.59,192.02,234.81,187.88,206.53,188.88,175.19,264.74,239.2,204.98,250.87,223.31,182.61,267.58
2006-04-01,219.14,192.57,190.47,320.69,287.15,275.96,199.42,325.02,214.93,312.44,196.6,212.24,196.41,249.87,210.35,168.18,194.28,188.38,224.36,249.05,267.6,218.84,198.85,254.23,202.44,186.14,294.35,190.12,198.63,198.59,238.01,259.94,229.49,274.28,218.16,177.32,185.04,319.31,195.58,238.63,192.21,212.18,193.62,179.04,277.24,244.95,214.77,262.14,226.91,185.35,274.34
2006-07-01,220.67,195.56,192.08,316.66,282.62,275.75,197.09,336.82,219.23,312.47,198.02,211.15,197.68,252.98,210.99,169.18,195.86,189.54,228.94,246.02,266.65,219.18,196.59,253.09,204.74,188.32,301.58,193.21,200.42,199.68,234.49,258.49,234.75,272.46,217.78,176.64,185.88,327.56,198.2,235.76,193.49,214.02,195.28,181.69,289.06,245.13,215.12,268.03,227.97,187.83,282.86
2006-10-01,219.82,196.6,192.99,318.43,274.15,275.98,194.02,335.86,221.37,310.57,199.48,212,196.19,257.73,209.69,167.33,195.77,188.49,231.01,240.63,265.66,217.45,191.58,249.15,202.49,191.59,303.85,196.54,199.82,196.9,228.54,254.79,238.26,267.09,217,173.54,186.03,326.3,197.46,234.04,197.41,214.13,197.01,183.52,299.67,246.36,217.81,270.41,225.41,184.45,291.49
2007-01-01,221.04,198.3,192.04,317.22,271.7,274.03,195.78,333.31,217.92,307.43,199.11,216.09,196.96,258.94,211.52,167.65,196.66,189.24,233.53,238.41,269.28,217.2,187.99,250,203.79,194.44,307.38,198.44,201.98,196.63,229.83,255.33,240.56,264.72,215.37,172.32,189.74,332.42,198.37,225.03,198.3,215.71,198.8,185.75,307.9,248.28,212.8,276.78,224.95,190.32,295.24
2007-04-01,229.56,202.86,195.62,315.85,268.99,280.08,198.32,343.66,219.5,305.06,203.31,214.32,199.88,266.62,212.56,170.72,200.9,192.96,236.69,241.33,271.47,219.56,188.42,251.55,206.22,194.99,316.42,201.18,206.63,201.73,232.83,257.34,243.66,261.98,219.41,175.17,191.66,340,202.74,227.41,202.21,218.22,203.8,189.65,320.19,251.54,218.54,281.55,228.97,191.32,304.05
2007-07-01,226.86,202.78,195.63,308.77,255.27,277.77,198.63,346.13,221.68,291,201.02,212.87,201.9,264.4,210.92,170.97,200.94,192.55,238.35,237.37,267.33,218.57,182.17,247.86,207.15,193.55,317.25,202.49,209.21,200.58,227.72,253.58,243.48,252.81,219.35,173.67,195.67,337.85,201.9,224.07,202.18,220.4,203.56,190.79,323.07,248,219.46,282.77,227.72,194.15,310.26
2007-10-01,222.49,200.7,193.94,288.7,234.39,270.37,192.72,332.92,215.18,277.41,196.59,205.09,198.44,260.56,207.36,165.5,199.31,190.44,235.49,231.69,260.45,219.07,173.99,239.29,200.18,194.05,318.29,200.64,205.84,196.19,220.7,249.56,239.79,235.19,217.27,168.6,194.55,329.65,199.51,221.63,199.99,220.04,201.02,190.08,316.24,238.33,215.76,277.15,223.24,192.12,302.2
2008-01-01,217.37,198.71,189.68,276.38,212.75,265.28,188.06,329.2,213.83,256.85,191.99,206.72,196.94,258.34,201.12,164.12,196.01,187.87,234.08,229.32,249.24,214.26,167.32,232.87,195.9,189.68,317.12,199.58,208.17,192.27,216.65,243.64,240.13,217.66,214.49,163.69,191.72,321.26,197.29,210.66,200.89,221.49,198.53,188.76,311.6,234.8,215.96,270.99,221.16,189.78,304.25
2008-04-01,226.81,199.09,189.76,263.31,195.65,270.55,189.32,321.25,208.3,237.57,190.87,205.49,198.59,254.16,201.15,163.96,198.89,191.14,234.75,224.44,240.45,213.83,164.95,230.78,198.71,192.57,315.29,202.77,212.09,194.39,215.83,239.44,237.32,200.27,214.45,166.07,195.7,321.83,197.19,209.28,199.71,222.86,199.33,191.17,308.61,229.76,213.28,270.29,221.72,193.41,304.09
2008-07-01,223.91,196.52,189.45,244.02,183.46,265.16,185.48,328.14,203.74,219.21,186.97,197.36,198.19,248.09,196.68,164.5,196.11,191.12,232.07,220.61,234.86,213.55,159.68,227.25,196.03,186.28,314.93,197.78,213.13,193.44,210.29,234.87,234.87,184.78,214.47,163.65,194.84,314.51,195.77,200,196.82,223.96,196.25,191.54,300.66,224.22,210.91,263.59,219.12,190.33,305.24
2008-10-01,225.03,191.22,184.92,224.49,171.25,256.18,179.67,316.32,197.14,204.11,174.28,198.45,196.49,236.53,190.6,158.08,195.37,186.28,228.96,217.75,220.4,205.08,152.29,217.3,189.67,186.47,301.93,192.26,211.02,190.82,202.93,228.52,230.47,161.82,208.25,156.77,188.07,299.89,190.32,196.18,189.41,220.36,191.54,187.41,286.3,211.87,211.7,249.93,214.05,189.33,301.13
2009-01-01,223.57,191.65,184.3,214.94,163.36,259.45,176.15,300.11,201.2,194.16,175.47,193.28,192.48,236.45,183.61,157.77,193.86,184.94,229,219.5,221.44,209.26,155.88,216.7,190.06,177.24,306.97,195.91,208.78,188.36,206.4,226.07,222.78,150.55,206.06,153.81,190.16,293.34,187.38,196.94,193.12,220.38,189.72,186.76,277.09,212.12,209.06,247.98,215.55,183.03,287.45
2009-04-01,218.74,193.19,184.53,203.6,163.66,266.5,177.07,310.74,204.11,190.43,173.69,180.85,195.69,236.14,184.75,160.54,195.3,188.14,231.14,218.02,220.54,209.15,154.53,218.45,192.2,182.98,302.82,195.42,216.76,195.12,206,222.63,224.66,143.74,205.77,159.28,196.09,287.7,189.75,190.04,191.52,222.87,191.18,189.9,271.37,216.66,212.61,243.16,214.68,190.36,295.54
2009-07-01,218.35,188.85,184.81,201.59,167.28,266.18,175.78,315.35,192.51,187.76,176.73,183.9,198.63,227.18,185.95,159.49,195.51,188.69,228.9,216.76,219.25,204.49,150.27,215.34,191.22,183.62,303.55,192.39,216.07,195.64,199.43,221.84,222.71,136.35,206.23,159.55,195.92,283.82,189.43,191.89,191.56,221.41,189.87,189.27,269.45,216.15,211.45,238.42,211.92,187.5,293.35
2009-10-01,215.96,192.13,188.06,195.29,168,261.73,172,321.96,189.71,185.47,168.21,177.3,195.12,217.75,180.66,158.4,195.96,185.88,228.16,216.22,211.94,203.69,147.72,213.48,187.84,177.71,299.61,188.43,214.99,193.37,200.56,218.37,222.02,134.51,205.09,156.67,192.65,277.09,188.82,189.24,186.39,222.37,187.98,188.57,264.52,215.44,204.81,235.07,208.58,185.09,283.6
2010-01-01,213.11,183.53,177.78,190.53,165.87,260.85,167.79,321.16,190.26,182.96,162.48,178.08,192.73,207.12,176.31,155.25,188.49,184.04,227.18,214.32,210.83,200.67,141.89,205.93,183.3,172.19,298.09,183.78,220.01,188.43,191.79,217.94,220.47,131.86,203.59,154.37,190.18,267.46,187.95,181.65,183.87,220.76,183.34,187.78,255.33,209.52,208.31,232.18,203.38,183.66,280.92
2010-04-01,222.78,183.2,183.53,188.3,167.75,264.12,172.35,311.71,186.09,181.42,167.58,177.62,197.77,208.4,179.81,159.52,196.02,186.61,229.83,216.56,214.65,197.94,147.02,212.78,189.39,177.23,295.17,185.99,217.94,195.96,197.24,217.4,214.21,132.61,204.96,156.79,195.4,275.19,188.65,184.63,183.23,220.39,187.47,191.68,259.85,215.95,204.33,233.61,206.78,187.44,286.29
2010-07-01,225.55,182.89,178.19,181.23,165.03,258.28,169.66,330.95,184.63,177.72,160.56,173.46,193.24,201.1,177.37,159.18,191.46,187.17,229.8,214.79,208.39,201.94,145.89,209.62,186.03,178.23,293.28,181.51,217.19,192.2,199.31,216.81,212.26,130.24,204.37,153.79,194.02,263.15,186.11,185.69,179.81,219.62,183.02,189.98,254.33,210.67,203.33,228.97,206.07,189.96,281.73
2010-10-01,220.18,175.57,174.99,171.5,160.15,256.31,165.71,319.62,187.64,173.21,152.14,174.42,194.14,189.11,172.45,156.14,189.84,185.73,225.53,213.6,206.7,200.19,144.12,205.73,176.8,172.48,282.37,181.78,223.56,187.04,193.92,213.14,209.53,124.79,203.3,150.35,191.96,252.65,184.55,183.01,179.17,215.01,180.8,184.28,249.3,205.33,200.82,219.77,204.25,186.95,276.8
2011-01-01,222.51,170.57,178.17,166.76,154.66,248.95,161.88,309.09,181.4,165.2,149.72,158.72,187.16,178.81,165.79,152.32,182.47,180.73,220.19,207.73,199.16,194.65,136.73,192.26,173.93,168.24,276.99,171.84,221.58,187.06,184.9,205.64,203.16,118.72,197.88,144.34,183.15,243.57,180.7,177.15,169.36,216.19,176.25,183.25,236.7,201.04,203.03,211.92,193.77,182.95,280.37
2011-04-01,225.41,172.69,174.44,163.05,154.15,253.31,167.34,332.85,172.9,167.45,148.82,168.15,192.83,181.44,167.08,157.2,186.5,182.76,224.42,211.58,201.93,194.3,139.74,196.54,176.7,174.05,287.7,175.5,226.23,190.01,188.63,205.79,201.36,116.01,199.72,149.03,193.06,243.39,184.37,176.02,170.41,217.45,178.91,187.86,239.55,206.39,200.47,210.47,197.06,181.46,285.36
2011-07-01,228.17,174.93,176.21,164.08,154.21,255.62,164.2,329.75,170.63,170.32,149.64,172.57,194.41,186.91,169.3,157.86,187.85,184.17,224.56,210.87,202.36,197.99,143.12,199.42,179.33,173.45,285.29,175.2,229.59,191.4,189.6,205.96,202.63,115.85,200.31,150.57,189.12,248.13,183.51,173.27,172.68,220.07,181.73,186.81,242.48,206.48,200.64,208.4,198.32,185.92,286.46
2011-10-01,223.46,171.49,178.09,166.93,152.76,250.39,160.79,339.42,176.24,169.78,148.1,163.71,192.52,183.03,162.28,157.21,186.39,181.03,223.75,207.85,198.53,198.46,141.78,198.13,175.5,174.76,287.28,175.39,232.66,189.92,189.5,200.79,200.08,111.57,196.21,147.34,191.14,244.16,179.04,173.15,173.66,221.63,178.97,186.23,238.84,201.52,206.45,202.89,195.57,185.51,276.43
2012-01-01,215.06,173.31,178.29,172.32,153.25,250.02,156.75,339.05,169.45,172.21,145.7,170.25,193.46,184.07,160.01,153.78,184.33,182.04,221.85,205.09,195.78,192.38,138.66,192.77,175.86,170.2,288.11,171.48,235.09,190.68,181.84,196.76,198.73,111.74,195.65,145.36,188.2,239.85,178.85,172.17,168.03,216.97,176.39,187.78,243.21,201.96,205.32,202.18,192.59,191.06,280.57
2012-04-01,227.28,179.33,183.71,184.77,160.4,267.39,161.75,345.73,173.41,178.53,153.83,177.78,197.01,199.53,166.33,159.32,190.18,186.85,227.83,210.38,208.13,194.38,148.1,203.35,181.01,174.94,291.66,175.89,243.63,196.6,188.54,201.87,204.45,121.41,198.56,152.9,194.05,251.16,183.8,174.2,176.45,223.12,183.82,193.89,255.47,210.41,201.32,211.9,197.22,188.19,290.73
2012-07-01,230.11,176.51,182.48,195.01,164.57,271.97,162.76,368.03,176.68,182.8,157.6,177.94,198.97,204,168.15,159.07,194.3,186.32,230.6,212.99,207.07,193.72,151.8,208.57,182.42,177.67,294.62,176.96,249.28,196.71,188.59,202.97,205.28,128.3,200,154.27,197.72,262.15,184.24,171.77,176.06,227.29,183.97,196.21,258.81,211,206.33,215.74,199.73,189.67,296.93
2012-10-01,227.03,177.28,180.92,197.85,169.99,272.36,159.66,366.2,176.79,184.5,158.03,181.06,198.13,201.99,163.5,159.18,191.21,185.63,229.68,212.23,207.37,197.53,151.24,207.97,180.04,175.05,303.73,175.13,254.46,198.9,188.44,200.52,201.87,131.71,198.34,150.96,196.25,258.48,183.16,173.3,173.61,226.08,184.96,197.39,262.91,210.47,199.72,218.45,196.08,195.7,294.28
2013-01-01,226.24,177.59,187.11,204.98,177.59,275.39,157.46,381.73,178.12,189.77,160.47,189.86,197.7,206.92,163.12,159.26,187.02,184.82,234.29,213.42,208.73,200.27,153.05,208.46,181.71,177.41,308.56,178.45,255.6,200,188.16,198.25,203.94,138.62,198.4,150.47,198.6,266.66,183.39,170.74,175.65,227.15,185.61,199.31,268.19,209.15,207.43,220.56,195.71,191.49,287.42
2013-04-01,233.38,183.02,187.37,217.99,190.62,292.98,163.93,392.97,181.48,198.21,169.48,191.64,204.28,215.24,172.85,164.38,195.69,190.95,238.87,221.85,218.51,199.63,162.57,218.41,187.23,182.43,309.73,183.22,261.89,203.91,197.28,207.2,206.91,149.4,202.42,157.51,204.36,282.02,189.63,178.16,182.55,231.55,193.74,207.17,281.96,221.31,206.91,230.27,204.75,192.17,299.91
2013-07-01,233.52,184.16,187.64,222.37,199.14,296.36,165.17,417.64,183.55,204.22,172.36,196.1,205.89,222.36,174.27,167.13,197.46,193.54,237.91,225.47,219.53,202.61,166.84,225.17,189.8,178.1,310.39,185.21,269.92,205.52,197.76,208.43,208.89,157.78,204.76,160.35,203.91,286.89,190.94,181.32,186.35,237.37,193.54,208.74,287.58,220.42,210.92,237.97,207.32,196.37,304.21
2013-10-01,232.01,181.43,183.53,227.17,201.04,295.36,160.63,401.67,180.88,207.51,172.44,194.47,205.51,217.4,172.34,165.39,193.5,190.51,239.43,223.65,218.29,198.87,164.38,221.57,186.36,177.1,316.06,183.66,268.36,207.06,194.43,206.06,206.19,161.32,203.67,157.41,199.82,287.57,188.59,178.15,182.06,237.71,194.11,210.46,284.61,215.85,206.74,232.16,204.63,193.24,299.25
2014-01-01,227.87,182.74,187.18,228.77,204.42,300.5,161.1,430.95,178.41,209.14,177.24,206.08,204.19,220.84,170.37,164.89,197.13,189.13,239.69,221.72,215.72,200.93,165.05,221.19,186.8,178.02,317.4,183.91,274.35,205.96,197.1,203.54,206.06,164.61,201.36,157.55,204.49,288.68,186.82,181.85,181.71,238.49,194.53,214.93,288.6,216.01,201.92,234.53,202.2,200.29,307.47
2014-04-01,238.19,185.65,188.96,234.09,211.34,314.11,163.65,423.72,184.12,214.88,180.79,199.86,208.69,227.07,178.37,168.54,202.71,195.18,243.69,232.9,224.9,203.66,173.19,230.72,193.03,182.44,322.59,190.64,278.86,211.57,201.05,211.51,211.48,169.19,205.34,163.99,206.78,301.36,194.41,183.82,188.58,243.52,201.44,220.33,295.68,224.04,212.42,245.22,210.49,199.94,307.68
2014-07-01,239.72,187.83,189.98,235.87,214.78,317.77,164.86,421.82,182.26,219.11,182.56,208.56,211.68,230.58,180.04,170.8,204.88,196.59,247.3,234.63,220.89,208.26,177.93,231.22,195.71,182.54,328.46,190.04,289.27,214.47,205.06,212.08,211.08,175.17,207.01,165.44,209.73,307.23,194.57,186.31,192.47,244.39,201.87,223.84,295.89,223.41,213.44,248.85,212.16,205.1,311.79
2014-10-01,241.09,187.63,191.45,236.72,216.01,320.7,160.5,438.86,178.15,222.73,184.54,209.65,210.07,228.08,177,169.77,202.69,195.61,246.55,232.27,220.01,203.61,175.94,229.59,194.67,181.17,327.31,189.12,290.74,213.78,201.26,211.42,212.28,176.93,207.31,164.54,209.22,307.44,192.28,188.71,191.57,246.77,202.28,224.65,296.4,222.96,200.61,248.13,211.1,199.1,315.23
2015-01-01,237.44,186.74,188.22,241.91,219.78,335.91,161.03,432.53,184.41,227.27,186.14,215.68,210.06,229.64,175.67,170.87,203.83,197.33,249.51,232.25,217.91,203.13,175.12,226.77,193.11,184.08,332.63,192.06,293.57,215.46,206.15,209.37,209.95,180.6,206.51,163.43,214.42,309.62,191.25,186.48,195.86,246.53,205.74,229.52,302.53,222.32,205.21,253.77,212.13,196.76,319.38
2015-04-01,245.95,193.71,194.56,248.35,226.22,350.1,166.28,457.45,185.79,234.49,194.07,214.32,215.7,243.03,184.6,176.23,209.1,201.86,253.72,242.88,227.62,212.67,184.8,240.15,200.7,186.47,334.78,198.64,295.56,221.63,210.34,213.75,213.87,186.24,210.35,170.6,217.64,328.3,198.33,191.35,202.08,251.73,211.49,237.12,311.48,229.15,217.45,267.37,218.65,204.6,316.96
2015-07-01,243.74,194.72,197.88,253.71,229.71,357.31,166.09,482.86,188.83,240.03,196.63,218.36,218.32,245.49,185.02,177.21,211.53,204.48,256.41,244.27,226.17,212.17,186.75,242.31,203.84,186.63,340.2,202.16,300.42,225.6,215.13,216.61,220.73,195.16,214.24,172.05,220.68,336.32,199.54,193.12,202.29,255.5,213.98,239.31,314.96,228.34,217.58,271.5,219.89,206.17,325.31
2015-10-01,247.89,192.11,195.96,256.24,232.16,355.73,162.87,466.8,187.36,244.04,196.36,221.36,219.52,251.3,181.55,176.78,210.18,206.09,255.82,242.57,222.96,212.17,186.74,241.53,202.63,189.4,341.85,201.79,299.72,223.47,212.84,214.65,214.47,194.74,212.64,171.01,220.14,339.87,198.07,195.47,205.04,255.51,214.4,240.24,318.85,229.01,209.84,274.93,219.28,210.26,322.17
2016-01-01,242.52,193.79,198.6,260.18,235.8,367.45,162,441.65,189.34,248.78,198.88,224.45,218.48,251.78,181.45,176.92,213.23,206.83,259.65,244.32,225.91,214.83,187.12,242.29,207.05,189.71,344.54,204.57,299.68,221.51,212.27,212.89,215.58,200.08,212.2,170.87,217.73,347.35,198.72,191.6,208.8,261.19,216.83,244.47,325.69,230.56,209.57,281.25,221.11,202.33,320.82
2016-04-01,254.25,199.24,199.62,268.41,242.73,385.55,167.09,489.85,194.63,256.48,207.11,219.44,224.45,261.06,189.02,183.86,221.47,211.71,261.95,253.7,236.06,217.1,195.63,252.96,210.43,192.1,351.58,210.56,303.93,231.3,221.71,221.29,222.14,205.45,218.81,178.26,223.74,365.75,205.31,200.92,211.55,264.23,225.5,252.55,338.08,238.57,216.48,295.1,229.77,208.63,324.51
2016-07-01,250.97,201.8,202.66,269.37,246.14,392.14,166.87,475.54,193.95,263.97,209.47,224.29,229.54,268.66,191.63,187.19,222.09,215.19,262.96,257.26,232.06,222.51,200.04,257.16,214.61,192.45,354.89,214.29,307.79,234.79,223.05,222.31,222.08,209.91,221.47,181.42,225.91,370.48,207.64,204.18,215.02,269.04,228.19,256.78,344.05,238.76,220.8,300.95,232.04,209.95,327.15
2016-10-01,247.45,200.95,200.52,275.02,247.96,393.84,165.32,493.94,192.29,267.77,210.53,231.08,227.59,268.78,191.1,187.03,224.19,214.1,267,257.17,235.82,228.6,199,255.75,214.31,194.39,364.87,215.09,303.39,232.92,221.92,220.83,225.34,213.41,223.2,180.29,223.74,375.67,205.53,206.87,217.49,267.83,230.38,257.16,345.18,237.72,214.66,302.87,231.82,210.6,322
2017-01-01,249.21,203.77,204.62,279.58,252.74,405.74,164.5,504.55,191.2,272.48,212.76,228.63,228.68,276.01,191.5,187.16,223.75,217.52,265.23,259.79,235.64,223.39,201.62,258.65,213.63,195.66,360.81,215.9,302.31,236.68,231.13,218.95,225.56,216.51,223.07,181.26,226.81,375.98,206.87,208.26,218.09,271.28,232.77,262.11,354.52,237.86,224.29,312.22,233.56,204.15,323.6
2017-04-01,251.61,207.76,206.68,289.69,261.76,424.45,170.22,506.69,195.53,280.23,222.11,240.61,234.12,286.95,196.25,193.11,231.42,225.56,271.58,272.6,244.95,232.13,211.52,270.47,223.4,197.38,372.92,226.44,309.61,245.65,233.66,228.52,229.83,221.61,228.93,189.13,232.28,396.24,214.03,216.98,223.9,281.43,241.7,272.04,367.67,248.47,223,330.01,243.93,208.73,330.63
2017-07-01,257.27,210.33,210.61,295.39,266.41,426.43,172.32,523.05,198.44,285.54,224.63,251.91,238.06,291.92,197.89,196.57,233.02,229.28,274.82,275.5,245.56,237.98,214.99,273.01,225.7,199.94,380.28,227.8,311.51,248.83,237.2,232.22,233.56,230.79,235.33,192.37,234.08,402.11,216.33,217.81,230.56,283.15,246.42,274.72,376.36,249.89,225.79,334.47,247.32,211.83,334.53
2017-10-01,255.1,211.17,213.24,298.2,269.14,430.91,170.45,535.56,196.67,290.2,224.74,250.21,237.89,301.52,196.93,199.33,233.24,228.51,273.93,274.54,244.59,238.35,214.88,271.22,226.13,194.66,381.01,229.85,306.76,251.6,237.55,230.56,236.43,239.6,236.03,191.41,234.61,400.78,216.33,221.13,231.71,281.38,249.24,276.11,380.74,249.06,230.15,337.39,244.53,212.05,336.65
2018-01-01,254.86,212.38,213.43,306.81,275.12,449.36,170.59,542.66,204.19,296.05,229.92,248.21,237.68,305.47,197.59,201.08,235.99,231.61,275,278.36,246.76,236.05,218.3,276.7,229.41,200.71,384.17,235.65,308.74,257.05,241.26,232.51,234.09,245.88,238.25,193.54,232.04,414.14,218.39,223.14,234.3,285.6,251.49,281.41,392.22,254.05,227.81,351.86,249.88,210.72,336.75
2018-04-01,260.59,220.25,215.25,312.9,280.69,463.58,174.07,562.88,209.57,304.1,238.92,249.54,247.58,325.29,204.23,209.45,244.71,236.69,278.84,288.97,254.66,248.01,227.63,288.01,236.4,204.72,395.49,241.89,315.34,262.57,248.94,237.47,240.04,257.7,244.86,200.89,240.84,426.77,225.87,233.81,242.41,294.73,259.01,288.59,408.33,260.11,233.92,366.09,261.04,215.61,341.9
2018-07-01,256.49,223.78,219.52,317.71,282.85,464.54,176.18,537.51,208.51,310.58,243.76,259.45,250.58,334.19,205.48,212.14,244.6,239.05,277.8,289.97,253.33,251.12,231.41,291.62,240.89,206.84,400.41,244.23,313.35,267.05,250.78,239.98,243.37,264.2,248.7,205.4,242.98,429.89,226.65,235.56,246.79,302.96,264.72,290.88,413.9,261.18,235.52,369.75,264.68,220.64,349.75
2018-10-01,259.89,221.85,222.19,323.32,283.34,460.53,173.36,577.62,203.36,311.39,243.63,257.92,249.23,337.99,203.7,211.66,246.95,241.01,279.9,291.66,250.83,253.26,230.95,287.97,242.53,209.17,405.47,245.49,311.65,267.07,254.2,238.96,245.29,265.07,248.25,203.71,242.72,426.96,228.15,234.2,247.95,300.76,267.43,291.18,415.79,261.9,238.31,366.54,262.78,213.36,346.89
2019-01-01,265.71,228.87,224.34,328.44,284.67,472.35,174.13,569.9,207.09,315.97,248.09,259.43,248.84,347.17,203.73,215.95,248.59,242.15,281.6,293.3,250.92,251.41,233.42,294.98,241.96,205.14,399.01,249.49,321.52,266.01,252.16,240.36,247.26,272.49,249,206.15,246.54,432.14,230.56,235.38,252.16,303.2,271.98,295.7,426.52,262.94,242.1,374.66,265.82,224,343.51
2019-04-01,271.28,231.89,227.35,335.87,293,489.7,179.09,564.01,211.81,322.49,256.43,259.9,253.7,362.34,210.42,222.72,256.71,250.69,287.22,300.21,259.6,261.54,242.4,302.29,250.21,212.37,421.96,257.29,327.28,278.93,264.78,244.33,252.15,275.94,254.87,213.49,250,446.81,237.3,242.64,257.68,312.79,278.86,303.4,441.17,273.73,243.8,387.27,275.47,224.09,361.62
2019-07-01,269.6,236.15,230.38,342.82,294.91,489.11,179.96,568.14,217.96,326.73,256.61,273.8,258.63,372.59,209.91,228.19,261.65,251.55,287.56,302.82,260.02,270.88,245.06,305.45,253.08,213.32,424.98,258.8,324.64,283.01,266.32,248.49,259.21,278.15,257.78,217.43,255.18,450.91,238.29,246.98,261.05,312.72,281.58,305.43,447.4,275.61,251.82,391.29,281.89,227,370.28
2019-10-01,268.37,236.5,230.68,345.93,295.36,490.09,176.64,602.24,216.8,330.43,259.24,270.76,254.3,378.46,207.84,226.18,258.41,252.09,288.29,303.27,260.4,266.29,242.94,302.83,256.5,214.96,424.78,261.37,321.09,277.42,268.13,250.44,258.4,274.89,258.42,215.41,255.56,449.07,239.37,247.79,261.97,315.04,285.15,304.2,449.42,274.32,247.94,391.89,278.8,227.24,366.86
