Age,Fare,Sex,sibsp,Parch,Pclass,2urvived
22,7.25,0,1,0,3,0
38,71.2833,1,1,0,1,1
26,7.925,1,0,0,3,1
35,53.1,1,1,0,1,1
35,8.05,0,0,0,3,0
28,8.4583,0,0,0,3,0
54,51.8625,0,0,0,1,0
2,21.075,0,3,1,3,0
27,11.1333,1,0,2,3,1
14,30.0708,1,1,0,2,1
4,16.7,1,1,1,3,1
58,26.55,1,0,0,1,1
20,8.05,0,0,0,3,0
39,31.275,0,1,5,3,0
14,7.8542,1,0,0,3,0
55,16,1,0,0,2,1
2,29.125,0,4,1,3,0
28,13,0,0,0,2,1
31,18,1,1,0,3,0
28,7.225,1,0,0,3,1
35,26,0,0,0,2,0
34,13,0,0,0,2,1
15,8.0292,1,0,0,3,1
28,35.5,0,0,0,1,1
8,21.075,1,3,1,3,0
38,31.3875,1,1,5,3,1
28,7.225,0,0,0,3,0
19,263,0,3,2,1,0
28,7.8792,1,0,0,3,1
28,7.8958,0,0,0,3,0
40,27.7208,0,0,0,1,0
28,146.5208,1,1,0,1,1
28,7.75,1,0,0,3,1
66,10.5,0,0,0,2,0
28,82.1708,0,1,0,1,0
42,52,0,1,0,1,0
28,7.2292,0,0,0,3,1
21,8.05,0,0,0,3,0
18,18,1,2,0,3,0
14,11.2417,1,1,0,3,1
40,9.475,1,1,0,3,0
27,21,1,1,0,2,0
28,7.8958,0,0,0,3,0
3,41.5792,1,1,2,2,1
19,7.8792,1,0,0,3,1
28,8.05,0,0,0,3,0
28,15.5,0,1,0,3,0
28,7.75,1,0,0,3,1
28,21.6792,0,2,0,3,0
18,17.8,1,1,0,3,0
7,39.6875,0,4,1,3,0
21,7.8,0,0,0,3,0
49,76.7292,1,1,0,1,1
29,26,1,1,0,2,1
65,61.9792,0,0,1,1,0
28,35.5,0,0,0,1,1
21,10.5,1,0,0,2,1
28.5,7.2292,0,0,0,3,0
5,27.75,1,1,2,2,1
11,46.9,0,5,2,3,0
22,7.2292,0,0,0,3,0
38,80,1,0,0,1,1
45,83.475,0,1,0,1,0
4,27.9,0,3,2,3,0
28,27.7208,0,0,0,1,0
28,15.2458,0,1,1,3,1
29,10.5,1,0,0,2,1
19,8.1583,0,0,0,3,0
17,7.925,1,4,2,3,1
26,8.6625,0,2,0,3,0
32,10.5,0,0,0,2,0
16,46.9,1,5,2,3,0
21,73.5,0,0,0,2,0
26,14.4542,0,1,0,3,0
32,56.4958,0,0,0,3,1
25,7.65,0,0,0,3,0
28,7.8958,0,0,0,3,0
28,8.05,0,0,0,3,0
0.83,29,0,0,2,2,1
30,12.475,1,0,0,3,1
22,9,0,0,0,3,0
29,9.5,0,0,0,3,1
28,7.7875,1,0,0,3,1
28,47.1,0,0,0,1,0
17,10.5,1,0,0,2,1
33,15.85,1,3,0,3,1
16,34.375,0,1,3,3,0
28,8.05,0,0,0,3,0
23,263,1,3,2,1,1
24,8.05,0,0,0,3,0
29,8.05,0,0,0,3,0
20,7.8542,0,0,0,3,0
46,61.175,0,1,0,1,0
26,20.575,0,1,2,3,0
59,7.25,0,0,0,3,0
28,8.05,0,0,0,3,0
71,34.6542,0,0,0,1,0
23,63.3583,0,0,1,1,1
34,23,1,0,1,2,1
34,26,0,1,0,2,0
28,7.8958,1,0,0,3,0
28,7.8958,0,0,0,3,0
21,77.2875,0,0,1,1,0
33,8.6542,0,0,0,3,0
37,7.925,0,2,0,3,0
28,7.8958,0,0,0,3,0
21,7.65,1,0,0,3,1
28,7.775,0,0,0,3,1
38,7.8958,0,0,0,3,0
28,24.15,1,1,0,3,1
47,52,0,0,0,1,0
14.5,14.4542,1,1,0,3,0
22,8.05,0,0,0,3,0
20,9.825,1,1,0,3,0
17,14.4583,1,0,0,3,0
21,7.925,0,0,0,3,0
70.5,7.75,0,0,0,3,0
29,21,0,1,0,2,0
24,247.5208,0,0,1,1,0
2,31.275,1,4,2,3,0
21,73.5,0,2,0,2,0
28,8.05,0,0,0,3,0
32.5,30.0708,0,1,0,2,0
32.5,13,1,0,0,2,1
54,77.2875,0,0,1,1,0
12,11.2417,0,1,0,3,1
28,7.75,0,0,0,3,0
24,7.1417,0,0,0,3,1
28,22.3583,1,1,1,3,1
45,6.975,0,0,0,3,0
33,7.8958,0,0,0,3,0
20,7.05,0,0,0,3,0
47,14.5,1,1,0,3,0
29,26,1,1,0,2,1
25,13,0,0,0,2,0
23,15.0458,0,0,0,2,0
19,26.2833,1,0,2,1,1
37,53.1,0,1,0,1,0
16,9.2167,0,0,0,3,0
24,79.2,0,0,0,1,0
28,15.2458,1,0,2,3,0
22,7.75,1,0,0,3,1
24,15.85,1,1,0,3,1
19,6.75,0,0,0,3,0
18,11.5,0,0,0,2,0
19,36.75,0,1,1,2,0
27,7.7958,0,0,0,3,1
9,34.375,1,2,2,3,0
36.5,26,0,0,2,2,0
42,13,0,0,0,2,0
51,12.525,0,0,0,2,0
22,66.6,1,1,0,1,1
55.5,8.05,0,0,0,3,0
40.5,14.5,0,0,2,3,0
28,7.3125,0,0,0,3,0
51,61.3792,0,0,1,1,0
16,7.7333,1,0,0,3,1
30,8.05,0,0,0,3,0
28,8.6625,0,0,0,3,0
28,69.55,0,8,2,3,0
44,16.1,0,0,1,3,0
40,15.75,1,0,0,2,1
26,7.775,0,0,0,3,0
17,8.6625,0,0,0,3,0
1,39.6875,0,4,1,3,0
9,20.525,0,0,2,3,1
28,55,1,0,1,1,1
45,27.9,1,1,4,3,0
28,25.925,0,0,0,1,0
28,56.4958,0,0,0,3,0
61,33.5,0,0,0,1,0
4,29.125,0,4,1,3,0
1,11.1333,1,1,1,3,1
21,7.925,0,0,0,3,0
56,30.6958,0,0,0,1,0
18,7.8542,0,1,1,3,0
28,25.4667,0,3,1,3,0
50,28.7125,1,0,0,1,0
30,13,0,0,0,2,0
36,0,0,0,0,3,0
28,69.55,1,8,2,3,0
28,15.05,0,0,0,2,0
9,31.3875,0,4,2,3,0
1,39,0,2,1,2,1
4,22.025,1,0,2,3,1
28,50,0,0,0,1,0
28,15.5,1,1,0,3,1
45,26.55,0,0,0,1,1
40,15.5,0,1,1,3,0
36,7.8958,0,0,0,3,0
32,13,1,0,0,2,1
19,13,0,0,0,2,0
19,7.8542,1,1,0,3,1
3,26,0,1,1,2,1
44,27.7208,1,0,0,1,1
58,146.5208,1,0,0,1,1
28,7.75,0,0,0,3,0
42,8.4042,0,0,1,3,0
28,7.75,1,0,0,3,1
24,13,1,0,0,2,0
28,9.5,0,0,0,3,0
28,69.55,0,8,2,3,0
34,6.4958,0,0,0,3,0
45.5,7.225,0,0,0,3,0
18,8.05,0,0,0,3,1
2,10.4625,1,0,1,3,0
32,15.85,0,1,0,3,0
26,18.7875,0,0,0,3,1
16,7.75,1,0,0,3,1
40,31,0,0,0,1,1
24,7.05,0,0,0,3,0
35,21,1,0,0,2,1
22,7.25,0,0,0,3,0
30,13,0,0,0,2,0
28,7.75,0,1,0,3,0
31,113.275,1,1,0,1,1
27,7.925,1,0,0,3,1
42,27,0,1,0,2,0
32,76.2917,1,0,0,1,1
30,10.5,0,0,0,2,0
16,8.05,0,0,0,3,1
27,13,0,0,0,2,0
51,8.05,0,0,0,3,0
28,7.8958,0,0,0,3,0
38,90,0,1,0,1,1
22,9.35,0,0,0,3,0
19,10.5,0,0,0,2,1
20.5,7.25,0,0,0,3,0
18,13,0,0,0,2,0
28,25.4667,1,3,1,3,0
35,83.475,1,1,0,1,1
29,7.775,0,0,0,3,0
59,13.5,0,0,0,2,0
5,31.3875,1,4,2,3,1
24,10.5,0,0,0,2,0
28,7.55,1,0,0,3,0
44,26,0,1,0,2,0
8,26.25,1,0,2,2,1
19,10.5,0,0,0,2,0
33,12.275,0,0,0,2,0
28,14.4542,1,1,0,3,0
28,15.5,1,1,0,3,1
29,10.5,0,0,0,2,0
22,7.125,0,0,0,3,0
30,7.225,0,0,0,3,0
44,90,0,2,0,1,0
25,7.775,1,0,0,3,0
24,14.5,1,0,2,2,1
37,52.5542,0,1,1,1,1
54,26,0,1,0,2,0
28,7.25,0,0,0,3,0
29,10.4625,1,1,1,3,0
62,26.55,0,0,0,1,0
30,16.1,0,1,0,3,0
41,20.2125,1,0,2,3,0
29,15.2458,1,0,2,3,1
28,79.2,1,0,0,1,1
30,86.5,1,0,0,1,1
35,512.3292,1,0,0,1,1
50,26,1,0,1,2,1
28,7.75,0,0,0,3,0
3,31.3875,0,4,2,3,1
52,79.65,0,1,1,1,0
40,0,0,0,0,1,0
28,7.75,1,0,0,3,0
36,10.5,0,0,0,2,0
16,39.6875,0,4,1,3,0
25,7.775,0,1,0,3,1
58,153.4625,1,0,1,1,1
35,135.6333,1,0,0,1,1
28,31,0,0,0,1,0
25,0,0,0,0,3,1
41,19.5,1,0,1,2,1
37,29.7,0,0,1,1,0
28,7.75,1,0,0,3,1
63,77.9583,1,1,0,1,1
45,7.75,1,0,0,3,0
28,0,0,0,0,2,0
7,29.125,0,4,1,3,0
35,20.25,1,1,1,3,1
65,7.75,0,0,0,3,0
28,7.8542,0,0,0,3,0
16,9.5,0,0,0,3,0
19,8.05,0,0,0,3,1
28,26,0,0,0,1,0
33,8.6625,0,0,0,3,0
30,9.5,0,0,0,3,1
22,7.8958,0,0,0,3,0
42,13,0,0,0,2,1
22,7.75,1,0,0,3,1
26,78.85,1,0,0,1,1
19,91.0792,1,1,0,1,1
36,12.875,0,0,0,2,0
24,8.85,1,0,0,3,0
24,7.8958,0,0,0,3,0
28,27.7208,0,0,0,1,0
23.5,7.2292,0,0,0,3,0
2,151.55,1,1,2,1,0
28,30.5,0,0,0,1,1
50,247.5208,1,0,1,1,1
28,7.75,1,0,0,3,1
28,23.25,0,2,0,3,1
19,0,0,0,0,3,0
28,12.35,1,0,0,2,1
28,8.05,0,0,0,3,0
0.92,151.55,0,1,2,1,1
28,110.8833,1,0,0,1,1
17,108.9,1,1,0,1,1
30,24,0,1,0,2,0
30,56.9292,1,0,0,1,1
24,83.1583,1,0,0,1,1
18,262.375,1,2,2,1,1
26,26,1,1,1,2,0
28,7.8958,0,0,0,3,0
43,26.25,0,1,1,2,0
26,7.8542,1,0,0,3,1
24,26,1,1,0,2,1
54,14,0,0,0,2,0
31,164.8667,1,0,2,1,1
40,134.5,1,1,1,1,1
22,7.25,0,0,0,3,0
27,7.8958,0,0,0,3,0
30,12.35,1,0,0,2,1
22,29,1,1,1,2,1
28,69.55,0,8,2,3,0
36,135.6333,1,0,0,1,1
61,6.2375,0,0,0,3,0
36,13,1,0,0,2,1
31,20.525,1,1,1,3,1
16,57.9792,1,0,1,1,1
28,23.25,1,2,0,3,1
45.5,28.5,0,0,0,1,0
38,153.4625,0,0,1,1,0
16,18,0,2,0,3,0
28,133.65,1,1,0,1,1
28,7.8958,0,0,0,3,0
29,66.6,0,1,0,1,0
41,134.5,1,0,0,1,1
45,8.05,0,0,0,3,1
45,35.5,0,0,0,1,0
2,26,0,1,1,2,1
24,263,1,3,2,1,1
28,13,0,0,0,2,0
25,13,0,0,0,2,0
36,13,0,0,0,2,0
24,13,1,0,0,2,1
40,13,1,0,0,2,1
28,16.1,1,1,0,3,1
3,15.9,0,1,1,3,1
42,8.6625,0,0,0,3,0
23,9.225,0,0,0,3,0
28,35,0,0,0,1,0
15,7.2292,0,1,1,3,0
25,17.8,0,1,0,3,0
28,7.225,0,0,0,3,0
28,9.5,0,0,0,3,0
22,55,1,0,1,1,1
38,13,1,0,0,2,0
28,7.8792,1,0,0,3,1
28,7.8792,1,0,0,3,1
40,27.9,0,1,4,3,0
29,27.7208,0,1,0,2,0
45,14.4542,1,0,1,3,0
35,7.05,0,0,0,3,0
28,15.5,0,1,0,3,0
30,7.25,0,0,0,3,0
60,75.25,1,1,0,1,1
28,7.2292,1,0,0,3,1
28,7.75,1,0,0,3,1
24,69.3,1,0,0,1,1
25,55.4417,0,1,0,1,1
18,6.4958,0,1,0,3,0
19,8.05,0,0,0,3,0
22,135.6333,0,0,0,1,0
3,21.075,1,3,1,3,0
28,82.1708,1,1,0,1,1
22,7.25,1,0,0,3,1
27,211.5,0,0,2,1,0
20,4.0125,0,0,0,3,0
19,7.775,0,0,0,3,0
42,227.525,1,0,0,1,1
1,15.7417,1,0,2,3,1
32,7.925,0,0,0,3,0
35,52,1,1,0,1,1
28,7.8958,0,0,0,3,0
18,73.5,0,0,0,2,0
1,46.9,0,5,2,3,0
36,13,1,0,0,2,1
28,7.7292,0,0,0,3,0
17,12,1,0,0,2,1
36,120,0,1,2,1,1
21,7.7958,0,0,0,3,1
28,7.925,0,2,0,3,0
23,113.275,1,1,0,1,1
24,16.7,1,0,2,3,1
22,7.7958,0,0,0,3,0
31,7.8542,1,0,0,3,0
46,26,0,0,0,2,0
23,10.5,0,0,0,2,0
28,12.65,1,0,0,2,1
39,7.925,0,0,0,3,1
26,8.05,0,0,0,3,0
21,9.825,1,1,0,3,0
28,15.85,0,1,0,3,0
20,8.6625,1,0,0,3,0
34,21,0,1,0,2,0
51,7.75,0,0,0,3,0
3,18.75,0,1,1,2,1
21,7.775,0,0,0,3,0
28,25.4667,1,3,1,3,0
28,7.8958,0,0,0,3,0
28,6.8583,0,0,0,3,0
33,90,1,1,0,1,1
28,0,0,0,0,2,0
44,7.925,0,0,0,3,1
28,8.05,1,0,0,3,0
34,32.5,1,1,1,2,1
18,13,1,0,2,2,1
30,13,0,0,0,2,0
10,24.15,1,0,2,3,0
28,7.8958,0,0,0,3,0
21,7.7333,0,0,0,3,0
29,7.875,0,0,0,3,0
28,14.4,1,1,1,3,0
18,20.2125,0,1,1,3,0
28,7.25,0,0,0,3,0
28,26,1,1,0,2,1
19,26,1,0,0,2,1
28,7.75,0,0,0,3,0
32,8.05,0,0,0,3,1
28,26.55,0,0,0,1,1
28,16.1,1,1,0,3,1
42,26,1,1,0,2,1
17,7.125,0,0,0,3,0
50,55.9,0,1,0,1,0
14,120,1,1,2,1,1
21,34.375,1,2,2,3,0
24,18.75,1,2,3,2,1
64,263,0,1,4,1,0
31,10.5,0,0,0,2,0
45,26.25,1,1,1,2,1
20,9.5,0,0,0,3,0
25,7.775,0,1,0,3,0
28,13,1,0,0,2,1
28,8.1125,0,0,0,3,1
4,81.8583,0,0,2,1,1
13,19.5,1,0,1,2,1
34,26.55,0,0,0,1,1
5,19.2583,1,2,1,3,1
52,30.5,0,0,0,1,1
36,27.75,0,1,2,2,0
28,19.9667,0,1,0,3,0
30,27.75,0,0,0,1,0
49,89.1042,0,1,0,1,1
28,8.05,0,0,0,3,0
29,7.8958,0,0,0,3,1
65,26.55,0,0,0,1,0
28,51.8625,1,1,0,1,1
50,10.5,1,0,0,2,1
28,7.75,0,0,0,3,0
48,26.55,0,0,0,1,1
34,8.05,0,0,0,3,0
47,38.5,0,0,0,1,0
48,13,0,0,0,2,0
28,8.05,0,0,0,3,0
38,7.05,0,0,0,3,0
28,0,0,0,0,2,0
56,26.55,0,0,0,1,0
28,7.725,0,0,0,3,0
0.75,19.2583,1,2,1,3,1
28,7.25,0,0,0,3,0
38,8.6625,0,0,0,3,0
33,27.75,1,1,2,2,1
23,13.7917,1,0,0,2,1
22,9.8375,1,0,0,3,0
28,52,0,0,0,1,0
34,21,0,1,0,2,0
29,7.0458,0,1,0,3,0
22,7.5208,0,0,0,3,0
2,12.2875,1,0,1,3,1
9,46.9,0,5,2,3,0
28,0,0,0,0,2,0
50,8.05,0,0,0,3,0
63,9.5875,1,0,0,3,1
25,91.0792,0,1,0,1,1
28,25.4667,1,3,1,3,0
35,90,1,1,0,1,1
58,29.7,0,0,0,1,0
30,8.05,0,0,0,3,0
9,15.9,0,1,1,3,1
28,19.9667,0,1,0,3,0
21,7.25,0,0,0,3,0
55,30.5,0,0,0,1,0
71,49.5042,0,0,0,1,0
21,8.05,0,0,0,3,0
28,14.4583,0,0,0,3,0
54,78.2667,1,1,0,1,1
28,15.1,0,0,0,3,0
25,151.55,1,1,2,1,0
24,7.7958,0,0,0,3,0
17,8.6625,0,0,0,3,0
21,7.75,1,0,0,3,0
28,7.6292,1,0,0,3,0
37,9.5875,1,0,0,3,0
16,86.5,1,0,0,1,1
18,108.9,0,1,0,1,0
33,26,1,0,2,2,1
28,26.55,0,0,0,1,1
28,22.525,0,0,0,3,0
26,56.4958,0,0,0,3,1
29,7.75,0,0,0,3,1
28,8.05,0,0,0,3,0
36,26.2875,0,0,0,1,1
54,59.4,1,1,0,1,1
24,7.4958,0,0,0,3,0
47,34.0208,0,0,0,1,0
34,10.5,1,0,0,2,1
28,24.15,0,0,0,3,0
36,26,1,1,0,2,1
32,7.8958,0,0,0,3,0
30,93.5,1,0,0,1,1
22,7.8958,0,0,0,3,0
28,7.225,0,0,0,3,0
44,57.9792,1,0,1,1,1
28,7.2292,0,0,0,3,0
40.5,7.75,0,0,0,3,0
50,10.5,1,0,0,2,1
28,221.7792,0,0,0,1,0
39,7.925,0,0,0,3,0
23,11.5,0,2,1,2,0
2,26,1,1,1,2,1
28,7.2292,0,0,0,3,0
17,7.2292,0,1,1,3,0
28,22.3583,1,0,2,3,1
30,8.6625,1,0,0,3,0
7,26.25,1,0,2,2,1
45,26.55,0,0,0,1,0
30,106.425,1,0,0,1,1
28,14.5,0,0,0,3,0
22,49.5,1,0,2,1,1
36,71,1,0,2,1,1
9,31.275,1,4,2,3,0
11,31.275,1,4,2,3,0
32,26,0,1,0,2,1
50,106.425,0,1,0,1,0
64,26,0,0,0,1,0
19,26,1,1,0,2,1
28,13.8625,0,0,0,2,1
33,20.525,0,1,1,3,0
8,36.75,0,1,1,2,1
17,110.8833,0,0,2,1,1
27,26,0,0,0,2,0
28,7.8292,0,0,0,3,0
22,7.225,0,0,0,3,1
22,7.775,1,0,0,3,1
62,26.55,0,0,0,1,0
48,39.6,1,1,0,1,1
28,227.525,0,0,0,1,0
39,79.65,1,1,1,1,1
36,17.4,1,1,0,3,1
28,7.75,0,0,0,3,0
40,7.8958,0,0,0,3,0
28,13.5,0,0,0,2,0
28,8.05,0,0,0,3,0
28,8.05,1,0,0,3,0
24,24.15,0,2,0,3,0
19,7.8958,0,0,0,3,0
29,21.075,1,0,4,3,0
28,7.2292,0,0,0,3,0
32,7.8542,0,0,0,3,1
62,10.5,0,0,0,2,1
53,51.4792,1,2,0,1,1
36,26.3875,0,0,0,1,1
28,7.75,1,0,0,3,1
16,8.05,0,0,0,3,0
19,14.5,0,0,0,3,0
34,13,1,0,0,2,1
39,55.9,1,1,0,1,1
28,14.4583,1,1,0,3,0
32,7.925,0,0,0,3,1
25,30,1,1,1,2,1
39,110.8833,1,1,1,1,1
54,26,0,0,0,2,0
36,40.125,0,0,0,1,0
28,8.7125,0,0,0,3,0
18,79.65,1,0,2,1,1
47,15,0,0,0,2,0
60,79.2,0,1,1,1,1
22,8.05,0,0,0,3,0
28,8.05,0,0,0,3,0
35,7.125,0,0,0,3,0
52,78.2667,1,1,0,1,1
47,7.25,0,0,0,3,0
28,7.75,1,0,2,3,0
37,26,0,1,0,2,0
36,24.15,0,1,1,3,0
28,33,1,0,0,2,1
49,0,0,0,0,3,0
28,7.225,0,0,0,3,0
49,56.9292,0,1,0,1,1
24,27,1,2,1,2,1
28,7.8958,0,0,0,3,0
28,42.4,0,0,0,1,0
44,8.05,0,0,0,3,0
35,26.55,0,0,0,1,1
36,15.55,0,1,0,3,0
30,7.8958,0,0,0,3,0
27,30.5,0,0,0,1,1
22,41.5792,1,1,2,2,1
40,153.4625,1,0,0,1,1
39,31.275,1,1,5,3,0
28,7.05,0,0,0,3,0
28,15.5,1,1,0,3,1
28,7.75,0,0,0,3,0
35,8.05,0,0,0,3,0
24,65,1,1,2,2,1
34,14.4,0,1,1,3,0
26,16.1,1,1,0,3,0
4,39,1,2,1,2,1
26,10.5,0,0,0,2,0
27,14.4542,0,1,0,3,0
42,52.5542,0,1,0,1,1
20,15.7417,0,1,1,3,1
21,7.8542,0,0,0,3,0
21,16.1,0,0,0,3,0
61,32.3208,0,0,0,1,0
57,12.35,0,0,0,2,0
21,77.9583,1,0,0,1,1
26,7.8958,0,0,0,3,0
28,7.7333,0,0,0,3,0
80,30,0,0,0,1,1
51,7.0542,0,0,0,3,0
32,30.5,0,0,0,1,1
28,0,0,0,0,1,0
9,27.9,1,3,2,3,0
28,13,1,0,0,2,1
32,7.925,0,0,0,3,0
31,26.25,0,1,1,2,0
41,39.6875,1,0,5,3,0
28,16.1,0,1,0,3,0
20,7.8542,0,0,0,3,0
24,69.3,1,0,0,1,1
2,27.9,1,3,2,3,0
28,56.4958,0,0,0,3,1
0.75,19.2583,1,2,1,3,1
48,76.7292,0,1,0,1,1
19,7.8958,0,0,0,3,0
56,35.5,0,0,0,1,1
28,7.55,0,0,0,3,0
23,7.55,1,0,0,3,1
28,7.8958,0,0,0,3,0
18,23,1,0,1,2,1
21,8.4333,0,0,0,3,0
28,7.8292,1,0,0,3,1
18,6.75,1,0,0,3,0
24,73.5,0,2,0,2,0
28,7.8958,0,0,0,3,0
32,15.5,1,1,1,3,0
23,13,0,0,0,2,0
58,113.275,0,0,2,1,0
50,133.65,0,2,0,1,1
40,7.225,0,0,0,3,0
47,25.5875,0,0,0,1,0
36,7.4958,0,0,0,3,0
20,7.925,0,1,0,3,1
32,73.5,0,2,0,2,0
25,13,0,0,0,2,0
28,7.775,0,0,0,3,0
43,8.05,0,0,0,3,0
28,52,1,1,0,1,1
40,39,1,1,1,2,1
31,52,0,1,0,1,0
70,10.5,0,0,0,2,0
31,13,0,0,0,2,1
28,0,0,0,0,2,0
18,7.775,0,0,0,3,0
24.5,8.05,0,0,0,3,0
18,9.8417,1,0,0,3,1
43,46.9,1,1,6,3,0
36,512.3292,0,0,1,1,1
28,8.1375,1,0,0,3,0
27,76.7292,0,0,0,1,1
20,9.225,0,0,0,3,0
14,46.9,0,5,2,3,0
60,39,0,1,1,2,0
25,41.5792,0,1,2,2,0
14,39.6875,0,4,1,3,0
19,10.1708,0,0,0,3,0
18,7.7958,0,0,0,3,0
15,211.3375,1,0,1,1,1
31,57,0,1,0,1,1
4,13.4167,1,0,1,3,1
28,56.4958,0,0,0,3,1
25,7.225,0,0,0,3,0
60,26.55,0,0,0,1,0
52,13.5,0,0,0,2,0
44,8.05,0,0,0,3,0
28,7.7333,1,0,0,3,1
49,110.8833,0,1,1,1,0
42,7.65,0,0,0,3,0
18,227.525,1,1,0,1,1
35,26.2875,0,0,0,1,1
18,14.4542,1,0,1,3,0
25,7.7417,0,0,0,3,0
26,7.8542,0,1,0,3,0
39,26,0,0,0,2,0
45,13.5,1,0,0,2,1
42,26.2875,0,0,0,1,1
22,151.55,1,0,0,1,1
28,15.2458,0,1,1,3,1
24,49.5042,1,0,0,1,1
28,26.55,0,0,0,1,0
48,52,0,1,0,1,1
29,9.4833,0,0,0,3,0
52,13,0,0,0,2,0
19,7.65,0,0,0,3,0
38,227.525,1,0,0,1,1
27,10.5,1,0,0,2,1
28,15.5,0,0,0,3,0
33,7.775,0,0,0,3,0
6,33,1,0,1,2,1
17,7.0542,0,1,0,3,0
34,13,0,0,0,2,0
50,13,0,0,0,2,0
27,53.1,0,1,0,1,1
20,8.6625,0,0,0,3,0
30,21,1,3,0,2,1
28,7.7375,1,0,0,3,1
25,26,0,1,0,2,0
25,7.925,1,1,0,3,0
29,211.3375,1,0,0,1,1
11,18.7875,0,0,0,3,0
28,0,0,0,0,2,0
23,13,0,0,0,2,0
23,13,0,0,0,2,0
28.5,16.1,0,0,0,3,0
48,34.375,1,1,3,3,0
35,512.3292,0,0,0,1,1
28,7.8958,0,0,0,3,0
28,7.8958,0,0,0,3,0
28,30,0,0,0,1,1
36,78.85,0,1,0,1,0
21,262.375,1,2,2,1,1
24,16.1,0,1,0,3,0
31,7.925,0,0,0,3,1
70,71,0,1,1,1,0
16,20.25,0,1,1,3,0
30,13,1,0,0,2,1
19,53.1,0,1,0,1,0
31,7.75,0,0,0,3,0
4,23,1,1,1,2,1
6,12.475,0,0,1,3,1
33,9.5,0,0,0,3,0
23,7.8958,0,0,0,3,0
48,65,1,1,2,2,1
0.67,14.5,0,1,1,2,1
28,7.7958,0,0,0,3,0
18,11.5,0,0,0,2,0
34,8.05,0,0,0,3,0
33,86.5,1,0,0,1,1
28,14.5,0,0,0,3,0
41,7.125,0,0,0,3,0
20,7.2292,0,0,0,3,1
36,120,1,1,2,1,1
16,7.775,0,0,0,3,0
51,77.9583,1,1,0,1,1
28,39.6,0,0,0,1,0
30.5,7.75,1,0,0,3,0
28,24.15,0,1,0,3,0
32,8.3625,0,0,0,3,0
24,9.5,0,0,0,3,0
48,7.8542,0,0,0,3,0
57,10.5,1,0,0,2,0
28,7.225,0,0,0,3,0
54,23,1,1,3,2,1
18,7.75,0,0,0,3,0
28,7.75,0,0,0,3,0
5,12.475,1,0,0,3,1
28,7.7375,0,0,0,3,0
43,211.3375,1,0,1,1,1
13,7.2292,1,0,0,3,1
17,57,1,1,0,1,1
29,30,0,0,0,1,0
28,23.45,0,1,2,3,0
25,7.05,0,0,0,3,0
25,7.25,0,0,0,3,0
18,7.4958,1,0,0,3,1
8,29.125,0,4,1,3,0
1,20.575,0,1,2,3,1
46,79.2,0,0,0,1,0
28,7.75,0,0,0,3,0
16,26,0,0,0,2,0
28,69.55,1,8,2,3,0
28,30.6958,0,0,0,1,0
25,7.8958,0,0,0,3,0
39,13,0,0,0,2,0
49,25.9292,1,0,0,1,1
31,8.6833,1,0,0,3,1
30,7.2292,0,0,0,3,0
30,24.15,1,1,1,3,0
34,13,0,0,0,2,0
31,26.25,1,1,1,2,1
11,120,0,1,2,1,1
0.42,8.5167,0,0,1,3,1
27,6.975,0,0,0,3,1
31,7.775,0,0,0,3,0
39,0,0,0,0,1,0
18,7.775,1,0,0,3,0
39,13,0,0,0,2,0
33,53.1,1,1,0,1,1
26,7.8875,0,0,0,3,0
39,24.15,0,0,0,3,0
35,10.5,0,0,0,2,0
6,31.275,1,4,2,3,0
30.5,8.05,0,0,0,3,0
28,0,0,0,0,1,0
23,7.925,1,0,0,3,0
31,37.0042,0,1,1,2,0
43,6.45,0,0,0,3,0
10,27.9,0,3,2,3,0
52,93.5,1,1,1,1,1
27,8.6625,0,0,0,3,1
38,0,0,0,0,1,0
27,12.475,1,0,1,3,1
2,39.6875,0,4,1,3,0
28,6.95,0,0,0,3,0
28,56.4958,0,0,0,3,0
1,37.0042,0,0,2,2,1
28,7.75,0,0,0,3,1
62,80,1,0,0,1,1
15,14.4542,1,1,0,3,1
0.83,18.75,0,1,1,2,1
28,7.2292,0,0,0,3,0
23,7.8542,0,0,0,3,0
18,8.3,0,0,0,3,0
39,83.1583,1,1,1,1,1
21,8.6625,0,0,0,3,0
28,8.05,0,0,0,3,0
32,56.4958,0,0,0,3,1
28,29.7,0,0,0,1,1
20,7.925,0,0,0,3,0
16,10.5,0,0,0,2,0
30,31,1,0,0,1,1
34.5,6.4375,0,0,0,3,0
17,8.6625,0,0,0,3,0
42,7.55,0,0,0,3,0
28,69.55,0,8,2,3,0
35,7.8958,0,0,0,3,0
28,33,0,0,1,2,0
28,89.1042,1,1,0,1,1
4,31.275,0,4,2,3,0
74,7.775,0,0,0,3,0
9,15.2458,1,1,1,3,0
16,39.4,1,0,1,1,1
44,26,1,1,0,2,0
18,9.35,1,0,1,3,1
45,164.8667,1,1,1,1,1
51,26.55,0,0,0,1,1
24,19.2583,1,0,3,3,1
28,7.2292,0,0,0,3,0
41,14.1083,0,2,0,3,0
21,11.5,0,1,0,2,0
48,25.9292,1,0,0,1,1
28,69.55,1,8,2,3,0
24,13,0,0,0,2,0
42,13,1,0,0,2,1
27,13.8583,1,1,0,2,1
31,50.4958,0,0,0,1,0
28,9.5,0,0,0,3,0
4,11.1333,0,1,1,3,1
26,7.8958,0,0,0,3,0
47,52.5542,1,1,1,1,1
33,5,0,0,0,1,0
47,9,0,0,0,3,0
28,24,1,1,0,2,1
15,7.225,1,0,0,3,1
20,9.8458,0,0,0,3,0
19,7.8958,0,0,0,3,0
28,7.8958,0,0,0,3,0
56,83.1583,1,0,1,1,1
25,26,1,0,1,2,1
33,7.8958,0,0,0,3,0
22,10.5167,1,0,0,3,0
28,10.5,0,0,0,2,0
25,7.05,0,0,0,3,0
39,29.125,1,0,5,3,0
27,13,0,0,0,2,0
19,30,1,0,0,1,1
28,23.45,1,1,2,3,0
26,30,0,0,0,1,1
32,7.75,0,0,0,3,0
34.5,7.8292,0,0,0,3,0
47,7,1,1,0,3,0
62,9.6875,0,0,0,2,0
27,8.6625,0,0,0,3,0
22,12.2875,1,1,1,3,0
14,9.225,0,0,0,3,0
30,7.6292,1,0,0,3,0
26,29,0,1,1,2,0
18,7.2292,1,0,0,3,0
21,24.15,0,2,0,3,0
28,7.8958,0,0,0,3,0
46,26,0,0,0,1,0
23,82.2667,1,1,0,1,0
63,26,0,1,0,2,0
47,61.175,1,1,0,1,0
24,27.7208,1,1,0,2,0
35,12.35,0,0,0,2,0
21,7.225,0,0,0,3,0
27,7.925,1,1,0,3,0
45,7.225,1,0,0,3,0
55,59.4,0,1,0,1,0
9,3.1708,0,0,1,3,0
28,31.6833,1,0,0,1,0
21,61.3792,0,0,1,1,0
48,262.375,1,1,3,1,0
50,14.5,0,1,0,3,0
22,61.9792,1,0,1,1,0
22.5,7.225,0,0,0,3,0
41,30.5,0,0,0,1,0
28,21.6792,0,2,0,3,0
50,26,0,1,0,2,0
24,31.5,0,2,0,2,0
33,20.575,1,1,2,3,0
28,23.45,1,1,2,3,0
30,57.75,0,1,0,1,0
18.5,7.2292,0,0,0,3,0
28,8.05,1,0,0,3,0
21,8.6625,1,0,0,3,0
25,9.5,0,0,0,3,0
28,56.4958,0,0,0,3,0
39,13.4167,0,0,1,3,0
28,26.55,0,0,0,1,0
41,7.85,0,0,0,3,0
30,13,1,0,0,2,0
45,52.5542,1,1,0,1,0
25,7.925,0,0,0,3,0
45,29.7,0,0,0,1,0
28,7.75,0,0,0,3,0
60,76.2917,1,0,0,1,0
36,15.9,1,0,2,3,0
24,60,0,1,0,1,0
27,15.0333,0,0,0,2,0
20,23,1,2,1,2,0
28,263,1,3,2,1,0
28,15.5792,0,0,0,2,0
10,29.125,0,4,1,3,0
35,7.8958,0,0,0,3,0
25,7.65,0,0,0,3,0
28,16.1,0,1,0,3,0
36,262.375,1,0,0,1,0
17,7.8958,0,0,0,3,0
32,13.5,0,0,0,2,0
18,7.75,0,0,0,3,0
22,7.725,1,0,0,3,0
13,262.375,0,2,2,1,0
28,21,1,0,0,2,0
18,7.8792,1,0,0,3,0
47,42.4,0,0,0,1,0
31,28.5375,0,0,0,1,0
60,263,1,1,4,1,0
24,7.75,1,0,0,3,0
21,7.8958,0,0,0,3,0
29,7.925,1,0,0,3,0
28.5,27.7208,0,0,0,1,0
35,211.5,1,0,0,1,0
32.5,211.5,0,0,0,1,0
28,8.05,0,0,0,3,0
55,25.7,1,2,0,1,0
30,13,0,0,0,2,0
24,7.75,1,0,0,3,0
6,15.2458,0,1,1,3,0
67,221.7792,0,1,0,1,0
49,26,0,0,0,1,0
28,7.8958,0,0,0,3,0
28,10.7083,0,0,0,2,0
28,14.4542,0,1,0,3,0
27,7.8792,1,0,0,3,0
18,8.05,1,0,0,3,0
28,7.75,1,0,0,3,0
2,23,0,1,1,2,0
22,13.9,1,1,0,3,0
28,7.775,0,0,0,3,0
27,52,1,1,2,1,0
28,8.05,0,0,0,3,0
25,26,0,0,0,1,0
25,7.7958,0,0,0,3,0
76,78.85,1,1,0,1,0
29,7.925,0,0,0,3,0
20,7.8542,1,0,0,3,0
33,8.05,0,0,0,3,0
43,55.4417,1,1,0,1,0
27,26,0,1,0,2,0
28,7.75,0,0,0,3,0
26,7.775,0,0,0,3,0
16,8.5167,1,1,1,3,0
28,22.525,0,0,0,3,0
21,7.8208,0,0,0,3,0
28,7.75,0,0,0,3,0
28,8.7125,0,0,0,3,0
18.5,13,0,0,0,2,0
41,15.0458,0,0,0,2,0
28,7.7792,1,0,0,3,0
36,31.6792,1,0,0,1,0
18.5,7.2833,1,0,0,3,0
63,221.7792,1,1,0,1,0
18,14.4542,0,1,0,3,0
28,6.4375,0,0,0,3,0
1,16.7,1,1,1,3,0
36,75.2417,0,0,0,1,0
29,26,1,1,0,2,0
12,15.75,1,0,0,2,0
28,7.75,0,1,0,3,0
35,57.75,1,1,0,1,0
28,7.25,0,0,0,3,0
28,7.75,0,0,0,3,0
17,16.1,1,0,1,3,0
22,7.7958,0,0,0,3,0
28,23.25,1,2,0,3,0
42,13,0,0,0,2,0
24,8.05,0,0,0,3,0
32,8.05,0,0,0,3,0
53,28.5,0,0,0,1,0
28,25.4667,1,0,4,3,0
28,6.4375,0,1,0,3,0
43,7.8958,0,0,0,3,0
24,7.8542,0,0,0,3,0
26.5,7.225,0,0,0,3,0
26,13,0,0,0,2,0
23,8.05,1,0,0,3,0
40,46.9,0,1,6,3,0
10,46.9,1,5,2,3,0
33,151.55,1,0,0,1,0
61,262.375,0,1,3,1,0
28,26,0,0,0,2,0
42,26.55,0,0,0,1,0
31,18,0,3,0,3,0
28,51.8625,0,0,0,1,0
22,8.05,0,0,0,3,0
28,26.55,0,0,0,1,0
30,26,0,1,1,2,0
23,83.1583,1,0,1,1,0
28,7.8958,0,0,0,3,0
60.5,14.4542,0,0,0,3,0
36,12.1833,1,0,2,3,0
13,31.3875,0,4,2,3,0
24,7.55,0,0,0,3,0
29,221.7792,1,0,0,1,0
23,7.8542,1,0,0,3,0
42,26.55,0,0,0,1,0
26,13.775,1,0,2,3,0
28,7.7333,1,0,0,3,0
7,15.2458,0,1,1,3,0
26,13.5,1,0,0,2,0
28,7,0,0,0,3,0
41,13,0,0,0,2,0
26,22.025,1,1,1,3,0
48,50.4958,0,0,0,1,0
18,34.375,0,2,2,3,0
28,27.7208,1,0,0,1,0
22,8.9625,1,0,0,3,0
28,7.55,0,0,0,3,0
27,7.225,0,0,0,3,0
23,13.9,0,1,0,3,0
28,7.2292,0,0,0,3,0
40,31.3875,0,1,5,3,0
15,39,1,0,2,2,0
20,36.75,1,0,0,2,0
54,55.4417,0,1,0,1,0
36,39,1,0,3,2,0
64,83.1583,1,0,2,1,0
30,13,0,0,0,2,0
37,83.1583,0,1,1,1,0
18,53.1,1,1,0,1,0
28,7.75,0,0,0,3,0
27,247.5208,1,1,1,1,0
40,16,0,0,0,2,0
21,21,1,0,1,2,0
17,8.05,0,2,0,3,0
28,69.55,1,8,2,3,0
40,13,0,0,0,2,0
34,26,0,1,0,2,0
28,26,0,0,0,1,0
11.5,14.5,0,1,1,3,0
61,12.35,0,0,0,2,0
8,32.5,0,0,2,2,0
33,7.8542,0,0,0,3,0
6,134.5,0,0,2,1,0
18,7.775,1,0,0,3,0
23,10.5,0,0,0,2,0
28,8.1125,1,0,0,3,0
28,15.5,1,0,0,3,0
0.33,14.4,0,0,2,3,0
47,227.525,0,1,0,1,0
8,26,1,1,1,2,0
25,10.5,0,0,0,2,0
28,25.7417,0,0,0,1,0
35,7.75,1,0,0,3,0
24,10.5,0,0,0,2,0
33,27.7208,1,0,0,1,0
25,7.8958,0,0,0,3,0
32,22.525,0,0,0,3,0
28,7.05,0,0,0,3,0
17,73.5,0,0,0,2,0
60,26,1,1,0,2,0
38,7.775,1,4,2,3,0
42,42.5,0,0,0,1,0
28,7.8792,1,0,0,3,0
57,164.8667,0,1,1,1,0
50,211.5,1,1,1,1,0
28,8.05,0,0,0,3,0
30,13.8583,1,1,0,2,0
21,8.05,0,0,0,3,0
22,10.5,1,0,0,2,0
21,7.7958,0,0,0,3,0
53,27.4458,1,0,0,1,0
28,15.2458,1,0,2,3,0
23,7.7958,0,0,0,3,0
28,7.75,1,0,0,3,0
40.5,15.1,0,0,0,3,0
36,13,0,0,0,2,0
14,65,0,0,0,2,0
21,26.55,1,0,0,1,0
21,6.4958,0,1,0,3,0
28,7.8792,0,0,0,3,0
39,71.2833,0,1,0,1,0
20,7.8542,0,0,0,3,0
64,75.25,0,1,0,1,0
20,7.225,0,0,0,3,0
18,13,1,1,1,2,0
48,106.425,1,1,0,1,0
55,27.7208,1,0,0,1,0
45,30,1,0,2,2,0
45,134.5,0,1,1,1,0
28,7.8875,0,0,0,3,0
28,23.45,0,1,2,3,0
41,51.8625,0,1,0,1,0
22,21,1,0,0,2,0
42,32.5,0,1,1,2,0
29,26,1,1,0,2,0
28,14.4542,1,1,0,3,0
0.92,27.75,1,1,2,2,0
20,7.925,0,0,0,3,0
27,136.7792,0,1,0,1,0
24,9.325,0,0,0,3,0
32.5,9.5,0,0,0,3,0
28,7.55,0,0,0,3,0
28,7.75,0,0,0,3,0
28,8.05,0,0,0,3,0
19,13,1,0,0,2,0
21,7.775,0,0,0,3,0
36.5,17.4,0,1,0,3,0
21,7.8542,0,0,0,3,0
29,23,1,0,2,2,0
1,12.1833,1,1,1,3,0
30,12.7375,0,0,0,2,0
28,7.8958,0,0,0,3,0
28,0,0,0,0,1,0
28,7.55,0,0,0,3,0
28,8.05,1,0,0,3,0
17,8.6625,0,0,0,3,0
46,75.2417,0,0,0,1,0
28,7.75,0,0,0,3,0
26,136.7792,1,1,0,1,0
28,15.5,1,1,0,3,0
28,7.225,0,0,0,3,0
20,26,1,1,0,2,0
28,10.5,0,0,0,2,0
40,26,0,1,0,2,0
30,21,0,1,0,2,0
22,10.5,0,0,0,2,0
23,8.6625,1,0,0,3,0
0.75,13.775,0,1,1,3,0
28,7.75,1,0,0,3,0
9,15.2458,1,1,1,3,0
2,20.2125,1,1,1,3,0
36,7.25,0,0,0,3,0
28,7.25,0,0,0,3,0
24,82.2667,0,1,0,1,0
28,7.2292,0,0,0,3,0
28,8.05,0,0,0,3,0
28,39.6,0,0,0,1,0
30,6.95,1,0,0,3,0
28,7.2292,0,0,0,3,0
53,81.8583,0,1,1,1,0
36,9.5,0,0,0,3,0
26,7.8958,0,0,0,3,0
1,41.5792,1,1,2,2,0
28,21.6792,0,2,0,3,0
30,45.5,0,0,0,1,0
29,7.8542,0,0,0,3,0
32,7.775,0,0,0,3,0
28,15.0458,0,0,0,2,0
43,21,0,0,1,2,0
24,8.6625,0,0,0,3,0
28,7.75,1,0,0,3,0
64,26.55,1,1,1,1,0
30,151.55,0,1,2,1,0
0.83,9.35,0,0,1,3,0
55,93.5,0,1,1,1,0
45,14.1083,1,1,0,3,0
18,8.6625,0,0,0,3,0
22,7.225,0,0,0,3,0
28,7.575,0,0,0,3,0
37,7.75,1,0,0,3,0
55,135.6333,1,0,0,1,0
17,7.7333,1,0,0,3,0
57,146.5208,0,1,0,1,0
19,10.5,0,0,0,2,0
27,7.8542,0,0,0,3,0
22,31.5,0,2,0,2,0
26,7.775,0,0,0,3,0
25,7.2292,0,0,0,3,0
26,13,0,0,0,2,0
33,26.55,0,0,0,1,0
39,211.3375,1,0,0,1,0
23,7.05,0,0,0,3,0
12,39,1,2,1,2,0
46,79.2,0,0,0,1,0
29,26,0,1,0,2,0
21,13,0,0,0,2,0
48,36.75,1,0,2,2,0
39,29.7,0,0,0,1,0
28,7.225,0,0,0,3,0
19,15.7417,1,1,1,3,0
27,7.8958,0,0,0,3,0
30,26,0,0,0,1,0
32,13,0,0,0,2,0
39,7.2292,0,0,2,3,0
25,31.5,0,0,0,2,0
28,7.2292,0,0,0,3,0
18,10.5,0,0,0,2,0
32,7.5792,0,0,0,3,0
28,69.55,0,1,9,3,0
58,512.3292,1,0,1,1,0
28,14.5,0,1,1,3,0
16,7.65,1,0,0,3,0
26,13,0,0,0,2,0
38,7.2292,1,0,0,3,0
24,13.5,0,0,0,2,0
31,21,1,0,0,2,0
45,63.3583,1,0,1,1,0
25,10.5,0,0,0,2,0
18,73.5,0,0,0,2,0
49,65,0,1,2,2,0
0.17,20.575,1,1,2,3,0
50,26,0,0,0,1,0
59,51.4792,1,2,0,1,0
28,7.8792,0,0,0,3,0
28,7.75,0,0,0,3,0
30,15.55,1,1,0,3,0
14.5,69.55,0,8,2,3,0
24,37.0042,1,1,1,2,0
31,21,1,0,0,2,0
27,8.6625,0,0,0,3,0
25,55.4417,1,1,0,1,0
28,69.55,1,1,9,3,0
28,14.4583,0,1,0,3,0
22,39.6875,1,0,0,3,0
45,59.4,1,0,1,1,0
29,13.8583,0,0,0,2,0
21,11.5,0,1,0,2,0
31,134.5,1,0,0,1,0
49,0,0,0,0,1,0
44,13,0,0,0,2,0
54,81.8583,1,1,1,1,0
45,262.375,1,0,0,1,0
22,8.6625,1,2,0,3,0
21,11.5,0,0,0,2,0
55,50,0,0,0,1,0
5,31.3875,0,4,2,3,0
28,7.75,0,0,0,3,0
26,7.8792,0,0,0,3,0
28,14.5,1,0,0,3,0
19,16.1,1,1,0,3,0
28,12.875,0,0,0,2,0
24,65,1,1,2,2,0
24,7.775,0,0,0,3,0
57,13,0,0,0,2,0
21,7.75,0,0,0,3,0
6,21.075,0,3,1,3,0
23,93.5,0,0,0,1,0
51,39.4,1,0,1,1,0
13,20.25,0,0,2,3,0
47,10.5,0,0,0,2,0
29,22.025,0,3,1,3,0
18,60,1,1,0,1,0
24,7.25,0,0,0,3,0
48,79.2,1,1,1,1,0
22,7.775,0,0,0,3,0
31,7.7333,0,0,0,3,0
30,164.8667,1,0,0,1,0
38,21,0,1,0,2,0
22,59.4,1,0,1,1,0
17,47.1,0,0,0,1,0
43,27.7208,0,1,0,1,0
20,13.8625,0,0,0,2,0
23,10.5,0,1,0,2,0
50,211.5,0,1,1,1,0
28,7.7208,1,0,0,3,0
3,13.775,1,1,1,3,0
28,7.75,1,0,0,3,0
37,90,1,1,0,1,0
28,7.775,1,0,0,3,0
28,8.05,0,0,0,3,0
39,108.9,1,0,0,1,0
38.5,7.25,0,0,0,3,0
28,8.05,0,0,0,3,0
28,22.3583,0,1,1,3,0
