Date,FLR,CZF,EZM,VZY,AFI,BZX,FFG,ZZN,EFX,UNU,ZTD,TZP,UTE,WTO,CFP,GZW,VFJ,BTM,GRJ,DTU,FTB,THB,WFR,XZG,DLJ,WNB,BLA,XTV,SNM,ANS
2022-01-01,0,36,43,95,42,42,0,277,32,124,293,0,0,88,31,0,117,36,0,35,49,81,252,85,48,235,37,135,75,44
2022-01-08,0,23,42,77,51,35,0,239,22,102,309,0,0,98,45,0,116,54,0,30,40,70,237,104,39,152,29,116,81,44
2022-01-15,0,36,53,92,51,46,0,241,29,103,241,0,0,96,41,0,136,43,0,41,39,79,288,141,48,266,35,125,72,46
2022-01-22,0,32,46,70,57,35,0,270,34,109,218,0,0,98,32,0,102,36,0,31,33,80,253,106,45,252,37,125,81,41
2022-01-29,0,26,51,77,50,33,0,223,32,123,295,0,0,105,40,0,93,33,0,30,49,60,265,133,49,263,45,135,74,52
2022-02-05,0,34,52,93,55,40,0,200,37,116,330,0,0,94,45,0,119,54,0,37,36,78,255,112,56,256,42,166,72,37
2022-02-12,0,25,30,84,45,41,0,228,33,108,260,0,0,95,35,0,84,34,0,33,49,74,221,102,42,233,29,135,72,39
2022-02-19,0,31,46,97,44,39,0,289,31,97,330,0,0,95,32,0,118,44,0,40,39,79,227,134,45,267,37,140,73,48
2022-02-26,0,37,45,100,41,41,0,308,25,119,254,0,0,93,36,0,96,45,0,27,42,74,243,121,40,178,38,145,76,39
2022-03-05,0,43,37,82,29,35,0,171,38,109,357,0,0,93,41,0,119,41,0,29,36,81,289,116,44,218,43,132,71,46
2022-03-12,0,31,39,89,40,39,0,242,28,97,352,0,0,88,32,0,125,38,0,35,42,72,209,98,45,191,33,137,71,49
2022-03-19,0,24,40,86,48,36,0,248,16,112,236,0,0,83,40,0,123,29,0,39,45,62,223,80,39,212,30,152,77,34
2022-03-26,0,23,31,82,52,38,0,299,33,97,232,0,0,93,32,0,90,46,0,21,39,67,225,103,50,231,41,130,68,46
2022-04-02,0,25,36,75,41,38,0,269,31,89,281,0,0,82,41,0,142,41,0,38,37,75,249,130,42,259,31,137,64,40
2022-04-09,0,30,46,96,46,34,0,249,28,111,220,0,0,88,33,0,95,43,0,43,42,68,203,129,45,151,39,110,72,36
2022-04-16,0,24,44,69,44,32,0,204,31,103,193,0,0,82,37,0,107,34,0,36,44,74,248,106,49,199,35,132,65,44
2022-04-23,0,32,32,95,27,36,0,268,20,104,222,0,0,88,30,0,105,45,0,32,33,79,251,89,41,152,33,121,66,46
2022-04-30,0,28,44,80,41,38,0,234,35,86,299,0,0,85,38,0,94,44,0,28,38,67,259,104,47,237,32,123,64,41
2022-05-07,0,25,38,87,35,38,0,263,32,105,229,0,0,74,41,0,96,36,0,25,31,72,237,99,46,187,27,132,67,34
2022-05-14,0,31,31,78,42,35,0,197,30,109,264,0,0,85,29,0,92,35,0,31,40,69,234,149,36,210,36,105,63,40
2022-05-21,0,38,42,79,33,40,0,212,24,109,244,0,0,77,27,0,86,42,0,27,46,59,211,94,45,197,40,112,68,40
2022-05-28,0,24,29,54,42,33,0,230,30,92,297,0,0,79,34,0,114,39,0,25,40,73,210,104,53,256,33,121,62,44
2022-06-04,0,25,32,67,42,35,0,237,32,91,242,0,0,80,35,0,89,46,0,27,32,73,247,107,42,279,27,144,59,43
2022-06-11,0,21,39,61,44,31,0,244,29,94,246,0,0,77,37,0,94,32,0,30,42,69,255,101,40,135,41,108,66,42
2022-06-18,0,26,37,68,48,36,0,210,23,91,193,0,0,84,38,0,97,28,0,34,47,61,204,33,37,165,25,113,65,37
2022-06-25,0,30,46,60,34,39,0,246,25,107,235,0,0,79,32,0,90,43,0,28,26,52,180,104,46,218,38,121,60,40
2022-07-02,0,27,38,62,48,36,0,259,34,93,290,0,0,75,37,0,98,45,0,38,46,64,232,112,45,252,34,106,62,44
2022-07-09,0,26,37,70,24,33,0,191,24,92,156,0,0,68,35,0,111,31,0,27,40,63,217,56,44,194,28,112,65,31
2022-07-16,0,21,31,84,42,37,0,159,33,86,314,0,0,79,33,0,98,41,0,26,37,70,229,86,41,178,40,118,59,41
2022-07-23,0,31,39,59,45,32,0,293,25,104,289,0,0,84,37,0,124,46,0,36,31,72,241,83,44,172,28,120,63,40
2022-07-30,0,21,33,33,47,34,0,249,23,98,259,0,0,74,28,0,122,31,0,30,40,56,239,89,39,179,38,115,62,49
2022-08-06,0,40,39,70,38,39,0,306,28,101,314,0,0,89,36,0,114,31,0,24,44,69,215,91,48,222,30,123,63,35
2022-08-13,0,18,47,84,42,28,0,241,35,93,278,0,0,76,38,0,123,47,0,29,34,56,245,60,36,204,32,123,67,48
2022-08-20,0,33,28,72,43,38,0,267,22,92,228,0,0,74,32,0,107,37,0,32,31,68,199,79,34,258,38,116,63,39
2022-08-27,0,25,42,81,44,40,0,227,35,81,267,0,0,75,29,0,99,26,0,20,45,65,249,75,44,168,31,102,68,35
2022-09-03,0,23,43,88,36,37,0,208,36,100,225,0,0,86,39,0,112,42,0,26,40,60,248,106,41,188,43,134,73,39
2022-09-10,0,16,39,73,46,31,0,253,27,110,288,0,0,81,39,0,90,44,0,38,37,83,227,128,42,162,33,133,66,45
2022-09-17,0,24,37,76,35,39,0,303,27,117,199,0,0,80,42,0,109,37,0,42,41,81,223,128,46,217,35,99,62,44
2022-09-24,0,25,36,73,51,41,0,234,29,98,357,0,0,92,32,0,110,42,0,27,44,73,211,108,46,161,33,124,71,37
2022-10-01,0,30,40,81,56,37,0,229,28,117,266,0,0,86,30,0,112,44,0,35,53,69,244,92,56,196,34,97,70,42
2022-10-08,0,30,47,78,38,36,0,254,42,107,209,0,0,82,37,0,118,40,0,24,41,74,276,119,48,190,31,109,73,51
2022-10-15,0,23,32,100,49,30,0,268,34,108,279,0,0,86,33,0,127,34,0,33,33,80,246,110,52,189,31,132,74,37
2022-10-22,0,36,48,97,38,41,0,192,34,94,193,0,0,93,37,0,127,42,0,32,45,79,253,94,48,226,47,135,73,37
2022-10-29,0,28,49,70,56,42,0,246,33,110,282,0,0,86,40,0,121,47,0,29,44,97,216,116,43,221,37,93,69,43
2022-11-05,0,31,40,80,58,35,0,283,32,92,301,0,0,100,36,0,137,32,0,33,37,80,233,135,57,202,34,107,74,44
2022-11-12,0,23,45,88,45,35,0,249,20,120,294,0,0,88,46,0,119,41,0,26,39,74,278,147,50,218,31,137,76,47
2022-11-19,0,28,30,91,49,39,0,299,27,128,383,0,0,95,29,0,91,45,0,34,42,62,248,120,47,242,30,125,81,49
2022-11-26,0,34,34,83,36,42,0,304,24,131,321,0,0,93,46,0,122,42,0,39,37,89,260,94,51,220,29,137,71,46
2022-12-03,0,35,45,96,53,40,0,206,26,118,247,0,0,93,39,0,104,44,0,32,34,83,252,132,53,222,47,134,72,45
2022-12-10,0,28,45,86,49,35,0,293,39,122,281,0,0,100,35,0,130,44,0,39,41,89,260,134,49,259,34,122,77,45
2022-12-17,0,30,32,100,44,37,0,176,33,117,261,0,0,98,32,0,104,43,0,39,47,75,262,125,45,164,39,122,78,41
2022-12-24,0,28,51,88,51,39,0,196,24,95,204,0,0,87,40,0,127,38,0,40,36,85,247,177,46,217,40,115,80,46
2022-12-31,0,33,45,103,44,43,0,235,37,111,334,0,0,99,41,0,135,39,0,38,46,85,239,95,52,188,37,134,76,44
2023-01-07,0,24,40,89,45,39,39,322,52,111,214,0,0,98,34,0,146,45,0,30,50,83,293,85,42,221,38,120,77,47
2023-01-14,0,24,49,91,37,35,0,210,38,116,271,0,0,92,40,40,89,41,0,37,38,91,248,133,48,188,30,142,80,37
2023-01-21,0,31,43,91,52,42,0,276,32,99,260,0,0,97,40,0,118,57,0,30,39,78,249,139,47,228,39,153,77,43
2023-01-28,0,39,37,91,54,37,0,246,35,108,312,0,0,96,37,0,151,42,0,38,40,78,238,136,50,202,45,143,69,41
2023-02-04,0,33,42,67,52,46,11,227,26,121,240,0,0,90,35,84,99,40,0,30,48,83,238,131,55,206,37,130,80,45
2023-02-11,0,26,30,79,35,38,8,205,45,110,311,0,0,98,44,67,111,45,0,31,36,76,253,80,55,268,50,116,70,36
2023-02-18,0,21,36,94,50,36,0,239,19,97,263,0,0,98,34,0,98,33,0,35,42,78,247,109,41,261,22,123,76,48
2023-02-25,0,40,39,76,43,34,22,212,42,111,240,0,0,102,35,0,105,40,0,39,38,87,291,142,53,258,35,118,78,38
2023-03-04,0,30,40,85,43,38,22,269,29,110,294,0,0,83,34,3,150,33,0,31,40,78,214,123,46,215,34,122,73,50
2023-03-11,0,42,42,63,60,39,0,298,31,106,298,0,0,79,39,6,97,45,0,41,45,76,221,101,43,211,38,109,72,40
2023-03-18,0,33,29,78,23,42,78,264,22,112,243,0,0,93,34,0,110,38,0,34,55,73,251,124,45,183,33,115,69,46
2023-03-25,0,35,39,100,47,34,0,209,28,112,212,0,0,94,39,80,114,32,0,26,39,78,227,103,39,164,26,142,73,44
2023-04-01,0,28,37,79,42,43,47,210,24,104,241,0,0,82,39,0,122,55,0,30,35,82,254,94,54,224,36,137,71,36
2023-04-08,0,27,54,87,33,34,0,190,30,109,279,0,0,90,34,0,127,40,0,29,43,68,248,122,57,227,43,116,66,41
2023-04-15,0,39,42,79,47,46,47,254,29,105,278,0,0,81,37,49,130,33,0,32,44,85,220,96,46,210,35,115,70,44
2023-04-22,0,38,42,74,43,37,66,195,32,97,229,0,0,82,37,19,116,55,0,41,21,67,237,108,53,220,36,110,76,39
2023-04-29,0,23,39,69,50,34,7,205,30,92,270,0,0,75,33,1,70,33,0,33,42,72,245,129,54,164,31,111,64,47
2023-05-06,0,29,37,56,39,38,0,221,25,114,345,0,0,81,31,18,139,28,0,27,36,69,249,98,42,233,39,126,64,36
2023-05-13,0,33,39,86,47,30,27,266,34,100,268,0,0,87,38,0,81,38,0,27,44,68,229,101,45,199,33,118,59,40
2023-05-20,0,36,39,79,44,30,0,242,24,98,224,0,0,80,41,45,96,40,0,27,33,59,205,77,45,179,30,107,76,44
2023-05-27,0,26,37,72,48,26,35,239,28,101,260,0,0,77,33,0,98,40,0,36,46,56,229,69,44,203,32,123,57,45
2023-06-03,0,23,45,87,38,40,4,244,28,83,178,0,0,71,32,55,111,39,0,26,37,71,203,123,38,159,40,107,67,33
2023-06-10,0,24,43,69,39,36,39,155,31,109,190,0,0,81,30,72,103,45,0,24,33,51,209,116,53,144,27,110,61,48
2023-06-17,0,35,33,60,40,37,0,223,32,113,252,0,0,77,36,0,62,40,0,38,36,65,225,118,51,129,33,104,71,36
2023-06-24,0,25,40,85,40,24,34,233,29,94,283,0,0,86,36,0,112,31,0,28,41,63,232,98,44,175,32,95,63,34
2023-07-01,0,19,37,52,39,38,65,209,34,100,281,0,0,74,33,35,86,47,0,37,32,65,218,80,41,202,33,115,64,45
2023-07-08,0,29,42,63,33,32,16,235,26,87,203,0,0,75,28,0,90,41,0,30,37,57,246,70,48,217,30,114,59,42
2023-07-15,0,41,39,69,42,36,10,221,40,86,249,0,0,74,41,103,103,33,0,25,42,52,242,113,44,204,38,100,65,35
2023-07-22,0,28,40,85,35,34,36,193,30,100,255,0,0,73,34,1,101,36,0,26,40,52,250,102,46,230,20,127,59,38
2023-07-29,0,31,42,70,37,34,0,218,35,83,226,0,0,74,32,9,96,33,0,27,44,72,200,139,46,242,38,118,55,42
2023-08-05,0,31,33,52,44,34,78,194,35,95,268,0,0,84,33,88,93,33,0,32,33,66,214,107,50,192,35,122,66,43
2023-08-12,0,19,38,81,38,35,47,150,26,92,232,0,0,78,32,0,114,28,0,24,37,61,228,73,48,208,33,139,75,33
2023-08-19,0,23,51,61,44,37,0,246,22,111,312,0,0,74,39,0,118,44,0,36,44,74,227,114,51,222,39,145,69,46
2023-08-26,0,14,43,73,35,44,0,217,26,116,210,0,0,75,33,0,73,43,0,34,38,65,241,107,48,244,29,116,68,47
2023-09-02,0,31,46,81,46,38,45,232,25,102,257,0,0,84,33,96,98,46,0,33,35,69,250,111,47,220,35,117,66,30
2023-09-09,0,23,35,89,34,41,42,248,32,122,314,0,0,83,34,72,114,28,0,42,36,63,217,97,48,222,39,128,71,45
2023-09-16,0,31,40,65,44,33,22,214,27,90,221,0,0,81,36,0,87,40,0,31,42,76,256,112,39,189,35,72,67,39
2023-09-23,0,35,43,81,36,41,128,206,35,100,346,0,0,85,42,105,103,39,0,36,45,72,250,117,38,195,31,144,66,45
2023-09-30,0,24,40,86,39,35,10,270,30,109,230,0,0,87,31,0,109,45,0,35,35,71,265,113,52,195,39,113,81,47
2023-10-07,0,30,38,99,43,40,0,299,33,95,286,0,0,94,36,9,144,42,0,33,49,77,255,107,46,209,42,151,67,39
2023-10-14,0,33,33,66,58,33,14,287,27,79,263,0,0,83,35,29,113,34,0,39,33,89,239,88,56,226,36,114,71,51
2023-10-21,0,28,46,82,50,41,53,254,38,94,197,0,0,87,43,0,112,46,0,31,49,70,231,133,38,167,39,113,75,44
2023-10-28,0,19,36,70,55,34,83,240,24,109,231,0,0,87,37,66,113,44,0,33,41,101,234,105,50,232,36,127,69,47
2023-11-04,0,37,49,94,46,36,41,322,35,105,307,0,0,95,34,0,122,36,0,23,44,83,235,98,46,232,42,145,74,36
2023-11-11,0,39,40,73,55,45,21,277,40,113,299,0,0,88,36,63,130,44,0,37,40,90,232,123,51,196,43,130,74,39
2023-11-18,0,20,42,98,37,34,9,344,32,109,268,0,0,96,33,83,108,46,0,32,44,79,276,127,52,252,41,149,81,37
2023-11-25,0,30,41,77,43,41,44,239,35,91,241,0,0,89,38,0,122,34,0,38,39,65,285,135,54,205,38,162,76,46
2023-12-02,0,32,36,95,30,31,76,252,37,114,275,0,0,103,40,48,140,45,0,27,40,80,235,85,54,336,35,113,76,39
2023-12-09,0,35,35,92,50,38,44,304,34,134,192,0,0,87,40,99,137,46,0,39,35,85,229,92,54,262,38,130,77,48
2023-12-16,0,40,45,78,41,42,33,262,46,120,308,0,0,98,32,0,97,38,0,26,37,85,271,106,57,254,34,125,73,42
2023-12-23,0,28,55,99,52,47,37,221,26,125,287,0,0,99,42,72,123,46,0,37,46,67,289,92,56,193,39,141,79,46
2023-12-30,0,29,42,77,51,39,65,245,35,112,277,0,0,93,40,2,148,39,0,34,42,82,239,150,47,153,34,126,80,52
2024-01-06,0,28,35,96,52,36,47,272,0,113,371,100,0,93,32,65,131,43,58,28,44,81,225,153,0,303,32,148,79,46
2024-01-13,0,29,45,85,31,34,132,310,0,138,264,0,0,99,44,63,123,40,0,24,53,76,229,131,0,244,41,124,85,35
2024-01-20,0,34,54,83,47,44,84,280,0,115,213,0,0,90,35,39,149,38,0,29,31,75,212,110,0,222,37,161,72,48
2024-01-27,0,36,42,101,43,45,54,227,0,109,250,20,0,102,46,0,81,45,32,37,48,82,248,146,0,197,32,149,75,48
2024-02-03,0,25,48,78,42,35,32,319,0,100,326,101,0,92,30,106,119,40,64,25,41,79,243,134,0,258,41,115,80,42
2024-02-10,0,36,37,79,45,36,30,280,0,117,201,0,0,84,43,21,131,42,43,36,34,83,224,125,0,222,40,136,71,44
2024-02-17,0,35,46,85,48,41,13,280,0,105,270,16,0,99,33,88,127,32,18,36,41,81,267,135,0,125,44,146,78,48
2024-02-24,0,28,44,84,51,35,48,278,0,91,245,27,0,96,38,52,141,45,0,30,42,76,218,117,0,252,39,140,76,37
2024-03-02,0,21,43,95,39,36,53,161,0,97,185,0,0,89,34,124,111,40,3,23,45,76,241,82,0,236,31,126,74,45
2024-03-09,0,38,51,80,49,37,45,202,0,105,330,102,0,83,38,43,142,37,76,30,44,78,241,98,0,240,34,118,68,47
2024-03-16,0,31,41,72,41,42,44,294,0,128,247,0,0,92,37,63,130,40,100,35,47,73,210,92,0,205,32,130,71,38
2024-03-23,0,29,46,91,45,32,118,223,0,116,254,95,0,90,36,11,92,45,0,42,37,70,224,111,0,180,27,134,75,49
2024-03-30,0,34,46,66,45,41,19,210,0,112,314,0,0,80,39,0,113,31,0,22,48,68,234,74,0,239,31,141,73,43
2024-04-06,0,29,48,93,43,35,53,229,0,97,227,0,0,88,35,0,144,46,56,45,32,61,273,115,0,298,34,115,75,37
2024-04-13,0,25,37,76,44,41,34,296,0,115,332,76,0,80,36,0,116,36,10,35,44,68,251,91,0,209,36,136,72,50
2024-04-20,0,37,38,58,43,31,101,258,0,92,250,86,0,81,32,52,113,45,0,35,33,75,244,137,0,178,28,119,77,41
2024-04-27,0,21,44,73,38,39,44,322,0,84,325,35,0,87,35,64,95,36,107,42,43,73,254,77,0,253,35,122,65,44
2024-05-04,0,30,37,83,36,24,60,219,0,92,276,0,0,78,44,0,122,33,64,25,40,73,193,83,0,168,30,112,67,39
2024-05-11,0,35,34,79,47,35,58,212,0,120,304,0,0,73,35,48,94,39,159,24,47,65,218,103,0,286,35,126,65,42
2024-05-18,0,23,48,57,36,29,36,186,0,91,272,108,0,74,33,81,105,41,85,37,48,61,211,115,0,270,24,100,62,43
2024-05-25,0,36,40,78,40,31,48,267,0,106,222,19,0,78,32,0,115,38,134,30,30,66,252,84,0,226,29,109,62,39
2024-06-01,0,27,35,74,35,30,132,177,0,111,293,55,0,78,32,44,118,30,100,30,42,53,230,75,0,263,34,112,71,41
2024-06-08,0,27,48,78,39,36,44,240,0,106,285,18,0,82,32,76,77,43,105,30,39,59,175,114,0,214,29,106,59,27
2024-06-15,0,30,35,71,35,41,39,276,0,115,248,22,0,76,35,38,95,32,138,26,36,58,242,91,0,166,28,110,71,42
2024-06-22,0,21,34,75,44,32,49,263,0,82,204,88,0,77,33,39,100,24,55,31,50,62,248,112,0,220,29,111,60,42
2024-06-29,0,19,38,57,36,36,79,238,0,85,310,65,0,73,34,95,103,44,72,36,34,69,237,112,0,216,25,94,61,36
2024-07-06,0,31,38,80,41,27,57,262,0,106,211,68,0,70,36,37,92,41,19,39,33,57,228,112,0,274,28,104,56,33
2024-07-13,0,30,45,56,36,40,92,277,0,82,127,96,0,66,30,98,117,46,126,27,42,81,257,81,0,228,34,103,69,47
2024-07-20,0,33,38,75,55,30,58,235,0,113,223,223,0,79,39,53,122,36,108,27,37,59,188,66,0,157,32,113,68,46
2024-07-27,0,27,36,83,42,41,49,211,0,103,254,136,0,79,28,55,107,32,26,28,35,62,209,84,0,206,31,116,66,42
2024-08-03,0,32,36,67,34,37,103,257,0,103,296,63,0,86,38,0,122,30,0,22,43,67,243,129,0,245,36,121,66,37
2024-08-10,0,30,39,73,34,36,38,260,0,103,192,174,0,73,39,67,123,40,49,32,41,77,247,99,0,162,27,120,68,34
2024-08-17,0,26,46,63,46,35,114,225,0,84,249,100,0,80,33,0,102,40,0,25,35,58,245,120,0,201,39,114,73,41
2024-08-24,0,18,27,84,49,41,85,229,0,97,188,115,0,81,29,179,101,40,125,38,33,70,236,104,0,221,31,122,63,46
2024-08-31,0,26,34,76,40,31,75,214,0,129,287,81,0,78,42,50,101,42,21,36,45,58,262,108,0,212,36,135,72,42
2024-09-07,0,27,41,67,30,41,86,288,0,108,256,0,0,77,35,9,98,48,30,32,42,74,260,99,0,229,31,101,63,35
2024-09-14,0,31,32,73,42,33,20,259,0,86,289,87,0,72,35,133,131,43,78,31,45,79,241,133,0,260,27,106,73,35
2024-09-21,0,33,38,77,45,37,122,190,0,123,256,52,0,86,36,0,113,41,64,25,36,71,201,79,0,241,41,110,77,46
2024-09-28,0,26,38,77,43,33,133,283,0,117,206,43,0,93,37,11,120,32,119,29,46,83,229,81,0,169,31,116,71,44
2024-10-05,0,28,28,64,52,36,62,268,0,109,204,117,0,87,33,110,103,30,27,30,38,62,234,138,0,177,33,136,69,44
2024-10-12,0,25,41,77,45,38,85,308,0,82,353,97,0,87,31,144,121,50,78,34,35,79,228,110,0,233,39,142,83,39
2024-10-19,0,31,42,92,44,37,73,253,0,110,265,126,0,92,38,126,92,34,0,22,43,82,232,111,0,208,31,133,77,40
2024-10-26,0,28,40,57,53,31,189,249,0,128,336,126,0,90,39,40,95,44,99,29,44,70,229,123,0,208,32,138,72,46
2024-11-02,0,27,47,97,39,24,82,329,0,117,247,20,0,89,40,32,121,41,95,42,45,68,259,113,0,184,35,117,74,41
2024-11-09,0,29,44,90,46,33,122,253,0,120,278,118,0,85,38,98,139,37,38,38,41,78,287,137,0,182,41,144,79,44
2024-11-16,0,27,44,73,50,41,73,228,0,114,250,5,0,95,33,43,107,44,99,43,42,89,220,148,0,261,28,121,70,46
2024-11-23,0,38,38,79,39,40,51,215,0,114,284,105,0,88,35,0,129,40,219,41,43,77,261,115,0,180,37,120,70,49
2024-11-30,0,35,43,97,47,41,70,247,0,116,291,106,0,93,42,43,123,41,53,40,46,72,253,125,0,190,39,132,83,42
2024-12-07,0,48,50,80,46,33,29,329,0,103,270,114,0,100,39,0,138,43,0,38,39,80,244,50,0,265,36,142,74,48
2024-12-14,0,42,53,75,39,42,44,265,0,121,317,148,0,93,34,21,134,27,150,34,40,87,262,103,0,230,41,107,81,50
2024-12-21,0,32,40,88,39,40,128,325,0,116,294,117,0,93,41,38,104,41,55,27,50,86,276,123,0,237,36,137,79,38
2024-12-28,0,34,41,76,38,39,106,226,0,105,267,53,0,101,35,117,117,42,115,31,44,90,259,114,0,287,36,120,79,46
2025-01-04,11,28,39,94,46,34,68,297,0,136,280,134,0,97,42,156,138,41,47,38,43,89,232,152,0,251,33,142,77,39
2025-01-11,7,39,37,100,42,42,109,294,0,137,350,242,15,95,36,81,127,41,0,40,43,70,237,86,0,228,33,140,81,49
2025-01-18,0,29,45,81,57,38,73,337,0,133,192,205,20,92,40,14,105,37,0,35,41,89,286,126,0,230,40,116,77,33
2025-01-25,26,41,50,87,37,39,114,342,0,94,269,177,41,85,34,105,123,44,152,38,38,73,272,113,0,211,37,137,84,53
2025-02-01,19,22,53,70,38,37,103,234,0,122,248,144,0,97,47,84,128,53,147,32,45,71,306,130,0,203,33,148,74,51
2025-02-08,20,32,41,88,59,41,146,242,0,125,340,98,97,99,34,20,136,35,101,35,49,81,285,126,0,193,33,114,75,44
2025-02-15,27,37,46,79,53,33,68,275,0,107,273,156,78,87,36,27,138,41,169,30,37,80,251,144,0,250,36,163,79,52
2025-02-22,33,28,44,97,39,39,100,296,0,126,217,79,35,91,37,126,113,39,125,41,50,78,234,104,0,279,39,105,80,40
2025-03-01,40,25,52,95,42,40,106,263,0,102,248,33,113,86,36,168,125,35,215,44,44,82,241,108,0,253,33,108,74,42
2025-03-08,32,36,50,84,43,44,97,252,0,86,266,155,25,90,36,0,93,40,103,34,34,72,211,81,0,180,37,127,74,39
2025-03-15,47,31,48,101,29,35,173,281,0,100,239,188,0,91,38,84,96,41,149,33,38,86,233,95,0,226,33,126,71,31
2025-03-22,61,28,42,76,42,35,119,256,0,105,343,196,84,85,34,91,134,39,59,29,42,55,276,120,0,250,46,109,73,35
2025-03-29,32,27,50,95,53,35,119,297,0,118,281,156,70,85,36,161,93,35,100,37,39,73,256,142,0,225,36,84,76,44
2025-04-05,58,37,33,87,48,39,124,233,0,104,330,229,74,87,39,35,88,45,87,31,44,72,243,133,0,269,30,136,78,43
2025-04-12,59,26,43,69,40,34,137,144,0,114,256,230,126,88,32,132,121,37,151,23,46,83,209,95,0,178,25,142,61,50
2025-04-19,75,27,32,76,42,33,63,226,0,119,196,80,50,76,25,87,106,34,52,31,50,68,225,83,0,193,34,114,73,44
2025-04-26,84,20,52,86,56,36,139,242,0,102,213,250,27,80,32,75,97,41,143,31,49,66,200,132,0,207,34,125,67,43
2025-05-03,52,32,42,66,39,40,49,244,0,114,215,68,126,80,34,62,79,39,133,35,45,67,254,87,0,206,31,135,73,42
2025-05-10,91,35,35,70,45,36,86,330,0,100,246,171,63,84,36,54,122,38,277,36,33,47,237,115,0,177,28,104,58,36
2025-05-17,82,31,42,80,40,35,150,286,0,94,194,175,91,71,39,65,126,36,155,36,43,71,244,125,0,173,38,117,69,46
2025-05-24,82,28,42,69,56,35,72,171,0,118,279,136,130,76,29,107,130,37,100,30,40,66,243,116,0,230,33,133,68,43
2025-05-31,51,26,27,67,57,30,6,251,0,104,323,272,63,83,34,96,91,44,112,37,41,69,203,126,0,142,32,116,70,43
2025-06-07,98,32,44,49,31,41,138,175,0,101,222,136,127,73,29,89,124,41,177,36,46,73,231,93,0,228,27,88,63,44
2025-06-14,100,25,42,88,47,36,76,258,0,110,218,171,128,77,40,121,109,35,90,19,43,74,242,89,0,228,22,101,70,37
2025-06-21,63,28,48,71,57,40,239,252,0,113,297,78,167,71,29,138,105,39,183,22,40,58,235,86,0,192,41,90,61,38
2025-06-28,94,28,42,60,41,41,109,228,0,97,166,79,103,75,32,126,85,32,218,33,46,65,253,103,0,209,37,86,69,44
2025-07-05,102,26,38,72,30,39,110,236,0,99,251,194,87,73,30,138,80,33,68,25,27,56,236,119,0,226,32,107,67,49
2025-07-12,135,33,43,75,40,34,146,259,0,112,271,200,69,73,36,150,99,35,243,34,31,64,245,90,0,279,27,109,63,37
2025-07-19,125,28,39,75,32,39,167,276,0,107,212,272,132,67,32,73,113,39,139,31,40,64,249,131,0,258,34,128,67,42
2025-07-26,133,26,33,70,38,36,107,242,0,98,263,192,155,81,29,119,94,36,94,35,38,66,244,91,0,201,33,105,57,47
2025-08-02,154,27,37,59,32,28,118,238,0,125,309,235,122,80,39,92,95,37,114,30,45,70,274,52,0,192,36,101,68,43
2025-08-09,120,28,53,79,36,45,109,209,0,93,178,114,155,65,39,173,101,33,182,29,41,62,250,103,0,174,28,123,74,30
2025-08-16,112,24,38,74,52,36,157,200,0,124,214,298,143,79,33,155,90,39,173,30,44,55,236,88,0,180,31,140,72,42
2025-08-23,111,37,41,63,37,34,152,210,0,105,285,216,164,83,34,98,115,43,184,18,36,65,254,100,0,229,31,131,60,49
2025-08-30,154,22,38,68,43,31,163,140,0,114,223,241,180,76,39,153,100,37,276,27,38,58,220,122,0,114,36,117,69,39
2025-09-06,148,37,49,73,44,33,83,199,0,136,207,198,214,75,39,53,86,33,164,33,37,76,253,118,0,254,31,87,72,44
2025-09-13,148,23,35,80,42,39,114,276,0,106,240,73,184,84,40,120,130,41,196,33,37,62,248,83,0,265,38,93,71,46
2025-09-20,169,38,42,85,40,39,169,248,0,108,305,225,202,92,37,35,133,30,78,40,35,72,236,109,0,206,36,126,73,36
2025-09-27,141,21,45,63,43,38,215,188,0,118,240,234,122,77,33,112,124,40,249,29,35,76,241,87,0,109,30,118,64,45
2025-10-04,164,22,51,58,40,38,108,216,0,105,316,173,275,84,38,136,119,42,214,36,34,66,244,118,0,183,37,123,72,52
2025-10-11,160,32,40,65,56,35,161,210,0,114,289,245,152,80,37,207,92,43,209,38,37,71,264,104,0,203,31,146,76,46
2025-10-18,160,36,40,74,50,33,142,288,0,116,262,191,210,88,36,134,133,35,226,28,39,59,234,136,0,244,45,114,78,43
2025-10-25,190,33,39,82,55,31,129,201,0,115,266,182,160,95,44,139,130,47,142,40,30,70,269,99,0,247,33,122,73,48
2025-11-01,185,36,39,67,58,33,85,249,0,132,208,254,249,88,37,158,127,35,332,26,42,64,241,142,0,181,33,133,78,44
2025-11-08,172,29,53,98,36,39,145,210,0,114,230,139,209,84,38,125,132,43,171,30,38,81,226,70,0,272,29,150,82,37
2025-11-15,158,27,40,96,50,29,166,269,0,112,357,105,243,100,41,125,124,30,177,35,40,90,259,125,0,194,35,116,82,43
2025-11-22,189,36,37,93,48,37,156,266,0,114,313,245,205,92,41,200,145,42,202,32,39,76,292,121,0,237,34,128,76,36
2025-11-29,203,26,34,84,39,33,119,278,0,134,320,257,232,86,35,86,125,42,127,25,47,78,270,131,0,253,37,124,83,47
2025-12-06,209,37,51,95,54,43,85,231,0,120,247,180,270,96,35,206,138,45,154,27,43,69,267,159,0,197,33,115,81,54
2025-12-13,215,29,46,100,47,34,69,216,0,106,366,276,248,95,37,74,125,43,132,45,39,97,296,58,0,137,40,137,80,43
2025-12-20,210,38,46,83,47,42,200,221,0,114,259,383,260,98,39,136,161,47,209,36,33,82,238,148,0,242,31,131,76,46
2025-12-27,201,30,45,113,48,31,130,240,0,127,296,122,229,89,38,93,134,40,197,39,46,79,278,120,0,209,38,129,78,44
