Date,UTE,ANS,ZZN,YGH,CVB,AGO,BHW,DHG,XTV,FFG,ZUM,AVT,VFJ,DTU,WTO,XZG,EZM,SNM,GRJ,BNJ,TZP,EFX,THB,CBL,UNU,FLR,XUC,BZX,GZW,CFP,ZMZ,BTM,FTB,WNB,CZF,DLJ,ABE,WFR,YAW,WAN,BLA,AFI,DNQ,VZY,ZTD
2025-01-01,0,83,1721,74,81,85,67,56,1014,0,50,78,1073,46,911,957,74,0,52,80,0,56,0,70,785,0,76,74,61,54,85,80,89,1114,54,91,83,2198,59,68,72,98,84,736,2260
2025-01-02,0,80,1884,64,69,111,75,55,1101,0,72,92,944,76,749,939,63,0,75,98,0,58,0,58,847,0,81,77,64,69,73,74,76,911,61,79,76,1960,65,82,70,73,99,765,2081
2025-01-03,0,78,1651,70,62,96,61,65,1059,0,67,82,814,73,738,907,92,0,77,55,0,53,0,67,786,0,78,75,82,64,117,95,89,938,57,109,75,2189,63,76,54,103,96,701,1778
2025-01-04,0,80,1672,78,71,91,70,58,936,0,72,94,777,51,677,773,91,0,69,47,0,40,0,57,734,0,75,72,66,79,85,76,87,859,56,83,68,1931,59,71,88,94,105,643,1801
2025-01-05,0,89,1657,74,77,71,72,52,762,0,65,87,631,70,717,702,77,0,62,76,0,57,0,64,775,0,72,71,60,60,89,94,84,1168,68,97,78,1795,53,63,69,91,94,655,2118
2025-01-06,0,70,1756,68,73,79,76,58,910,0,54,81,619,76,752,814,75,0,72,59,0,67,0,65,806,0,79,75,71,67,78,83,105,882,56,96,82,1767,73,74,65,77,84,649,2454
2025-01-07,0,91,1996,73,76,83,78,59,1048,0,60,81,932,78,870,1002,76,0,74,83,0,64,0,50,1008,0,82,81,67,64,103,87,69,1075,69,73,81,1657,67,82,73,81,84,769,1949
2025-01-08,0,75,2169,67,70,103,73,49,957,0,58,76,1046,51,962,1062,82,0,63,77,0,62,0,69,860,0,77,66,63,69,70,85,86,1339,65,84,78,2235,60,84,69,74,97,622,2423
2025-01-09,0,87,1725,74,63,78,78,67,829,0,63,84,944,89,828,901,73,0,62,95,0,45,0,69,962,0,77,77,75,75,104,64,76,988,54,105,72,2385,60,69,75,101,86,730,2053
2025-01-10,0,77,1386,70,73,99,69,51,875,0,52,91,1006,51,681,835,65,0,78,85,0,62,0,50,939,0,78,69,73,68,88,82,93,1028,57,83,77,2406,64,89,63,85,106,717,2280
2025-01-11,0,80,2057,71,74,79,72,58,983,0,71,77,815,78,732,782,83,0,61,64,0,40,0,60,755,0,76,78,60,85,86,82,86,795,59,78,77,1279,61,67,80,91,107,746,1845
2025-01-12,0,73,1491,67,71,112,70,53,956,0,55,88,803,80,620,791,77,0,65,86,0,64,0,68,770,0,79,85,50,61,81,92,75,792,56,91,75,1802,59,72,67,78,92,648,1857
2025-01-13,0,81,1516,76,75,98,73,62,718,0,42,81,936,67,799,847,79,0,71,78,0,63,0,70,619,0,78,75,64,73,77,73,99,900,51,104,83,2036,65,65,82,93,77,734,1823
2025-01-14,0,91,1814,62,64,77,78,49,1152,0,73,79,1047,56,900,938,85,0,76,89,0,71,0,60,724,0,76,73,50,80,98,81,79,1265,61,93,89,2174,60,72,66,101,88,731,2038
2025-01-15,0,73,2057,75,72,86,66,57,1186,0,68,89,676,62,864,994,89,0,65,83,0,51,0,73,815,0,86,78,67,80,65,80,107,1009,63,69,65,2137,66,83,76,103,93,628,2706
2025-01-16,0,91,2262,72,77,88,79,62,1235,0,76,94,946,46,840,893,79,0,65,72,0,85,0,57,836,0,83,73,54,105,88,93,74,1053,58,89,70,2151,61,72,54,87,100,705,2038
2025-01-17,0,75,1490,70,72,68,73,60,798,0,60,77,792,70,817,907,69,0,74,48,0,54,0,67,809,0,72,69,57,68,85,101,71,799,61,87,79,1839,57,70,79,95,102,553,1737
2025-01-18,0,80,1548,76,78,94,67,50,669,0,54,72,618,72,714,758,67,0,72,68,0,54,0,57,827,0,79,73,72,85,86,84,71,920,66,90,74,1760,67,74,74,78,92,547,1936
2025-01-19,0,85,2162,74,65,62,75,60,830,0,52,90,711,81,568,791,80,0,51,92,0,56,0,46,792,0,75,54,58,84,94,69,94,1175,65,105,65,1487,57,77,60,90,96,598,1336
2025-01-20,0,78,2565,69,79,83,72,56,1029,0,66,94,890,68,814,883,89,0,77,72,0,43,0,75,947,0,76,71,64,70,106,83,65,1037,53,75,78,1767,62,66,70,70,86,734,1871
2025-01-21,0,87,1716,72,67,75,69,61,999,0,65,83,864,54,758,908,72,0,73,65,0,52,0,64,872,0,79,77,49,78,91,78,75,989,58,82,73,2077,71,79,60,85,78,798,2522
2025-01-22,0,84,1952,71,61,80,72,60,959,0,65,85,911,80,923,971,76,0,73,70,0,77,0,43,963,0,75,73,46,56,105,83,90,956,64,100,80,2128,59,73,71,102,94,733,1974
2025-01-23,0,80,2440,62,80,72,72,54,978,0,67,83,942,55,942,984,82,0,80,70,0,64,0,54,926,0,81,69,61,88,91,89,82,889,67,93,82,1996,60,69,77,86,81,800,2412
2025-01-24,0,72,1731,77,75,92,74,62,1221,0,77,82,832,63,623,850,64,0,71,72,0,59,0,69,857,0,80,67,58,67,132,83,74,613,52,87,85,1759,69,76,69,94,90,850,1641
2025-01-25,0,93,1734,64,81,102,69,56,591,0,70,81,740,84,782,787,83,0,64,58,0,67,0,68,694,0,81,84,54,74,102,80,89,837,43,109,76,1991,60,79,62,90,86,760,2093
2025-01-26,0,76,1784,73,66,93,72,49,1124,0,65,73,891,66,638,802,80,0,56,85,0,44,0,59,791,0,76,74,72,63,105,66,77,866,62,95,75,2434,58,72,71,80,89,666,1818
2025-01-27,0,85,2113,74,69,76,74,57,957,0,51,89,931,61,755,866,91,0,78,77,0,55,0,70,914,0,71,77,59,79,92,95,74,1130,69,83,84,1558,59,66,60,91,90,715,1840
2025-01-28,0,85,2122,74,73,100,73,58,922,0,49,85,975,55,766,959,64,0,66,48,0,40,0,62,898,0,84,81,47,87,103,72,108,991,50,88,78,2276,65,71,50,95,77,727,2311
2025-01-29,0,80,1910,67,76,98,67,62,846,0,79,85,917,67,857,895,80,0,58,81,0,39,0,66,840,0,76,74,74,67,81,76,60,915,57,95,89,1841,62,72,63,101,94,771,2226
2025-01-30,0,79,1901,66,65,91,63,50,957,0,53,97,965,83,856,996,84,0,70,65,0,58,0,61,968,0,77,82,64,74,91,77,74,840,69,86,72,1452,57,80,85,110,75,733,2513
2025-01-31,0,83,2161,76,74,77,70,64,819,0,68,82,934,63,806,880,84,0,79,106,0,68,0,63,920,0,75,68,54,72,91,66,101,913,63,102,72,1541,68,72,83,92,98,649,2260
2025-02-01,0,86,1581,66,77,84,68,59,733,0,63,86,737,71,731,745,74,0,68,58,0,50,0,56,764,0,85,75,69,64,84,87,105,1053,59,68,75,2078,71,71,64,86,89,708,1703
2025-02-02,0,77,1336,76,69,92,77,54,792,0,57,79,905,74,782,850,80,0,63,84,0,64,0,64,827,0,82,77,71,54,95,79,92,642,54,95,81,1843,68,72,66,113,78,620,1734
2025-02-03,0,79,1858,78,79,78,71,56,869,0,68,78,873,66,703,882,79,0,69,98,0,42,0,53,716,0,81,64,53,66,85,87,68,602,57,76,69,1619,54,75,90,74,94,747,2093
2025-02-04,0,89,1847,71,70,101,66,53,1053,0,60,84,886,60,940,1019,94,0,70,88,0,52,0,58,740,0,75,76,67,71,87,80,54,736,61,86,77,1830,60,72,71,95,103,574,2015
2025-02-05,0,75,2189,60,67,88,69,58,1153,0,61,83,1025,73,790,1023,83,0,78,97,0,75,0,70,1047,0,76,58,58,61,71,73,113,1211,55,93,80,2316,65,64,73,90,85,747,2360
2025-02-06,0,71,2109,76,76,99,71,62,1205,0,65,84,1039,59,783,937,85,0,67,75,0,33,0,61,805,0,79,62,49,71,115,91,51,1012,40,90,82,2082,56,71,77,95,118,871,2259
2025-02-07,0,87,1499,77,65,83,69,52,1041,0,41,88,962,79,810,854,74,0,75,68,0,67,0,73,752,0,76,70,68,74,110,82,81,970,69,111,82,1649,64,70,53,78,82,553,2041
2025-02-08,0,97,1977,68,70,97,78,53,934,0,63,78,709,60,648,846,90,0,61,88,0,67,0,83,840,0,77,73,67,85,90,88,72,862,59,81,75,2100,65,76,82,69,47,564,1586
2025-02-09,0,74,1187,65,78,75,73,59,769,0,64,66,830,67,773,813,84,0,78,72,0,64,0,68,647,0,78,79,60,66,79,85,77,661,54,96,75,1761,51,76,62,89,93,596,2037
2025-02-10,0,93,1953,74,76,99,77,66,856,0,63,86,842,71,710,874,80,0,61,60,0,45,0,65,639,0,75,72,52,75,76,94,93,1080,58,90,76,1654,70,81,82,85,76,631,2096
2025-02-11,0,70,1672,71,74,89,71,55,1106,0,62,82,753,64,813,1041,74,0,55,70,0,55,0,67,956,0,78,78,71,77,96,84,86,853,59,101,84,2008,60,76,61,90,87,734,2321
2025-02-12,0,95,2052,74,67,87,66,49,956,0,69,87,1067,61,943,1120,96,0,78,88,0,66,0,58,815,0,79,81,50,72,94,82,94,893,64,79,70,2047,63,71,80,103,80,740,2238
2025-02-13,0,74,2070,72,70,75,67,67,1115,0,58,75,977,73,946,945,86,0,76,85,0,55,0,70,1029,0,76,77,59,69,79,83,82,914,66,128,83,1964,57,72,62,63,102,838,2367
2025-02-14,0,69,1778,72,71,97,68,54,860,0,80,93,691,77,752,774,89,0,75,79,0,61,0,63,813,0,80,74,58,62,77,75,48,812,58,115,81,1797,73,71,76,76,86,745,2115
2025-02-15,0,84,2214,77,70,102,71,57,907,0,53,75,867,59,719,768,74,0,64,75,0,43,0,56,610,0,85,77,54,62,87,72,53,1113,61,101,91,1527,62,69,60,91,96,686,1638
2025-02-16,0,92,1699,64,82,102,66,56,796,0,63,88,638,84,657,779,82,0,74,88,0,69,0,70,662,0,74,79,68,66,103,98,72,1042,65,99,74,1718,60,82,72,87,86,569,1946
2025-02-17,0,77,1732,73,71,95,74,58,980,0,61,83,880,50,601,858,74,0,66,80,0,67,0,53,614,0,82,69,53,68,89,94,71,1047,42,108,73,1547,59,69,76,80,77,746,1988
2025-02-18,0,71,1994,74,71,95,78,55,1149,0,54,87,923,64,875,885,85,0,70,101,0,53,0,73,778,0,71,78,68,77,98,74,71,894,63,90,72,1983,69,87,56,83,93,608,2036
2025-02-19,0,78,1861,80,69,93,69,55,968,0,62,95,982,64,902,990,88,0,72,70,0,51,0,61,902,0,87,85,59,74,75,86,79,1191,63,70,74,2351,73,74,74,75,109,760,2573
2025-02-20,0,92,2426,67,71,94,69,61,1224,0,61,78,1000,75,835,1012,81,0,70,69,0,81,0,56,802,0,74,77,66,73,80,106,123,1064,62,71,87,1857,49,72,58,92,90,770,1774
2025-02-21,0,87,2169,68,73,103,76,57,909,0,61,89,988,62,673,869,85,0,76,52,0,65,0,76,731,0,78,74,51,72,99,75,75,997,58,83,69,1337,53,72,82,94,85,647,2088
2025-02-22,0,90,1826,74,77,92,64,51,917,0,55,77,800,75,665,801,82,0,74,74,0,31,0,60,833,0,77,80,71,76,110,88,64,618,56,103,76,1351,70,81,49,64,85,558,2026
2025-02-23,0,81,1790,71,70,94,72,61,742,0,71,79,737,57,797,790,66,0,67,69,0,50,0,53,755,0,79,64,53,86,107,79,71,846,46,83,79,1564,71,69,54,92,106,616,1594
2025-02-24,0,83,2135,73,67,99,74,51,879,0,59,89,878,67,861,905,83,0,66,51,0,61,0,73,767,0,84,80,64,69,61,91,96,1171,61,88,80,1936,62,75,56,107,94,715,2200
2025-02-25,0,96,1999,71,61,98,68,60,938,0,57,86,1078,63,734,945,72,0,66,73,0,45,0,58,896,0,76,75,65,84,73,79,92,985,57,79,87,2240,56,63,63,76,91,832,2258
2025-02-26,0,79,2454,76,74,92,73,56,1028,0,67,77,1144,69,874,956,74,0,79,77,0,60,0,56,834,0,84,72,63,72,66,87,74,1249,60,58,78,2285,69,66,74,98,83,900,2154
2025-02-27,0,73,1522,73,70,94,77,71,814,0,63,78,998,81,873,990,73,0,62,67,0,61,0,73,698,0,82,80,64,78,90,79,85,998,62,106,70,2237,61,82,82,89,73,763,1944
2025-02-28,0,79,1743,68,72,85,65,51,1148,0,61,76,972,62,837,941,79,0,51,69,0,67,0,62,752,0,82,73,62,73,104,84,107,912,65,84,79,1484,64,72,71,110,96,751,1890
2025-03-01,0,79,1809,78,74,84,68,59,857,0,60,83,1117,63,620,813,79,0,66,44,0,47,0,55,831,0,77,65,60,63,87,85,90,747,61,109,80,1975,52,73,64,99,93,596,1886
2025-03-02,0,78,1794,72,69,71,74,52,800,0,61,89,840,62,778,840,78,0,55,51,0,62,0,68,816,0,73,76,58,76,93,92,93,861,67,103,78,1375,76,80,86,94,107,651,1793
2025-03-03,0,83,2271,72,68,90,68,56,957,0,72,92,982,72,661,911,86,0,72,82,0,37,0,68,914,0,77,81,73,64,75,86,77,1035,52,104,79,1623,60,80,84,95,95,687,2279
2025-03-04,0,90,2498,65,77,99,67,53,1072,0,56,85,1015,67,748,954,82,0,61,74,0,66,0,59,903,0,77,69,63,97,94,77,86,1358,64,79,74,1967,55,72,77,86,98,786,2132
2025-03-05,0,76,1963,69,81,106,70,59,1180,0,59,70,1147,65,923,995,84,0,68,49,0,63,0,57,888,0,90,77,59,78,77,96,97,1013,74,89,79,2077,63,79,69,92,82,855,2215
2025-03-06,0,82,2288,77,79,85,75,57,936,0,59,82,929,63,878,950,89,0,69,78,0,67,0,67,830,0,80,77,82,70,110,85,84,989,59,116,77,2265,62,76,77,90,84,704,2078
2025-03-07,0,77,2250,69,72,103,69,54,853,0,54,86,809,70,797,891,75,0,75,71,0,46,0,65,856,0,78,72,66,60,103,89,77,1094,59,106,75,1836,68,69,79,96,93,578,1862
2025-03-08,0,86,2032,74,74,91,76,63,845,0,67,96,755,63,672,801,65,0,66,62,0,67,0,55,663,0,76,76,70,74,86,100,71,692,64,79,87,1660,71,80,79,90,93,648,2073
2025-03-09,0,79,1805,73,83,91,73,57,878,0,65,93,836,73,680,784,76,0,79,63,0,70,0,64,782,0,81,66,59,72,116,57,54,488,55,111,68,1661,62,77,62,88,96,639,1699
2025-03-10,0,86,1717,79,76,76,70,66,1114,0,66,87,998,75,791,806,79,0,71,66,0,59,0,69,943,0,79,74,55,67,75,81,80,800,56,107,82,1755,60,81,75,99,92,815,2315
2025-03-11,0,84,1685,71,61,91,71,58,850,0,63,80,909,60,929,971,66,0,64,53,0,50,0,61,823,0,82,77,70,73,91,92,84,775,60,87,83,1960,61,75,62,98,105,793,2266
2025-03-12,0,77,2028,66,75,72,65,60,1066,0,62,70,979,65,898,948,71,0,74,70,0,54,0,74,899,0,77,83,47,77,87,90,71,1021,59,110,80,2199,55,87,71,87,99,794,1919
2025-03-13,0,84,2329,71,74,81,67,55,1034,0,55,86,950,68,797,935,76,0,63,59,0,43,0,57,840,0,72,66,60,67,85,111,91,1337,69,90,74,2070,64,68,73,107,89,821,2284
2025-03-14,0,90,1793,74,66,73,78,50,1111,0,64,88,796,70,630,867,71,0,68,81,0,57,0,58,919,0,79,71,68,61,89,81,97,1109,62,102,86,2292,69,84,64,72,111,489,2249
2025-03-15,0,82,1745,72,72,109,74,55,854,0,69,92,882,51,795,815,77,0,63,70,0,57,0,67,799,0,76,86,63,84,82,87,94,1030,62,92,67,1758,69,77,71,84,98,557,2154
2025-03-16,0,83,1484,72,78,95,75,51,968,0,60,88,696,72,688,783,76,0,68,73,0,62,0,65,618,0,84,70,71,70,76,82,93,1078,55,94,78,1846,59,70,46,85,77,568,2054
2025-03-17,0,80,2054,76,75,100,68,59,976,0,55,79,864,45,745,878,72,0,58,59,0,65,0,59,736,0,76,68,55,80,100,85,75,1041,69,109,74,1549,64,80,65,90,95,556,2062
2025-03-18,0,94,2114,71,71,93,79,59,881,0,66,85,1077,67,797,912,80,0,80,51,0,72,0,60,900,0,89,68,62,64,102,92,86,1196,66,93,86,1902,55,78,58,77,80,881,2546
2025-03-19,0,76,2292,71,66,71,69,48,1062,0,48,90,901,69,935,968,62,0,77,84,0,53,0,79,1041,0,75,76,67,69,100,75,84,812,54,54,82,2274,61,86,78,96,106,853,2353
2025-03-20,0,85,1797,74,76,86,72,70,1092,0,64,88,1051,54,833,888,78,0,61,71,0,37,0,54,834,0,83,73,56,77,113,96,89,1161,53,74,73,1833,74,71,67,83,105,868,2347
2025-03-21,0,79,2306,69,77,87,72,57,861,0,57,83,1001,74,736,893,76,0,74,67,0,27,0,54,834,0,77,79,67,60,110,92,64,882,58,80,79,2091,58,76,76,89,95,617,1840
2025-03-22,0,68,2187,77,82,92,71,57,680,0,57,90,791,65,589,773,88,0,60,57,0,58,0,45,798,0,79,68,51,48,80,75,89,833,63,115,75,1667,66,64,68,91,87,590,2123
2025-03-23,0,92,1719,70,69,75,61,54,719,0,55,89,860,71,675,800,94,0,75,69,0,62,0,57,440,0,77,85,71,90,91,106,88,1144,60,72,87,1145,63,76,73,97,86,543,2021
2025-03-24,0,91,1918,74,69,95,72,51,984,0,52,78,520,48,733,853,75,0,74,63,0,57,0,61,850,0,70,67,70,72,92,98,88,1029,63,72,77,1715,66,78,81,82,98,768,1916
2025-03-25,0,74,2194,71,69,82,74,67,818,0,54,93,1094,74,821,960,68,0,80,78,0,63,0,63,910,0,86,82,77,68,84,90,95,1147,61,95,72,1838,59,71,74,92,106,827,2185
2025-03-26,0,91,2185,70,61,88,74,50,1244,0,57,75,1059,73,805,1008,79,0,67,62,0,47,0,52,722,0,78,64,46,73,91,60,67,897,68,89,78,2088,67,72,65,93,79,890,2197
2025-03-27,0,80,1799,75,67,104,68,56,1113,0,47,88,905,65,795,949,85,0,78,74,0,49,0,54,782,0,79,81,62,76,100,82,87,1191,68,93,71,1753,58,68,66,94,97,739,1904
2025-03-28,0,87,1814,72,80,89,79,68,1176,0,63,90,957,66,887,961,76,0,73,100,0,43,0,58,660,0,79,72,57,72,70,78,108,873,62,91,84,1894,71,66,60,71,88,673,2182
2025-03-29,0,72,2041,68,70,89,73,53,610,0,63,98,631,82,747,813,96,0,67,76,0,52,0,59,643,0,82,73,65,72,106,96,97,857,47,98,73,2143,62,61,38,95,101,598,2156
2025-03-30,0,87,2126,73,78,92,72,47,1032,0,55,92,797,52,755,834,75,0,74,97,0,61,0,71,756,0,80,65,64,66,97,86,85,620,52,110,83,1552,58,65,62,111,95,606,1627
2025-03-31,0,85,2063,74,71,95,82,61,1075,0,65,83,825,65,871,877,83,0,76,73,0,53,0,54,744,0,76,75,59,94,85,86,83,1003,62,127,76,2257,73,70,63,84,92,684,2434
2025-04-01,0,73,2416,72,81,84,74,58,992,0,71,83,789,66,825,916,68,0,0,53,0,59,0,75,948,23,82,80,57,72,126,65,69,907,61,84,76,1521,66,78,64,82,88,617,2030
2025-04-02,27,91,2279,70,76,92,72,58,1147,0,64,75,808,63,847,1005,87,0,0,52,0,55,0,59,912,0,82,81,75,80,95,68,96,989,70,79,81,2320,58,82,65,82,100,730,2073
2025-04-03,0,85,2216,70,85,86,73,66,979,0,85,85,1062,90,745,933,79,0,0,55,0,46,0,61,867,0,77,73,47,74,90,90,59,1048,50,113,66,1926,53,87,57,101,84,731,2236
2025-04-04,7,86,1762,68,71,90,71,52,935,0,55,83,796,88,829,917,73,0,0,66,0,55,0,59,849,0,71,69,68,53,88,74,88,1018,63,86,79,2072,63,76,77,100,87,715,2246
2025-04-05,23,73,1534,80,70,97,75,48,874,0,74,87,1068,76,719,761,76,0,0,91,0,50,0,50,968,87,73,79,62,55,70,75,103,1108,56,97,77,1781,62,74,73,90,91,649,1646
2025-04-06,0,83,1736,67,67,101,68,64,761,0,70,93,833,53,700,808,78,0,0,92,0,66,0,69,741,0,84,88,64,77,79,82,75,908,54,90,78,1561,67,50,65,73,83,512,2122
2025-04-07,76,96,1810,77,68,77,73,52,955,0,64,83,663,73,870,903,82,0,0,60,0,60,0,58,876,60,81,67,76,65,82,83,104,1327,53,108,73,1908,65,74,68,96,87,642,1836
2025-04-08,0,73,1811,73,80,91,73,56,1030,0,67,97,921,67,860,1012,83,0,0,59,0,61,0,65,916,0,78,66,66,66,79,77,91,925,63,105,77,2273,64,74,77,78,82,713,2206
2025-04-09,10,69,1993,67,72,92,72,62,1150,0,60,88,984,87,857,1007,86,0,0,68,0,46,0,60,1017,12,79,81,58,78,88,95,76,965,60,72,74,2558,64,79,72,114,86,763,2708
2025-04-10,17,82,1821,66,80,89,66,50,998,0,63,92,793,51,804,987,79,0,0,47,0,59,0,66,884,24,78,70,62,80,77,100,71,1114,50,99,83,2125,59,70,63,94,85,808,2191
2025-04-11,23,75,1953,73,68,75,74,60,1226,0,53,95,946,68,735,920,79,0,0,79,0,64,0,66,931,28,75,71,64,71,91,86,92,1341,59,68,80,1809,71,77,64,96,102,706,1784
2025-04-12,8,79,1629,84,72,80,80,60,874,0,68,86,764,72,788,775,66,0,0,108,0,54,0,59,657,0,81,85,60,79,103,79,82,845,53,93,79,1534,60,73,60,92,89,593,1768
2025-04-13,25,87,2076,68,68,108,68,65,785,0,68,89,529,89,599,830,70,0,0,67,0,77,0,58,587,53,82,65,62,78,95,79,103,982,65,89,82,1256,60,71,68,94,90,525,1546
2025-04-14,0,85,1725,69,80,88,71,54,1005,0,58,87,945,78,777,849,85,0,0,50,0,62,0,59,993,0,81,92,50,82,98,80,94,807,47,89,77,1689,70,76,89,82,74,624,1707
2025-04-15,2,83,2040,74,72,94,68,50,1067,0,73,77,951,64,769,948,93,0,0,58,0,41,0,67,967,60,85,70,62,72,109,80,92,1311,67,88,78,1995,60,68,56,82,100,907,2202
2025-04-16,2,77,1813,74,76,81,63,46,1111,0,67,77,901,66,920,987,54,0,0,77,0,38,0,73,827,0,78,64,55,71,71,95,77,1192,55,126,87,2106,55,65,69,90,83,958,2316
2025-04-17,0,73,2140,68,69,103,73,56,966,0,51,95,877,52,929,951,87,0,0,68,0,71,0,50,928,4,75,74,52,72,122,91,112,959,55,88,78,1988,62,71,63,95,95,843,2092
2025-04-18,0,76,1545,71,69,89,73,59,955,0,63,94,806,49,704,813,76,0,0,97,0,41,0,63,835,13,75,77,72,67,97,56,84,1018,63,60,72,2089,65,76,40,76,97,620,2203
2025-04-19,0,85,1707,70,74,75,74,53,878,0,60,90,789,65,693,736,86,0,0,56,0,60,0,71,680,32,83,81,61,69,105,89,86,767,54,72,72,1849,61,78,54,100,108,492,2093
2025-04-20,5,83,1229,77,74,88,75,58,793,0,64,90,602,83,714,816,75,0,0,56,0,60,0,67,730,0,81,71,70,87,75,90,109,1290,52,103,78,1823,62,81,66,113,92,480,2089
2025-04-21,26,88,2195,75,76,84,63,55,1044,0,72,81,867,55,722,831,78,0,0,59,0,45,0,75,905,21,73,71,55,73,60,80,86,1109,71,61,77,2099,53,73,86,79,99,738,1948
2025-04-22,30,81,2217,68,66,103,68,58,866,0,68,88,1081,47,882,998,82,0,0,66,0,53,0,57,816,0,83,79,60,86,96,85,75,1191,52,83,79,1904,63,69,53,101,100,691,2161
2025-04-23,0,79,2090,75,76,106,73,60,854,0,59,83,1095,72,866,957,84,0,0,69,0,63,0,67,748,67,79,74,62,70,85,81,97,1428,56,118,69,2278,54,69,68,91,96,780,2260
2025-04-24,17,75,1986,63,80,91,68,64,1158,0,75,93,864,71,890,935,76,0,0,37,0,48,0,69,946,0,82,65,66,79,95,80,104,1434,69,80,85,2199,57,74,63,87,90,859,2239
2025-04-25,6,78,2249,76,68,111,74,59,1092,0,59,89,913,71,720,937,76,0,0,78,0,63,0,59,909,0,81,82,68,80,99,82,84,902,66,71,77,1864,63,75,72,87,85,615,1871
2025-04-26,5,87,1787,80,70,105,79,61,939,0,53,86,1036,69,755,795,91,0,0,74,0,64,0,64,606,70,81,62,76,60,93,89,98,909,59,111,83,2382,66,76,79,101,107,560,2045
2025-04-27,23,78,1592,77,81,86,70,47,1066,0,55,99,975,54,623,796,78,0,0,67,0,76,0,74,767,0,76,77,59,79,104,86,97,1119,46,71,90,1642,62,65,65,96,91,593,2063
2025-04-28,53,85,2309,68,72,88,66,71,712,0,68,85,895,70,788,833,78,0,0,76,0,55,0,60,918,0,76,74,70,69,90,82,108,1021,60,87,85,2025,71,74,85,104,91,582,2213
2025-04-29,0,73,1962,70,73,105,73,50,1023,0,51,75,719,63,883,998,92,0,0,77,0,61,0,55,758,0,78,74,51,78,87,85,99,913,53,105,74,2318,64,73,49,91,104,726,2309
2025-04-30,67,90,2239,80,84,60,73,59,1069,0,60,86,972,80,823,992,80,0,0,56,0,51,0,64,1039,0,71,79,46,80,85,73,93,1058,65,106,66,2365,64,78,67,84,107,720,2832
2025-05-01,0,81,2162,71,73,74,72,50,1009,0,68,72,975,68,882,952,80,0,0,70,0,50,0,70,989,0,82,69,60,88,82,90,87,798,45,116,74,2059,67,69,85,88,101,829,2303
2025-05-02,10,86,1898,66,69,89,72,64,894,0,71,80,860,58,771,872,70,0,0,67,0,63,0,55,763,76,75,68,69,65,72,89,89,803,48,71,70,2357,60,75,70,107,106,703,2427
2025-05-03,0,85,1517,77,67,84,74,56,947,0,47,85,754,69,616,760,87,0,0,74,0,37,0,74,659,32,85,61,79,77,70,84,104,1150,68,96,75,1911,63,67,65,90,105,569,1987
2025-05-04,0,75,1816,72,74,91,72,61,1040,0,56,88,788,75,765,833,62,0,0,83,0,65,0,65,773,0,78,74,51,67,76,88,109,897,61,89,83,1534,64,76,77,76,92,574,1718
2025-05-05,44,84,1621,71,63,85,68,54,960,0,65,86,725,73,805,861,81,0,0,60,0,37,0,80,906,94,83,63,58,79,91,71,113,1167,57,106,74,2153,60,62,50,106,91,603,2355
2025-05-06,0,93,2158,83,72,68,75,58,949,0,56,90,894,70,803,978,82,0,0,71,0,60,0,61,821,31,86,65,62,87,69,79,106,1081,74,106,81,1489,62,72,84,109,107,646,1855
2025-05-07,3,92,2274,71,82,90,68,51,946,0,63,76,1019,51,922,1032,80,0,0,62,0,62,0,65,936,35,77,74,60,74,96,88,89,539,62,94,67,2064,73,68,68,98,97,749,2357
2025-05-08,68,90,2279,69,68,111,75,59,984,0,61,86,972,71,856,977,76,0,0,72,0,57,0,68,784,29,74,85,59,75,101,103,82,1243,52,107,84,1751,69,73,77,89,104,735,2198
2025-05-09,8,89,2239,75,68,96,72,54,795,0,61,84,971,77,713,863,78,0,0,81,0,51,0,69,830,0,80,77,53,76,83,76,92,922,69,95,72,1918,68,74,78,65,90,610,2064
2025-05-10,0,84,1461,67,78,100,69,60,970,0,62,93,736,91,690,769,80,0,0,62,0,54,0,61,792,0,72,72,60,81,89,75,65,622,63,73,81,1718,65,68,80,90,101,397,1915
2025-05-11,31,83,1963,76,84,87,65,47,998,0,47,86,895,73,703,814,79,0,0,80,0,53,0,65,906,0,77,65,58,76,87,79,100,371,43,87,79,1766,61,73,74,87,113,547,2129
2025-05-12,9,84,1618,77,61,88,75,60,915,0,63,79,867,70,785,895,68,0,0,92,0,56,0,60,858,0,78,75,71,84,90,73,84,1178,68,86,74,1816,60,69,81,98,116,758,2203
2025-05-13,0,88,1866,67,76,114,75,56,900,0,78,74,869,46,842,934,77,0,0,56,0,36,0,75,1000,36,79,72,66,70,111,74,88,1383,62,107,75,2327,73,65,72,88,82,712,2071
2025-05-14,22,72,2807,80,75,90,76,61,968,0,54,90,903,74,887,920,85,0,0,65,0,70,0,69,924,16,85,74,71,84,62,92,104,991,54,105,87,2203,56,79,75,88,107,890,2268
2025-05-15,54,75,1998,66,70,84,71,57,1103,0,58,75,920,85,948,902,66,0,0,82,0,64,0,66,878,30,82,82,55,65,77,78,88,972,39,66,79,2180,50,79,73,100,101,654,2060
2025-05-16,8,76,2011,71,67,76,72,58,1072,0,56,93,817,49,780,890,84,0,0,91,0,52,0,56,853,13,69,64,54,94,59,77,69,808,58,102,82,1821,48,81,66,98,84,830,2042
2025-05-17,0,89,1943,74,75,94,74,58,920,0,72,88,1001,74,582,818,82,0,0,69,0,63,0,74,657,54,83,60,66,76,88,97,111,648,54,99,75,1236,67,82,65,105,97,633,1471
2025-05-18,55,80,1467,70,73,83,75,59,811,0,59,97,749,47,813,874,89,0,0,73,0,60,0,40,721,33,83,75,64,92,92,88,89,937,58,81,88,1794,59,77,65,105,104,526,2259
2025-05-19,1,88,1709,74,78,70,76,47,794,0,55,84,894,60,668,868,77,0,0,75,0,51,0,66,931,0,79,75,51,82,107,74,79,754,45,119,79,1726,67,79,68,98,95,740,2141
2025-05-20,43,65,1780,77,72,76,79,58,1305,0,66,80,841,60,798,978,77,0,0,77,0,79,0,67,997,87,77,77,63,71,90,73,86,816,66,78,78,2394,61,67,62,94,85,823,1901
2025-05-21,10,81,2348,77,80,84,78,56,1180,0,73,77,821,75,923,976,79,0,0,84,0,76,0,70,809,0,81,71,67,76,79,103,93,1033,53,78,83,2242,56,75,69,112,100,727,2313
2025-05-22,15,82,2369,68,72,111,78,56,1057,0,62,93,983,59,733,960,76,0,0,71,0,67,0,61,972,0,79,64,62,84,80,78,79,1263,61,107,77,1790,69,73,53,103,100,766,2126
2025-05-23,0,84,1972,72,60,99,72,57,919,0,57,87,920,57,784,838,73,0,0,68,0,55,0,71,827,54,79,89,57,77,83,80,68,1110,75,88,67,2449,72,81,80,77,94,701,1641
2025-05-24,16,69,1631,73,75,96,73,56,890,0,82,93,737,74,725,803,67,0,0,68,0,75,0,55,723,9,82,79,43,83,58,87,60,740,65,83,72,1733,63,67,66,104,93,553,2231
2025-05-25,27,86,1898,62,72,80,72,60,906,0,66,78,864,80,765,845,76,0,0,76,0,58,0,84,936,0,79,66,69,76,100,80,70,834,52,90,78,1552,66,75,77,97,84,625,1927
2025-05-26,43,98,1548,69,74,100,72,63,891,0,66,88,731,34,864,875,86,0,0,68,0,45,0,60,913,0,83,72,71,82,94,88,90,684,58,50,80,1910,65,71,65,87,107,647,1895
2025-05-27,19,80,1830,72,86,78,77,63,1094,0,65,87,994,63,724,881,83,0,0,73,0,61,0,69,991,48,77,62,65,89,110,98,99,898,55,91,82,1678,68,83,76,97,98,725,2275
2025-05-28,36,74,2158,67,66,71,74,51,1052,0,60,77,1099,79,925,982,71,0,0,74,0,87,0,69,824,12,86,78,66,70,81,72,52,651,49,80,78,1887,58,74,76,102,108,871,2467
2025-05-29,0,85,2064,79,65,80,69,60,1128,0,60,94,924,64,809,959,73,0,0,44,0,56,0,67,907,36,81,68,54,76,86,75,78,849,76,89,71,2303,60,66,60,93,94,701,2105
2025-05-30,31,95,2132,72,76,110,74,54,1046,0,81,78,1119,77,783,884,88,0,0,64,0,67,0,63,819,36,81,83,71,75,68,97,90,710,52,78,88,1784,58,71,68,97,94,617,2203
2025-05-31,54,77,1589,79,81,80,77,62,549,0,51,74,694,85,738,800,78,0,0,57,0,69,0,46,678,6,72,75,57,79,68,76,96,864,65,81,76,1566,76,74,74,106,93,701,1608
2025-06-01,0,86,1558,76,69,96,69,60,777,0,60,90,965,87,689,853,78,0,0,64,0,50,0,57,689,2,87,73,49,84,64,59,82,855,53,82,80,1709,66,71,72,101,105,645,1998
2025-06-02,52,82,2611,79,70,103,64,50,910,0,55,83,983,71,755,849,77,0,0,66,0,83,0,64,821,58,80,72,73,81,107,88,93,1093,60,54,85,1647,66,72,68,65,83,765,1701
2025-06-03,0,87,2218,76,73,98,72,62,1034,0,60,74,1020,59,813,940,75,0,0,72,0,58,0,56,1000,1,80,73,80,78,66,107,92,882,62,92,74,1884,66,72,67,85,104,724,2339
2025-06-04,0,90,2190,75,72,109,74,54,1181,0,71,82,1035,62,972,962,83,0,0,70,0,52,0,59,973,0,81,78,68,64,95,90,112,1206,76,100,87,2208,64,78,60,94,79,681,2137
2025-06-05,50,91,2049,75,77,74,68,57,847,0,54,92,894,67,835,972,79,0,0,66,0,62,0,62,831,55,73,80,55,84,92,97,97,967,56,79,74,2162,71,72,69,92,112,835,2159
2025-06-06,57,80,2252,75,67,77,68,59,937,0,46,96,781,70,773,843,89,0,0,61,0,58,0,70,741,2,89,74,65,69,76,96,121,903,65,99,73,1597,67,68,87,111,86,672,2097
2025-06-07,0,83,1846,69,75,99,66,56,700,0,60,93,806,77,703,750,84,0,0,59,0,52,0,51,743,0,76,75,65,64,89,85,92,939,63,90,83,1286,64,79,69,84,82,626,2157
2025-06-08,0,96,1677,78,72,74,67,64,1069,0,67,84,996,68,599,830,86,0,0,83,0,36,0,65,907,49,89,69,73,50,84,78,111,1076,48,91,75,1305,63,72,67,99,92,534,2086
2025-06-09,0,90,1775,67,76,106,77,55,754,0,68,88,786,88,780,847,90,0,0,43,0,54,0,66,655,5,80,78,43,77,76,92,90,1187,43,102,79,1949,68,69,49,85,85,542,2280
2025-06-10,21,92,1781,71,78,95,75,59,963,0,78,93,851,78,870,856,60,0,0,44,0,47,0,64,1009,29,76,77,62,71,85,85,86,1097,70,95,76,1888,65,77,71,97,109,693,2275
2025-06-11,6,92,2052,77,69,95,72,47,938,0,58,88,998,70,885,1014,70,0,0,84,0,66,0,50,979,31,73,78,53,91,99,76,120,1194,72,91,82,2046,59,70,71,92,107,764,2382
2025-06-12,0,94,1742,67,60,94,70,59,1097,0,62,87,1033,65,940,922,77,0,0,83,0,48,0,60,860,1,88,73,70,75,79,85,73,853,53,113,70,1760,61,71,67,88,88,724,2478
2025-06-13,48,89,1930,76,68,74,68,63,859,0,58,69,840,73,660,833,74,0,0,64,0,65,0,82,749,69,82,81,68,71,88,86,78,979,58,80,86,1286,67,75,70,113,109,749,2413
2025-06-14,0,84,1748,76,78,86,74,53,687,0,61,93,669,78,599,792,72,0,0,61,0,68,0,54,703,12,77,73,62,76,88,87,100,982,55,61,82,1606,58,67,83,84,101,549,2067
2025-06-15,0,81,1851,74,74,119,72,68,1013,0,67,75,884,60,822,712,85,0,0,96,0,47,0,72,610,5,78,78,72,73,108,95,78,1063,61,81,92,2039,56,77,72,88,97,628,1665
2025-06-16,66,89,2106,66,81,96,69,60,1085,0,72,92,954,61,743,944,72,0,0,65,0,44,0,64,890,14,78,82,52,60,74,58,91,1120,59,93,88,1412,70,76,53,92,82,639,2051
2025-06-17,65,76,2560,77,77,73,71,63,939,0,55,78,1022,72,876,1001,70,0,0,66,0,69,0,55,802,10,74,70,60,73,93,77,77,1078,63,74,73,2351,61,80,75,107,99,793,2586
2025-06-18,0,70,2244,71,78,110,75,64,1035,0,50,79,937,77,858,990,72,0,0,73,0,64,0,49,998,0,85,80,66,100,106,95,98,1291,56,100,87,1955,53,69,57,90,93,688,2415
2025-06-19,15,91,1802,74,68,102,70,63,1149,0,61,98,844,55,861,965,78,0,0,69,0,47,0,64,891,67,84,81,58,92,85,94,78,791,63,111,70,2287,69,72,64,64,104,815,2208
2025-06-20,26,78,1926,76,80,91,71,58,1077,0,66,71,883,56,794,915,86,0,0,68,0,65,0,67,756,36,78,76,65,75,89,94,80,665,59,102,77,1699,68,71,83,97,105,680,2027
2025-06-21,20,79,1654,69,72,62,72,61,1041,0,54,78,856,63,717,810,72,0,0,57,0,54,0,58,744,29,73,67,62,74,99,90,97,728,78,86,89,1552,60,76,69,63,103,624,2117
2025-06-22,8,90,1946,77,67,90,68,49,899,0,56,85,899,72,678,857,85,0,0,64,0,44,0,64,872,0,81,69,65,81,102,67,89,958,61,66,86,1676,55,71,63,76,87,651,1819
2025-06-23,0,85,1651,72,71,108,70,57,826,0,52,90,762,80,823,941,70,0,0,78,0,58,0,68,812,12,76,72,65,86,90,86,104,1100,64,99,81,1850,66,82,65,93,105,727,2079
2025-06-24,47,82,1547,79,72,96,72,62,1074,0,65,85,938,71,866,902,76,0,0,72,0,54,0,59,900,42,82,71,64,71,93,84,80,786,72,84,77,1828,57,72,79,96,101,893,2401
2025-06-25,4,89,2118,86,76,97,69,59,1080,0,68,88,971,59,894,1031,85,0,0,65,0,60,0,74,822,4,83,59,65,70,67,96,88,659,70,113,80,1866,55,67,71,101,72,786,2421
2025-06-26,46,90,2455,71,77,90,74,53,987,0,60,83,1083,81,752,1005,82,0,0,69,0,69,0,69,940,19,82,80,63,75,86,61,102,1140,57,77,76,1707,69,73,79,91,110,709,2304
2025-06-27,37,100,2150,73,67,90,63,62,1167,0,72,83,880,51,687,909,82,0,0,74,0,48,0,65,812,70,82,74,61,81,101,90,88,1066,56,78,79,2260,64,62,60,83,100,615,2044
2025-06-28,22,87,1382,77,78,91,75,66,848,0,66,85,777,83,670,818,60,0,0,80,0,63,0,64,670,6,79,72,57,76,78,81,88,545,61,136,86,1729,74,71,85,92,86,633,2163
2025-06-29,43,92,1831,71,76,78,83,52,815,0,71,87,662,78,735,770,92,0,0,45,0,67,0,53,708,0,88,77,62,85,96,91,79,683,68,85,80,2104,60,78,76,78,105,605,1842
2025-06-30,21,83,2024,73,73,95,75,55,812,0,59,74,914,52,800,849,82,0,0,69,0,54,0,68,700,3,78,74,51,72,77,68,92,1004,55,114,79,1833,59,77,82,86,91,580,2125
2025-07-01,25,68,1971,75,73,89,78,58,921,12,59,85,921,85,852,939,90,75,0,82,0,58,0,69,819,70,77,72,74,88,101,82,0,1043,61,0,83,1702,68,70,58,99,83,790,2327
2025-07-02,53,98,1849,72,74,79,65,60,1151,0,65,94,997,47,944,1015,70,0,0,70,0,58,0,58,892,42,84,71,54,71,85,68,0,1000,62,0,74,1972,58,80,74,112,90,729,2571
2025-07-03,20,81,2463,74,66,111,74,63,1113,0,70,80,879,72,803,1009,71,104,0,61,0,45,0,82,1178,0,75,81,57,97,105,79,0,1234,65,0,81,2178,70,70,61,92,103,783,2434
2025-07-04,36,81,1858,77,76,112,79,55,962,0,58,73,1044,73,927,902,87,0,0,80,0,69,0,68,832,0,80,64,66,73,88,92,0,1082,63,0,81,1757,79,69,74,82,91,603,1701
2025-07-05,0,77,1364,72,71,107,77,48,819,15,69,69,739,65,644,784,80,0,0,94,0,55,0,65,926,28,79,74,68,83,75,85,0,1114,60,0,81,1325,60,78,45,94,84,517,1708
2025-07-06,18,82,1979,72,73,68,72,54,853,0,75,86,920,76,674,717,79,26,0,79,0,53,0,69,711,43,81,73,63,67,69,77,0,625,54,0,90,1416,62,70,61,90,102,613,1570
2025-07-07,68,85,2081,66,80,97,69,55,791,29,69,82,579,67,760,851,72,0,0,49,0,47,0,55,1090,1,82,79,59,77,85,85,0,883,69,0,85,1541,65,74,78,97,100,628,2116
2025-07-08,66,88,2356,67,77,102,76,63,702,0,41,90,993,52,768,934,76,0,0,83,0,70,0,69,989,61,78,70,54,71,104,96,0,1017,62,0,92,2051,67,74,71,76,89,715,2507
2025-07-09,25,92,1986,68,75,84,77,55,1045,1,74,67,976,65,912,989,79,7,0,79,0,54,0,67,727,0,83,83,78,98,94,99,0,926,56,0,71,2450,70,69,98,90,86,684,2057
2025-07-10,7,85,2084,70,69,103,73,57,1100,0,69,72,972,79,860,958,79,27,0,79,0,71,0,55,960,66,83,74,62,86,84,78,0,1095,71,0,78,1894,76,65,66,81,77,877,2212
2025-07-11,16,92,1707,79,67,80,75,62,957,19,71,75,917,68,790,894,86,42,0,87,0,49,0,69,917,8,79,82,69,85,63,86,0,903,59,0,82,2148,57,77,71,96,91,672,2020
2025-07-12,37,95,1943,70,76,64,72,63,968,0,57,80,815,48,713,805,70,68,0,70,0,53,0,69,820,18,75,80,64,81,96,87,0,936,59,0,87,1806,65,83,81,93,112,524,1872
2025-07-13,45,81,1635,80,61,80,81,63,914,5,67,92,697,68,679,827,77,120,0,55,0,45,0,61,772,30,79,81,69,68,96,93,0,1017,73,0,84,1448,61,74,54,93,105,651,1841
2025-07-14,30,85,1650,73,70,86,73,69,951,21,77,86,886,64,695,868,85,81,0,72,0,65,0,63,941,20,76,63,69,82,84,87,0,900,65,0,85,2095,67,66,42,86,116,721,1967
2025-07-15,54,91,1984,71,72,100,72,49,1145,0,64,80,1132,61,841,951,73,53,0,88,0,62,0,61,923,106,75,73,70,75,121,85,0,1229,54,0,86,1881,68,64,68,93,119,635,2242
2025-07-16,5,89,2004,75,75,87,69,46,893,27,45,76,918,66,960,983,74,0,0,65,0,50,0,56,987,84,84,83,63,73,106,80,0,1212,51,0,83,1836,60,78,68,100,109,869,2312
2025-07-17,28,82,2268,78,76,98,67,62,1088,14,65,81,876,80,846,976,86,18,0,83,0,60,0,68,941,23,78,93,70,90,84,92,0,598,59,0,82,1954,70,77,82,96,100,888,2394
2025-07-18,53,73,1852,76,66,105,71,66,805,0,64,91,907,56,801,880,74,69,0,75,0,62,0,61,534,52,83,73,57,64,93,92,0,1191,53,0,76,1936,76,75,55,108,113,720,2110
2025-07-19,45,82,1874,73,80,88,70,62,704,4,58,94,617,44,710,756,75,0,0,56,0,60,0,66,606,12,83,75,72,79,91,85,0,881,64,0,81,1655,62,81,83,89,97,596,1880
2025-07-20,29,82,1720,76,77,101,76,53,963,27,66,82,837,73,756,760,86,82,0,69,0,77,0,65,481,0,88,85,57,72,74,77,0,561,73,0,77,1488,58,69,82,85,101,571,1789
2025-07-21,39,91,1653,71,73,88,71,55,692,8,59,96,776,63,726,868,87,0,0,69,0,53,0,67,1067,70,75,66,59,69,91,68,0,813,60,0,81,1605,63,67,55,93,100,769,2243
2025-07-22,67,100,2239,76,79,82,69,59,1063,2,75,95,993,66,824,923,85,0,0,57,0,36,0,61,971,65,80,83,59,68,85,61,0,1116,62,0,81,2026,68,76,66,93,106,674,2358
2025-07-23,49,89,2163,69,73,108,71,50,1081,0,67,80,1158,64,842,988,79,0,0,87,0,77,0,51,968,90,82,59,69,88,93,87,0,982,49,0,87,2199,63,68,70,103,102,892,2162
2025-07-24,40,78,2228,75,70,94,70,58,1057,0,71,86,803,75,870,1020,90,0,0,81,0,50,0,61,895,0,77,76,57,86,84,79,0,1020,63,0,74,2185,66,74,75,106,96,849,2373
2025-07-25,0,95,1705,73,73,91,77,66,929,17,59,85,858,60,785,877,79,123,0,66,0,45,0,47,807,21,78,70,56,78,60,78,0,927,46,0,84,1707,67,78,84,88,89,793,2115
2025-07-26,34,87,1726,75,79,102,68,57,973,4,53,78,985,80,686,889,90,0,0,54,0,70,0,62,613,31,84,72,50,83,115,81,0,1065,61,0,86,1958,61,65,75,98,92,554,2017
2025-07-27,48,92,1509,77,77,104,74,59,847,37,74,70,714,64,709,758,80,0,0,76,0,56,0,59,829,78,72,75,60,75,88,87,0,663,61,0,87,1437,75,79,76,100,112,569,1818
2025-07-28,31,92,1837,68,68,88,69,65,686,33,62,90,696,70,718,873,76,11,0,40,0,58,0,63,876,11,90,70,68,60,93,66,0,1100,63,0,83,1387,66,83,61,88,72,629,2190
2025-07-29,7,101,1882,72,78,90,72,54,938,0,55,79,1017,56,837,956,86,142,0,52,0,45,0,75,832,166,81,71,61,69,69,89,0,737,62,0,78,1896,61,77,59,83,97,576,2414
2025-07-30,0,86,2225,81,69,103,73,57,1189,34,74,80,1199,60,943,1001,84,0,0,54,0,52,0,84,986,25,79,86,67,78,69,93,0,885,49,0,91,2643,54,70,67,117,79,734,2467
2025-07-31,45,91,1933,78,71,98,71,69,1009,0,70,86,900,63,925,973,84,0,0,81,0,73,0,60,903,92,79,78,60,75,88,99,0,797,68,0,82,2056,74,72,59,95,83,716,2384
2025-08-01,53,81,1615,72,69,88,73,56,1034,3,71,98,876,83,741,960,86,0,0,57,0,43,0,51,723,79,81,76,68,76,76,83,0,1043,55,0,75,2091,67,75,89,70,105,716,1978
2025-08-02,40,96,1231,75,74,117,67,57,631,18,72,72,861,68,682,804,70,48,0,71,0,55,0,67,779,44,82,72,67,68,111,82,0,884,46,0,79,1381,61,76,64,87,105,675,1829
2025-08-03,52,70,2293,73,81,83,74,56,1010,28,65,88,661,79,778,822,81,140,0,86,0,68,0,70,877,82,79,80,47,76,94,101,0,606,57,0,93,1466,65,76,77,101,106,696,1886
2025-08-04,22,98,1966,64,67,113,68,53,902,0,54,87,973,66,669,831,72,0,0,77,0,43,0,72,712,0,80,79,51,87,91,87,0,885,50,0,77,1420,65,69,64,77,100,711,1937
2025-08-05,32,74,2070,77,80,94,75,61,998,0,75,77,1022,54,787,1051,74,13,0,86,0,39,0,57,919,35,73,64,57,100,102,87,0,1049,70,0,82,2151,71,78,86,85,89,873,2127
2025-08-06,55,89,2148,82,81,102,73,52,1103,34,59,93,976,57,884,987,72,45,0,67,0,60,0,66,835,33,77,79,55,74,103,85,0,997,61,0,77,2149,63,83,77,82,80,720,2408
2025-08-07,45,88,2192,72,72,124,82,58,939,39,83,88,934,72,939,981,89,0,0,82,0,51,0,75,902,59,82,76,59,67,121,70,0,1179,69,0,85,2196,66,67,71,90,93,673,2392
2025-08-08,57,92,2172,72,76,94,82,63,653,31,51,88,871,62,781,894,73,0,0,71,0,45,0,65,864,31,77,75,58,78,116,89,0,1017,45,0,75,1656,70,76,65,94,101,569,2326
2025-08-09,0,88,1644,69,75,93,74,64,755,0,63,87,713,82,704,816,79,31,0,74,0,67,0,65,686,53,91,69,60,65,81,95,0,1002,66,0,90,1581,62,76,58,99,102,690,1995
2025-08-10,3,78,1565,74,76,103,75,61,569,11,62,83,855,64,729,721,93,56,0,52,0,70,0,58,994,21,76,79,56,67,102,96,0,1040,69,0,97,1648,64,74,87,89,114,672,1930
2025-08-11,60,103,1907,76,86,86,77,56,716,16,61,88,862,67,752,891,70,0,0,78,0,61,0,54,764,83,80,87,72,71,75,105,0,645,61,0,80,1696,59,69,76,82,75,695,2066
2025-08-12,35,83,2513,70,71,95,73,60,958,37,63,69,1063,71,826,965,65,79,0,57,0,70,0,70,1022,0,83,70,56,86,102,81,0,1170,53,0,77,1867,64,76,81,92,122,764,2383
2025-08-13,7,82,2683,74,71,95,82,57,1036,0,64,84,902,78,896,986,78,38,0,47,0,56,0,57,839,0,74,78,74,66,75,97,0,968,75,0,83,2105,70,75,62,99,92,812,2071
2025-08-14,51,83,1507,77,76,93,74,57,858,23,61,98,827,64,886,965,73,123,0,62,0,42,0,62,874,17,83,79,50,81,120,73,0,818,53,0,77,1440,74,73,64,85,98,762,2332
2025-08-15,43,77,1986,74,73,110,81,50,1000,9,70,71,1074,55,737,933,97,0,0,66,0,51,0,66,674,71,79,68,62,69,83,80,0,724,56,0,68,1572,64,64,70,107,112,678,2125
2025-08-16,16,96,1592,73,84,96,73,64,1094,30,72,86,795,58,636,755,75,96,0,81,0,60,0,76,823,51,74,74,51,70,92,93,0,1084,59,0,75,2133,55,76,78,99,89,569,1852
2025-08-17,87,97,1955,73,70,98,74,60,1183,30,64,85,707,71,739,795,74,33,0,75,0,75,0,58,932,19,80,67,57,76,59,93,0,970,61,0,87,1826,59,75,72,82,89,627,1737
2025-08-18,36,67,2338,76,67,97,73,62,827,25,76,93,727,80,788,892,70,17,0,69,0,54,0,58,827,47,85,69,63,84,71,87,0,857,67,0,74,1735,66,64,81,87,106,515,2090
2025-08-19,32,75,1864,74,79,108,67,62,1023,0,57,83,902,54,896,1015,82,0,0,76,0,35,0,67,1020,0,80,75,60,76,107,79,0,1064,56,0,84,2144,66,64,77,79,95,784,2702
2025-08-20,14,88,1925,83,80,94,74,62,995,25,67,83,861,76,1030,1060,81,30,0,83,0,57,0,70,978,5,79,77,75,74,113,83,0,1467,69,0,87,1814,68,69,65,95,106,923,2751
2025-08-21,74,87,2013,70,75,79,71,55,893,30,80,96,1046,68,861,958,67,0,0,53,0,65,0,60,977,14,80,70,72,90,84,93,0,594,47,0,73,1826,66,65,80,92,112,831,2207
2025-08-22,27,100,1778,74,66,100,70,64,946,0,60,91,796,68,776,847,81,0,0,51,0,49,0,65,749,0,84,70,69,70,58,74,0,688,61,0,88,1894,63,75,63,92,85,739,1998
2025-08-23,49,80,2268,76,79,86,69,49,660,1,45,80,939,89,724,832,79,0,0,58,0,81,0,59,736,0,80,80,63,86,84,100,0,935,68,0,77,1683,74,73,62,85,93,668,2228
2025-08-24,41,89,1317,71,92,77,72,50,964,42,57,96,958,61,683,851,79,70,0,80,0,53,0,61,677,40,77,71,61,85,79,60,0,1090,67,0,87,1787,58,82,81,79,112,552,1862
2025-08-25,60,75,2178,78,79,84,79,56,865,10,56,76,915,67,761,829,82,24,0,77,0,60,0,69,1024,121,85,64,56,76,86,76,0,830,54,0,82,1881,72,64,69,97,104,620,2190
2025-08-26,21,94,1891,73,73,90,72,55,827,20,69,77,1037,65,840,954,85,0,0,72,0,70,0,76,931,88,85,74,60,71,69,91,0,890,61,0,80,1738,72,79,65,90,93,744,2256
2025-08-27,44,85,1801,74,76,86,68,61,864,50,61,88,1058,80,765,891,61,19,0,57,0,51,0,69,962,43,81,75,53,83,88,70,0,1232,66,0,77,2062,61,72,66,95,97,717,2330
2025-08-28,71,96,2358,73,68,102,73,60,1052,7,59,81,889,65,827,952,76,46,0,70,0,49,0,61,986,63,87,67,61,90,105,103,0,1070,58,0,79,2188,67,71,65,84,107,739,2281
2025-08-29,39,79,1974,73,85,78,76,54,1038,12,75,81,732,71,797,943,97,0,0,93,0,74,0,66,868,0,77,67,60,84,91,83,0,1378,65,0,79,2040,78,69,67,102,85,686,2259
2025-08-30,54,94,1590,67,62,97,77,62,1004,16,49,82,853,77,669,851,87,0,0,63,0,42,0,71,761,75,71,77,71,62,112,77,0,827,52,0,89,1440,63,74,55,96,117,586,1998
2025-08-31,41,82,2294,78,83,106,66,49,696,12,61,75,1001,78,743,811,73,34,0,63,0,59,0,60,710,55,83,82,56,82,71,89,0,714,64,0,71,2302,63,84,86,83,97,637,1842
2025-09-01,27,84,1913,73,71,89,68,59,967,23,47,76,788,91,738,875,87,22,0,90,0,36,0,67,819,97,85,81,56,73,110,56,0,1234,66,0,89,1887,59,71,74,99,113,525,1828
2025-09-02,77,95,1605,77,73,107,70,49,998,46,70,90,934,57,954,1047,59,93,0,83,0,57,0,56,857,36,80,73,56,79,112,89,0,1096,59,0,76,1747,66,66,62,107,92,700,1809
2025-09-03,35,79,2084,69,64,89,72,65,1088,25,84,82,1044,63,889,961,59,0,0,84,0,50,0,52,1049,26,83,70,65,72,107,82,0,910,54,0,86,2414,68,75,73,89,104,654,2525
2025-09-04,1,89,2166,76,71,72,70,52,1152,11,70,84,819,60,870,942,69,96,0,87,0,64,0,63,914,29,87,77,73,76,109,104,0,1237,49,0,79,1951,66,69,67,91,100,852,2367
2025-09-05,45,79,2010,74,67,114,71,59,1000,26,63,92,999,84,674,842,76,65,0,50,0,56,0,57,830,43,78,68,73,87,88,72,0,885,64,0,76,1526,61,79,81,88,89,683,2209
2025-09-06,79,87,1323,74,73,86,74,64,1070,63,80,84,759,79,690,858,86,72,0,80,0,64,0,71,747,0,78,77,65,80,88,89,0,813,73,0,82,1538,66,67,57,106,93,493,2050
2025-09-07,63,86,1817,71,72,85,80,54,678,17,56,76,724,80,675,815,70,91,0,75,0,65,0,54,767,55,82,74,67,64,79,102,0,854,52,0,86,1525,63,71,71,108,94,538,2000
2025-09-08,26,89,2090,76,75,88,79,54,830,46,57,85,788,50,694,822,83,131,0,63,0,65,0,65,763,51,86,75,61,73,72,95,0,882,68,0,82,1605,69,75,68,91,94,722,2238
2025-09-09,47,81,1891,81,74,102,73,63,1154,0,74,90,923,57,950,982,88,42,0,77,0,51,0,65,975,102,81,72,78,81,102,102,0,955,68,0,74,1728,67,75,70,90,103,748,2299
2025-09-10,115,75,2514,76,69,78,69,54,973,38,50,78,902,76,963,1051,67,49,0,73,0,70,0,76,901,37,82,69,55,56,101,74,0,1347,53,0,80,2224,58,86,57,109,102,620,2251
2025-09-11,52,86,2088,71,70,101,75,61,1010,0,67,94,1055,54,698,1046,72,46,0,75,0,46,0,54,662,40,82,75,46,78,119,91,0,818,64,0,84,2152,57,72,77,94,89,778,2260
2025-09-12,81,93,2372,72,80,105,66,59,1012,25,54,89,849,84,881,836,86,0,0,74,0,32,0,72,777,24,80,74,57,95,124,96,0,744,68,0,82,1677,71,67,69,99,84,677,2469
2025-09-13,83,96,2031,76,75,88,77,52,792,47,64,86,825,61,568,773,73,0,0,83,0,77,0,59,809,61,77,75,68,68,90,93,0,1108,61,0,79,1718,62,74,61,92,99,591,2033
2025-09-14,80,93,1276,74,74,89,71,60,851,58,62,93,777,70,709,787,90,187,0,63,0,66,0,63,773,33,79,73,67,84,94,81,0,839,56,0,85,1713,66,73,77,106,96,571,1910
2025-09-15,65,77,2395,73,72,94,68,51,909,0,74,83,961,77,870,897,92,64,0,87,0,59,0,67,748,33,84,63,50,78,95,76,0,512,68,0,77,1598,56,68,75,77,92,696,1951
2025-09-16,35,94,2695,74,71,106,69,62,1038,53,75,89,878,58,915,968,71,39,0,53,0,54,0,59,898,0,82,68,52,80,87,85,0,1106,56,0,90,1838,72,71,67,106,97,683,2566
2025-09-17,45,74,2135,73,74,93,72,59,960,21,58,80,1034,73,872,1052,82,35,0,88,0,60,0,77,949,18,79,85,60,70,91,92,0,1089,63,0,80,1958,70,79,63,96,95,812,2394
2025-09-18,41,93,2027,78,78,94,71,56,1119,42,72,91,881,80,772,932,88,0,0,72,0,55,0,47,953,67,72,82,52,79,98,73,0,729,67,0,74,1921,68,67,50,110,123,755,2346
2025-09-19,57,97,2030,79,71,81,63,64,825,30,63,73,1102,77,779,905,78,68,0,74,0,50,0,64,870,0,82,73,50,96,101,106,0,1142,54,0,79,2036,60,72,75,100,98,789,1977
2025-09-20,51,83,1710,71,84,95,71,57,947,22,69,80,657,82,826,778,73,22,0,66,0,60,0,72,839,10,80,72,70,78,92,90,0,1151,66,0,86,1433,75,86,72,70,102,602,1964
2025-09-21,33,94,1799,76,73,105,78,55,928,67,56,89,750,68,630,776,87,35,0,100,0,59,0,84,752,11,87,76,68,80,89,80,0,616,66,0,75,1819,63,69,84,103,100,612,1909
2025-09-22,48,80,1656,75,68,72,75,56,788,14,65,78,1039,66,720,831,82,0,0,78,0,52,0,74,704,12,84,79,60,85,72,89,0,929,49,0,82,2330,76,65,63,86,85,685,1772
2025-09-23,27,90,2040,76,68,110,72,52,1165,34,61,85,966,86,879,992,73,99,0,90,0,64,0,53,843,0,81,81,56,74,130,61,0,1345,70,0,86,1890,68,75,84,118,95,740,2400
2025-09-24,78,86,1896,69,77,82,72,49,1011,43,61,86,1030,51,781,1051,72,0,0,82,0,52,0,55,874,51,75,80,57,68,76,94,0,1046,54,0,78,1778,66,70,48,95,102,807,2733
2025-09-25,63,82,1999,80,82,89,82,61,929,14,55,72,962,68,897,1015,71,165,0,68,0,63,0,54,1035,0,86,72,60,76,113,86,0,957,70,0,77,1558,70,66,64,88,90,703,2386
2025-09-26,95,84,1961,69,70,110,69,61,1140,53,57,84,683,60,869,902,87,0,0,60,0,35,0,60,1042,34,78,89,59,88,108,78,0,893,69,0,81,1754,77,81,72,100,85,625,2314
2025-09-27,37,91,1900,77,69,85,77,68,747,18,56,84,747,64,837,762,79,176,0,88,0,73,0,68,791,46,83,69,70,78,72,67,0,980,58,0,93,1827,69,71,76,84,100,676,1848
2025-09-28,73,90,1791,75,75,88,73,54,900,43,64,74,772,83,603,782,74,136,0,63,0,60,0,68,643,75,84,68,57,86,95,69,0,1086,59,0,79,1803,73,80,74,92,125,643,1944
2025-09-29,55,88,1864,76,78,89,77,56,1024,24,70,77,797,73,756,933,76,0,0,62,0,66,0,55,838,0,81,64,64,69,90,76,0,885,68,0,73,1864,77,71,62,100,93,653,2264
2025-09-30,96,80,1656,86,77,100,72,56,911,46,56,73,1019,59,924,1055,105,67,0,93,0,49,0,73,803,99,79,78,68,71,76,101,0,672,62,0,82,2010,69,67,75,92,116,693,2216
2025-10-01,50,91,1609,75,72,86,83,60,1166,38,63,83,1058,70,941,1088,70,61,0,83,0,0,2,56,948,0,77,70,0,88,87,90,0,761,78,0,81,1997,63,75,81,85,92,907,2252
2025-10-02,70,97,2207,71,75,80,75,53,835,12,65,75,760,55,873,1007,88,44,0,88,4,0,0,64,752,21,79,70,0,76,88,88,0,1079,64,0,87,1846,72,73,66,72,95,754,2313
2025-10-03,45,75,1801,77,69,118,67,47,1110,18,71,86,1013,66,684,941,74,33,0,73,40,0,58,66,649,27,83,61,0,86,84,70,0,799,54,0,87,2091,68,65,59,104,102,821,2160
2025-10-04,35,85,1534,71,78,93,72,61,738,70,56,83,821,79,687,859,91,73,0,78,0,0,0,53,701,27,80,73,0,68,106,71,0,468,67,0,74,1561,67,77,65,74,110,438,2018
2025-10-05,59,95,1904,77,65,80,71,50,981,22,66,86,671,58,842,758,86,0,0,61,53,0,12,70,894,6,76,80,0,83,112,73,0,1203,59,0,79,1625,59,70,74,96,87,603,2018
2025-10-06,89,87,2307,68,76,97,68,59,735,14,61,82,954,72,747,1026,70,112,0,76,29,0,0,71,1021,44,90,71,0,86,96,95,0,973,58,0,83,1705,59,77,70,99,107,584,2379
2025-10-07,100,89,2351,80,81,75,73,58,848,61,61,90,851,81,810,997,83,85,0,74,58,0,48,53,970,5,86,83,0,88,72,99,0,1108,56,0,85,2311,62,68,53,103,107,679,2514
2025-10-08,80,70,2138,71,73,96,72,54,1109,48,68,85,1069,64,915,1004,72,169,0,81,33,0,15,62,993,42,77,67,0,81,93,80,0,786,77,0,79,2248,60,72,80,86,101,853,2283
2025-10-09,66,94,2386,76,74,100,80,59,1110,12,59,83,1018,66,833,971,76,121,0,89,116,0,0,67,1054,0,76,74,0,72,103,90,0,1081,61,0,80,2005,69,71,65,98,94,890,2578
2025-10-10,19,89,2249,78,77,98,81,59,890,62,51,82,847,63,783,759,90,0,0,83,22,0,66,64,724,161,90,77,0,76,85,84,0,1052,63,0,85,1829,60,74,60,100,94,610,2188
2025-10-11,57,77,1495,76,74,120,75,51,786,63,70,76,788,77,704,852,78,63,0,57,0,0,5,62,780,48,81,74,0,74,109,87,0,1052,66,0,82,1492,74,63,76,78,110,584,2031
2025-10-12,58,98,1940,72,85,84,70,62,983,12,57,88,640,71,780,755,87,128,0,55,27,0,30,68,748,90,82,67,0,75,74,88,0,601,64,0,79,1881,63,76,51,89,98,553,2255
2025-10-13,85,95,2126,77,67,86,84,63,939,32,73,81,965,69,687,811,70,42,0,67,85,0,0,67,908,60,79,80,0,99,87,81,0,1089,70,0,88,1832,62,73,67,100,90,672,2204
2025-10-14,80,84,2322,75,75,94,75,57,959,80,62,72,959,71,830,959,79,0,0,106,51,0,0,66,1053,57,80,69,0,73,64,87,0,1104,70,0,81,1876,74,73,80,105,98,828,2165
2025-10-15,52,89,2316,70,67,99,72,52,1027,32,57,99,1101,50,830,1057,76,25,0,79,0,0,0,69,847,0,71,74,0,81,104,78,0,1415,66,0,78,2254,65,75,72,77,101,772,2457
2025-10-16,39,86,1922,78,68,75,75,56,891,25,57,84,943,80,785,964,77,0,0,89,44,0,0,55,848,39,84,83,0,73,70,91,0,1314,55,0,93,2336,59,74,71,92,101,592,2354
2025-10-17,50,84,2057,75,79,107,72,56,1015,37,68,85,968,59,800,937,79,157,0,68,65,0,5,77,921,0,78,78,0,84,89,92,0,1063,58,0,78,1977,70,69,55,88,102,713,2173
2025-10-18,60,79,1546,75,73,77,82,64,937,47,62,81,772,69,766,824,74,49,0,77,149,0,0,56,715,0,86,74,0,90,82,84,0,777,58,0,74,1979,64,75,72,87,99,501,2209
2025-10-19,60,92,1273,74,74,91,71,60,1068,55,67,78,783,68,625,814,79,180,0,81,0,0,63,70,706,74,85,90,0,79,77,93,0,951,62,0,87,1459,69,72,74,83,96,590,1439
2025-10-20,63,98,1691,83,76,88,72,58,992,44,48,84,663,85,840,892,79,0,0,53,0,0,21,66,631,40,75,69,0,80,126,93,0,789,44,0,77,2267,79,75,70,86,83,698,2073
2025-10-21,72,82,2590,73,84,101,61,61,903,24,61,82,936,69,782,916,80,0,0,82,10,0,112,55,991,24,91,85,0,76,111,83,0,1040,55,0,90,2061,60,83,55,78,109,833,2068
2025-10-22,26,86,1905,73,74,84,81,48,1100,39,77,79,1015,63,924,965,91,0,0,77,24,0,0,70,903,0,81,74,0,89,106,86,0,1066,61,0,77,2266,70,71,59,80,98,732,2149
2025-10-23,46,80,1845,73,78,102,75,61,1069,65,56,69,948,72,919,942,85,186,0,67,0,0,0,65,845,67,75,70,0,93,100,100,0,1141,60,0,84,1739,69,69,58,95,96,641,2220
2025-10-24,100,89,2152,72,74,90,79,64,744,17,66,98,958,78,858,897,72,0,0,65,7,0,20,66,955,114,80,76,0,74,102,81,0,1021,73,0,80,1741,70,65,64,89,106,817,2425
2025-10-25,114,93,1753,80,77,85,78,52,878,47,62,85,843,89,887,788,97,8,0,57,0,0,113,56,683,0,80,81,0,78,83,90,0,690,50,0,83,1910,67,65,61,89,105,694,1929
2025-10-26,75,85,1774,72,70,99,72,58,793,57,64,77,852,61,673,833,67,66,0,70,34,0,38,70,863,72,81,74,0,72,56,64,0,1187,58,0,87,1199,71,77,59,96,89,590,1952
2025-10-27,98,91,2016,68,73,101,70,54,853,44,58,78,796,66,957,820,72,215,0,77,0,0,43,62,882,63,82,78,0,94,111,81,0,984,66,0,76,1666,61,74,57,96,68,652,2222
2025-10-28,103,88,2012,77,79,88,72,59,991,51,69,81,985,74,775,996,72,1,0,60,0,0,8,73,920,37,78,74,0,91,55,83,0,1137,59,0,82,2073,63,71,62,98,94,635,1944
2025-10-29,80,80,2477,80,77,80,68,61,1148,52,69,86,1085,51,924,1017,78,0,0,59,17,0,18,54,1178,9,81,80,0,82,109,80,0,725,62,0,87,2084,74,71,56,111,94,895,2692
2025-10-30,80,91,1867,79,78,88,71,56,979,52,51,78,860,66,934,909,71,116,0,69,0,0,0,58,996,135,77,72,0,58,116,93,0,973,56,0,77,1983,60,66,70,92,101,661,2276
2025-10-31,44,94,1845,64,79,98,76,56,1129,59,67,89,872,68,832,901,71,79,0,50,81,0,20,69,893,78,84,63,0,75,103,88,0,750,63,0,95,1757,59,75,79,99,90,608,1835
2025-11-01,58,84,1794,78,75,98,76,62,904,36,63,76,761,74,606,879,72,0,0,93,37,0,0,72,770,103,92,65,0,88,88,87,0,755,67,0,75,1404,73,69,75,73,85,560,2214
2025-11-02,58,86,2158,79,75,87,74,64,1148,38,56,92,819,67,735,875,70,84,0,93,105,0,45,63,724,0,77,76,0,77,89,60,0,894,66,0,68,1602,68,73,65,98,110,606,1748
2025-11-03,96,78,2314,89,85,97,80,52,829,44,71,78,959,59,829,838,75,56,0,67,93,0,72,58,719,68,80,72,0,79,65,86,0,1194,47,0,91,2296,66,77,73,90,93,757,2553
2025-11-04,88,100,2206,74,68,116,71,57,1048,96,56,81,900,96,862,941,70,28,0,56,10,0,52,68,817,54,83,77,0,60,94,81,0,1221,61,0,90,2220,65,73,70,89,77,871,2312
2025-11-05,78,89,2149,74,78,98,76,60,870,50,59,85,1122,77,949,1018,74,133,0,50,12,0,62,79,1212,0,82,78,0,82,88,75,0,1004,59,0,81,2379,64,67,56,93,81,886,2466
2025-11-06,45,76,2370,78,80,88,69,65,804,41,55,78,1018,61,814,986,73,69,0,86,11,0,27,66,966,33,79,81,0,102,121,88,0,1290,77,0,78,2116,67,75,57,84,98,719,2634
2025-11-07,36,87,2004,81,78,97,70,51,943,60,66,81,788,64,769,896,80,105,0,65,0,0,69,69,833,90,83,76,0,58,95,102,0,726,71,0,76,1851,63,71,68,89,99,735,2431
2025-11-08,54,87,1589,74,77,77,74,58,1260,24,48,92,629,72,696,803,86,125,0,86,10,0,46,67,677,7,81,82,0,88,65,93,0,879,56,0,84,1622,64,69,77,95,95,675,2234
2025-11-09,73,85,1714,75,78,80,74,49,696,47,71,74,708,79,740,861,86,98,0,68,0,0,13,61,871,28,81,75,0,88,126,86,0,852,57,0,87,2037,68,64,69,87,103,628,2243
2025-11-10,89,98,2321,74,73,95,78,56,886,24,55,77,791,77,743,884,84,0,0,53,62,0,73,71,778,0,79,73,0,87,98,94,0,874,67,0,94,2145,65,79,44,96,101,628,1927
2025-11-11,44,89,2169,79,74,103,75,55,1063,65,56,87,825,68,825,1020,89,156,0,70,2,0,76,75,805,94,80,76,0,67,75,80,0,792,58,0,79,2052,60,77,57,91,87,757,2060
2025-11-12,59,92,2099,78,74,103,76,55,1072,42,48,73,1038,65,834,989,88,0,0,65,0,0,61,70,807,57,85,85,0,81,117,87,0,1101,83,0,76,2122,64,82,53,115,89,786,2610
2025-11-13,93,95,1851,79,65,84,80,57,1025,79,56,77,1077,72,810,954,82,114,0,58,116,0,28,61,987,21,78,75,0,84,105,80,0,1138,67,0,78,1742,56,75,53,93,109,894,2318
2025-11-14,32,84,2035,70,78,95,69,59,1090,5,70,78,1006,53,748,887,79,0,0,57,9,0,9,63,757,55,73,78,0,80,81,95,0,1152,69,0,76,1606,62,66,63,108,121,677,2295
2025-11-15,57,89,1562,74,76,96,81,59,806,53,59,88,939,66,593,802,86,248,0,87,76,0,106,68,795,118,82,78,0,68,79,98,0,731,61,0,88,1514,70,67,66,99,106,559,1710
2025-11-16,48,91,1490,80,72,89,73,51,931,75,78,86,849,49,734,816,87,7,0,83,0,0,55,57,667,49,81,93,0,98,93,70,0,591,68,0,86,1808,69,64,66,75,89,662,2177
2025-11-17,63,83,2260,85,72,99,64,65,775,105,65,89,716,68,735,923,85,38,0,91,68,0,9,76,741,36,83,73,0,89,64,81,0,1018,69,0,80,2044,63,75,77,98,102,619,2268
2025-11-18,28,90,2077,73,87,89,74,53,871,34,57,88,856,80,925,927,66,199,0,78,0,0,6,62,874,72,81,76,0,90,85,77,0,1359,53,0,78,2048,67,75,78,111,103,752,2062
2025-11-19,91,90,2419,79,70,109,80,46,1144,17,61,84,820,54,867,1010,67,15,0,74,0,0,17,79,802,95,92,74,0,85,77,73,0,1026,73,0,83,1619,65,67,58,93,104,893,2882
2025-11-20,97,103,1996,76,72,83,74,60,1063,51,58,75,904,73,1053,942,69,106,0,53,107,0,38,65,952,56,79,63,0,81,110,71,0,1114,42,0,79,2018,73,77,76,96,80,916,2026
2025-11-21,77,88,1760,75,71,94,72,52,1032,57,57,86,804,72,814,863,77,194,0,89,82,0,28,65,856,7,77,80,0,87,111,94,0,786,65,0,85,1902,67,68,62,102,110,750,2256
2025-11-22,97,97,1633,70,83,108,81,61,815,62,64,96,651,71,773,855,79,0,0,80,160,0,114,59,760,75,80,81,0,90,90,101,0,888,52,0,83,2037,55,75,73,98,89,605,1923
2025-11-23,101,86,1914,76,75,84,78,64,691,61,65,82,747,62,666,756,68,177,0,91,110,0,38,47,843,0,88,71,0,78,83,82,0,957,46,0,78,1764,70,67,66,110,92,556,1795
2025-11-24,83,94,1918,78,69,114,76,55,868,33,63,76,837,70,650,949,74,114,0,51,19,0,124,93,692,49,84,83,0,81,82,84,0,810,49,0,84,1759,60,76,75,84,80,676,2242
2025-11-25,65,89,2008,78,71,86,77,69,1057,51,64,93,1016,73,840,965,69,0,0,61,67,0,74,68,872,113,84,82,0,69,109,99,0,814,76,0,78,2320,71,82,71,100,105,765,2433
2025-11-26,77,86,1840,74,76,98,77,65,651,80,68,85,864,58,876,1024,72,102,0,94,0,0,176,61,1072,31,78,71,0,77,84,66,0,768,55,0,90,1887,64,65,54,85,83,803,2370
2025-11-27,69,82,2215,70,70,92,73,59,1189,30,69,88,940,84,983,965,90,12,0,72,47,0,87,60,909,53,84,75,0,74,101,96,0,970,64,0,78,2091,69,81,69,91,93,703,2346
2025-11-28,95,89,2110,68,75,75,73,65,662,48,47,86,961,87,740,861,72,13,0,80,94,0,0,62,851,19,80,66,0,80,83,89,0,758,65,0,88,2129,70,66,68,99,115,731,2309
2025-11-29,85,83,1771,83,66,83,74,60,738,73,52,85,721,65,713,761,80,159,0,61,0,0,59,58,698,96,81,76,0,88,82,89,0,746,67,0,74,1858,68,69,57,83,81,615,1956
2025-11-30,93,89,1658,75,73,101,72,65,918,63,63,83,794,67,797,759,91,106,0,61,199,0,1,62,872,25,85,71,0,98,98,77,0,1109,74,0,82,1653,69,65,63,106,91,523,1882
2025-12-01,82,89,1870,78,72,100,71,57,840,75,76,86,788,60,621,852,81,108,0,75,107,0,77,65,804,97,87,82,0,96,88,58,0,1050,70,0,88,1742,64,74,71,88,96,800,2165
2025-12-02,54,90,1884,79,80,92,72,52,859,42,64,88,865,57,779,996,81,140,0,71,90,0,77,58,812,59,78,84,0,87,107,93,0,1069,50,0,79,2121,62,73,72,101,87,706,2049
2025-12-03,34,75,2736,85,71,85,83,48,1130,91,69,86,903,70,893,1027,71,30,0,47,82,0,113,60,946,0,82,64,0,86,112,71,0,1038,59,0,83,2161,69,71,68,109,109,666,2328
2025-12-04,86,86,2017,73,72,93,78,58,891,43,64,76,1085,85,762,995,87,222,0,84,58,0,0,68,963,31,79,82,0,79,94,86,0,977,75,0,85,2061,73,77,74,98,77,777,2545
2025-12-05,70,81,1743,74,66,118,75,66,829,48,69,72,975,70,841,946,83,95,0,86,17,0,61,50,799,95,84,78,0,76,109,86,0,894,63,0,73,1861,67,65,57,87,103,582,2195
2025-12-06,61,90,1852,74,78,100,75,61,925,40,57,86,982,52,739,785,96,185,0,59,66,0,33,68,681,24,78,78,0,76,93,94,0,1132,56,0,82,1187,65,78,75,86,92,525,1946
2025-12-07,58,103,2069,74,73,95,76,59,906,95,64,82,889,84,649,855,68,275,0,81,86,0,68,53,633,31,76,71,0,73,102,72,0,690,48,0,79,1560,76,67,68,88,109,534,1765
2025-12-08,100,101,2199,78,74,93,79,63,1043,60,64,92,831,54,823,873,71,0,0,76,107,0,0,56,803,21,87,67,0,77,72,92,0,930,66,0,92,1609,62,62,68,74,106,668,2401
2025-12-09,73,99,2103,73,74,116,75,52,923,65,63,85,950,72,784,941,88,15,0,72,37,0,34,64,883,114,80,68,0,80,74,90,0,891,52,0,85,2283,67,81,61,102,76,723,2571
2025-12-10,66,93,1771,70,69,89,77,66,987,79,54,89,958,78,982,1039,72,78,0,56,7,0,74,71,879,1,81,79,0,69,88,81,0,1246,60,0,92,2568,65,76,69,92,100,774,2194
2025-12-11,80,95,2055,73,82,113,62,56,916,58,85,98,1067,66,918,1087,82,147,0,88,126,0,64,54,999,68,81,74,0,74,105,71,0,1157,62,0,76,2178,64,69,66,113,101,723,2356
2025-12-12,42,88,1934,80,78,103,70,56,1019,43,53,81,756,91,772,812,84,13,0,52,130,0,26,57,907,147,80,80,0,85,93,94,0,922,72,0,79,2066,73,80,67,98,112,756,2092
2025-12-13,57,77,2107,82,73,85,77,58,740,46,53,88,879,44,677,857,92,6,0,64,48,0,105,56,759,80,84,68,0,94,107,88,0,986,66,0,85,1957,69,68,59,101,97,620,2261
2025-12-14,67,82,1935,68,71,75,71,48,819,54,54,95,711,65,807,809,73,113,0,55,97,0,122,62,763,38,86,72,0,88,67,93,0,716,66,0,93,1619,65,61,69,87,97,632,1836
2025-12-15,77,81,1775,76,72,92,66,67,829,81,74,88,787,56,829,896,80,107,0,70,5,0,128,63,775,97,87,70,0,88,94,60,0,691,66,0,80,1934,63,76,76,98,104,552,2108
2025-12-16,84,97,1888,76,81,87,71,62,730,75,56,84,955,82,877,997,81,0,0,85,125,0,111,57,1040,150,86,80,0,79,101,79,0,876,68,0,80,1760,58,79,77,82,89,713,2693
2025-12-17,130,82,1905,82,70,72,75,51,1015,80,74,85,902,75,820,977,82,131,0,72,0,0,116,55,647,60,69,75,0,85,115,102,0,787,59,0,78,2150,73,72,70,92,83,697,2023
2025-12-18,87,97,2574,73,77,108,80,60,832,41,47,100,1119,53,859,1015,78,78,0,82,78,0,71,67,972,14,81,66,0,86,102,95,0,1002,56,0,87,1793,69,75,57,108,93,783,2130
2025-12-19,98,84,1992,75,78,88,75,67,1018,76,55,91,1063,78,744,953,72,116,0,93,19,0,107,65,922,99,85,74,0,86,95,97,0,1274,78,0,95,1981,61,70,75,101,105,658,2141
2025-12-20,149,84,1507,72,69,91,77,56,969,53,69,82,948,72,662,732,86,108,0,58,123,0,60,77,708,127,87,73,0,68,103,87,0,992,56,0,74,2195,68,79,67,97,83,511,1974
2025-12-21,116,85,2152,79,81,106,70,51,862,80,61,78,755,69,760,834,79,106,0,69,4,0,35,66,876,63,83,82,0,76,95,84,0,907,52,0,81,1586,69,67,93,78,95,657,1903
2025-12-22,75,87,1850,76,68,85,72,57,745,78,52,99,729,84,897,883,80,0,0,85,82,0,38,65,874,46,86,67,0,81,81,65,0,573,68,0,86,1825,68,67,69,105,109,617,2035
2025-12-23,107,86,2571,79,79,112,75,63,1366,73,64,70,1037,62,888,911,68,122,0,72,0,0,58,66,892,76,83,81,0,81,87,99,0,1036,64,0,82,1876,66,78,78,94,104,629,2081
2025-12-24,106,78,1867,80,75,92,73,51,1042,73,55,89,901,65,817,1086,82,167,0,81,92,0,117,52,904,85,77,84,0,91,71,84,0,1040,69,0,75,1804,59,69,64,107,96,789,2172
2025-12-25,85,81,2091,74,67,111,71,63,942,66,56,87,1127,82,791,1074,90,145,0,68,179,0,83,57,855,51,78,70,0,88,83,81,0,996,59,0,86,1766,72,65,65,80,114,797,2067
2025-12-26,117,93,2318,76,78,100,70,53,878,78,73,85,891,67,633,843,71,86,0,82,0,0,71,69,1015,48,91,70,0,71,111,58,0,960,64,0,80,1767,70,75,62,77,117,620,2035
2025-12-27,81,93,1553,77,74,107,71,65,1135,56,57,81,812,57,692,817,75,23,0,62,81,0,116,69,753,18,81,73,0,92,115,99,0,475,67,0,93,1885,66,71,70,88,84,581,2112
2025-12-28,74,78,1782,78,76,100,79,54,894,65,70,77,814,51,717,824,77,55,0,74,95,0,53,64,890,77,76,83,0,69,103,93,0,928,64,0,71,1239,65,77,79,91,95,666,1827
2025-12-29,79,93,1986,78,83,102,73,59,928,74,59,76,848,59,808,961,76,119,0,44,0,0,49,61,776,42,78,66,0,93,100,109,0,1231,58,0,88,1836,69,72,61,108,93,642,2013
2025-12-30,88,94,1920,78,78,85,70,52,913,45,55,76,976,83,826,946,81,141,0,61,20,0,200,77,919,87,89,71,0,90,95,90,0,1100,68,0,85,1896,67,75,64,83,91,862,2270
2025-12-31,38,77,2279,79,74,103,74,62,1198,53,69,75,1040,87,917,1108,88,237,0,73,0,0,84,61,820,12,80,77,0,81,87,100,0,1132,74,0,79,2047,59,65,68,102,81,727,2436
