Date,XSV,XML,NMO,RAH,RGS,PAA,YGY,OSG,ZSD,DTJ,NAQ,VYZ,WYG,NGB,SGA,ZMS,DZT,BZM,CNQ,TSE,MUY,PGL,BTB,YYO,MAJ,TAP,AEI,SMM,UGJ,UMU,QSN,QMD,VSM,WGR,ENY,WMB,EFN,ATT,CFG,OMV
2019-01-01,54,85,0,1291,544,548,81,469,0,58,416,47,66,0,1030,49,60,78,68,81,384,441,85,0,0,75,0,1126,82,70,770,561,47,71,78,109,86,75,76,404
2019-01-02,81,62,0,951,504,491,78,468,0,44,421,78,99,0,1053,69,60,72,70,87,327,393,83,0,0,89,0,884,66,68,806,419,78,53,84,90,94,52,65,411
2019-01-03,107,63,0,962,455,407,74,460,0,55,370,53,88,0,999,59,57,72,44,88,320,398,70,0,0,81,0,778,77,71,700,464,88,55,73,79,91,49,81,308
2019-01-04,101,69,0,828,411,576,78,362,0,62,336,69,74,0,845,72,67,75,74,79,359,323,108,0,0,68,0,943,69,63,746,468,70,55,83,87,84,77,68,306
2019-01-05,83,86,0,788,436,393,87,394,0,51,335,74,43,0,974,49,66,72,66,89,330,358,91,0,0,83,0,852,79,80,784,579,59,59,83,97,95,48,58,378
2019-01-06,85,73,0,1035,465,480,69,449,0,65,372,60,79,0,1022,50,74,81,60,86,306,373,62,0,0,91,0,934,55,78,899,485,68,44,84,88,83,69,75,329
2019-01-07,87,52,0,1191,504,566,69,505,0,61,416,69,59,0,1044,65,67,70,68,90,410,439,72,0,0,92,0,808,79,71,980,382,74,75,81,53,84,75,59,366
2019-01-08,114,83,0,1146,515,663,77,506,0,71,430,79,69,0,1120,71,62,72,77,89,475,427,95,0,0,70,0,840,74,72,967,505,92,64,76,100,92,63,70,439
2019-01-09,92,68,0,986,510,473,81,430,0,74,434,84,100,0,965,62,51,72,81,96,333,440,100,0,0,90,0,885,84,69,752,443,38,58,81,120,95,55,80,457
2019-01-10,99,80,0,1030,454,432,95,397,0,71,391,53,63,0,981,56,66,51,87,73,310,355,62,0,0,75,0,734,78,65,925,457,68,51,85,72,85,66,83,335
2019-01-11,131,86,0,739,433,338,71,382,0,71,349,77,71,0,922,57,51,76,63,87,268,361,68,0,0,84,0,746,59,66,660,316,75,69,80,97,78,55,65,349
2019-01-12,101,67,0,1010,426,559,72,419,0,66,331,62,63,0,849,59,61,76,83,93,259,343,97,0,0,94,0,895,84,64,798,471,60,71,95,90,101,59,70,327
2019-01-13,78,62,0,1057,465,481,74,353,0,68,393,98,106,0,928,51,56,69,88,84,319,372,82,0,0,80,0,595,77,71,738,434,96,70,72,84,95,43,69,446
2019-01-14,87,73,0,1078,487,506,66,462,0,75,441,66,61,0,994,75,62,58,56,85,348,407,90,0,0,72,0,930,89,69,798,469,68,69,78,91,78,70,70,341
2019-01-15,89,81,0,1117,536,597,79,478,0,65,433,65,83,0,1066,65,53,65,59,74,330,433,82,0,0,85,0,878,53,76,943,437,75,58,82,115,96,40,77,419
2019-01-16,124,77,0,1043,482,422,78,483,0,60,427,60,76,0,1010,49,58,79,60,88,343,384,79,0,0,71,0,1001,77,70,887,520,57,51,81,102,87,62,73,427
2019-01-17,109,73,0,723,468,567,83,424,0,75,357,53,71,0,924,53,65,69,63,94,313,410,85,0,0,80,0,932,76,78,714,465,61,64,80,66,75,59,62,327
2019-01-18,112,71,0,1072,444,445,77,371,0,84,318,65,123,0,843,55,70,90,67,87,240,337,107,0,0,90,0,850,70,71,831,455,57,65,72,94,88,78,76,258
2019-01-19,94,90,0,957,411,390,71,404,0,54,348,61,73,0,910,73,53,70,69,104,238,357,78,0,0,108,0,726,90,56,761,512,63,58,80,85,102,61,72,367
2019-01-20,102,60,0,706,470,568,78,436,0,73,382,68,68,0,1018,55,55,79,80,87,296,362,64,0,0,79,0,816,77,69,802,469,85,44,78,57,93,71,72,386
2019-01-21,99,58,0,979,498,476,75,496,0,60,407,52,92,0,1049,60,61,74,80,80,264,427,73,0,0,86,0,970,79,75,849,519,69,66,77,119,76,57,74,461
2019-01-22,87,50,0,1108,529,523,85,506,0,65,425,80,90,0,999,61,64,69,79,91,368,432,90,0,0,84,0,958,73,69,882,550,63,37,82,99,96,47,66,390
2019-01-23,97,74,0,1145,503,511,68,440,0,66,426,50,76,0,1116,63,69,73,49,90,333,423,110,0,0,87,0,738,75,65,979,509,54,54,86,125,92,65,73,514
2019-01-24,84,66,0,765,484,432,80,438,0,54,377,82,86,0,948,66,58,72,76,80,361,340,63,0,0,76,0,674,76,74,822,403,31,56,79,105,91,65,67,272
2019-01-25,97,68,0,1008,431,519,78,416,0,65,360,73,79,0,930,53,61,67,46,83,327,378,73,0,0,63,0,737,72,67,740,412,55,49,84,91,81,60,75,394
2019-01-26,112,46,0,950,425,465,74,361,0,65,338,59,90,0,866,67,63,74,80,93,216,350,95,0,0,76,0,772,83,85,599,462,56,67,92,134,95,71,64,379
2019-01-27,103,96,0,856,467,493,90,464,0,79,370,78,72,0,960,57,72,76,67,84,257,382,77,0,0,71,0,992,73,75,818,472,63,71,86,92,88,56,73,435
2019-01-28,89,55,0,958,499,431,79,455,0,77,409,63,82,0,1021,56,67,80,66,90,359,382,86,0,0,103,0,957,78,68,856,436,61,56,81,103,97,82,70,478
2019-01-29,89,78,0,1156,515,585,70,482,0,64,442,58,81,0,1045,53,63,75,38,83,437,456,82,0,0,71,0,1013,69,61,937,518,98,58,70,118,79,57,79,305
2019-01-30,86,78,0,723,499,628,71,454,0,69,434,75,91,0,1090,57,57,76,79,91,315,458,76,0,0,91,0,1131,91,68,863,478,69,60,87,90,99,44,66,470
2019-01-31,94,75,0,920,453,427,74,396,0,73,375,63,70,0,950,45,63,73,64,92,298,366,84,0,0,81,0,1085,91,67,702,381,61,57,85,90,91,54,77,372
2019-02-01,96,87,0,851,456,551,81,448,0,66,352,45,88,0,904,55,50,57,66,79,250,304,85,0,0,80,0,672,69,65,828,355,60,47,74,81,76,75,70,383
2019-02-02,80,87,0,957,443,421,79,359,0,77,318,60,62,0,907,67,57,71,74,86,290,345,94,0,0,79,0,810,65,77,736,369,98,65,89,78,87,57,64,237
2019-02-03,103,86,0,1081,467,464,78,444,0,61,371,54,92,0,1057,46,60,76,72,87,312,391,67,0,0,79,0,1068,74,64,830,500,61,59,77,83,96,51,73,470
2019-02-04,106,85,0,1070,499,546,80,465,0,54,422,64,79,0,1047,61,60,50,73,93,357,447,91,0,0,86,0,1017,90,73,852,627,61,68,85,104,82,82,68,439
2019-02-05,84,93,0,1166,520,497,72,480,0,67,428,80,102,0,1062,59,75,86,75,80,439,424,83,0,0,68,0,873,63,57,890,456,63,56,73,93,91,50,71,399
2019-02-06,98,72,0,987,500,438,72,497,0,52,405,82,73,0,1043,63,67,70,52,90,317,443,101,0,0,99,0,965,69,64,937,468,69,55,85,76,87,58,77,422
2019-02-07,59,67,0,1073,460,359,83,392,0,56,376,59,90,0,957,53,54,74,53,86,388,380,65,0,0,76,0,931,73,73,735,400,91,60,85,121,95,52,62,322
2019-02-08,65,66,0,796,429,510,64,388,0,61,331,72,53,0,828,82,67,73,65,93,275,325,73,0,0,80,0,946,74,70,671,508,72,52,75,120,85,61,76,220
2019-02-09,85,71,0,712,411,420,73,401,0,76,343,66,86,0,891,50,63,78,59,91,228,335,94,0,0,81,0,537,58,76,764,431,77,70,87,112,91,73,83,276
2019-02-10,90,83,0,1113,458,523,84,403,0,57,376,93,82,0,984,55,72,73,72,88,373,346,75,0,0,91,0,1017,66,73,859,384,60,53,82,99,90,58,68,320
2019-02-11,82,39,0,1095,510,377,81,514,0,86,431,57,79,0,1008,58,60,79,70,95,283,418,87,0,0,80,0,824,79,71,772,439,62,73,80,112,83,65,68,309
2019-02-12,81,65,0,1125,538,485,80,493,0,62,440,54,89,0,1081,50,60,63,62,91,433,386,60,0,0,95,0,1138,70,77,955,552,62,62,73,109,99,54,67,343
2019-02-13,103,91,0,939,491,516,83,466,0,54,384,70,90,0,976,65,60,77,50,94,408,453,76,0,0,71,0,907,68,65,717,495,62,54,78,91,87,69,59,286
2019-02-14,76,80,0,922,472,475,67,395,0,51,380,64,90,0,930,50,63,81,53,91,232,395,80,0,0,81,0,734,64,78,776,358,67,52,81,77,90,51,73,338
2019-02-15,84,54,0,977,416,417,80,389,0,71,352,63,108,0,893,42,49,68,71,78,221,330,76,0,0,91,0,899,71,68,876,443,48,53,89,70,84,67,72,223
2019-02-16,96,65,0,1145,423,456,76,368,0,43,344,80,77,0,888,56,66,72,79,87,256,389,90,0,0,100,0,722,64,65,743,466,60,62,74,83,91,87,82,396
2019-02-17,130,64,0,983,464,400,76,448,0,74,383,75,74,0,918,61,68,80,39,94,305,419,77,0,0,93,0,1065,84,75,765,396,78,72,86,85,88,67,67,460
2019-02-18,90,83,0,1137,515,509,82,469,0,82,408,90,67,0,1058,81,64,77,49,87,361,434,74,0,0,71,0,782,66,64,982,518,68,46,82,86,86,31,61,406
2019-02-19,99,105,0,1285,542,515,72,460,0,63,434,67,107,0,1078,70,62,66,62,82,391,475,91,0,0,79,0,1222,80,72,962,538,63,55,84,94,99,52,80,476
2019-02-20,102,72,0,950,482,655,78,468,0,61,427,65,43,0,1058,80,70,75,80,88,280,465,90,0,0,83,0,1099,78,74,810,486,71,52,78,102,90,60,76,403
2019-02-21,119,54,0,1132,466,500,75,374,0,68,388,67,59,0,1015,63,65,81,69,86,267,378,76,0,0,85,0,836,68,67,919,356,62,59,86,103,92,61,75,452
2019-02-22,119,80,0,1067,416,481,61,399,0,58,338,54,92,0,882,58,71,77,78,89,296,349,99,0,0,86,0,655,83,80,756,369,59,40,77,94,88,70,64,348
2019-02-23,100,85,0,746,451,465,69,423,0,69,325,53,83,0,859,68,59,65,64,92,253,300,79,0,0,83,0,869,66,73,851,444,55,51,84,106,88,39,71,380
2019-02-24,106,85,0,1110,457,368,90,433,0,79,366,71,87,0,913,46,55,67,56,91,310,363,80,0,0,69,0,775,66,58,849,375,85,62,75,100,80,57,71,440
2019-02-25,129,88,0,1142,509,526,80,485,0,65,431,76,102,0,1071,52,60,71,72,81,371,392,109,0,0,82,0,918,75,71,911,440,50,70,86,88,96,57,68,403
2019-02-26,86,55,0,1153,511,506,92,452,0,63,437,75,111,0,1125,56,60,74,61,87,260,433,87,0,0,91,0,893,82,68,993,484,84,56,78,80,80,62,71,380
2019-02-27,84,74,0,1105,498,532,67,502,0,55,425,60,84,0,1023,61,66,80,77,80,289,433,60,0,0,89,0,752,85,73,852,529,89,69,85,92,99,70,76,434
2019-02-28,87,86,0,966,463,440,76,425,0,76,371,64,76,0,916,64,66,67,77,77,348,330,110,0,0,63,0,910,58,66,868,443,49,83,81,90,88,79,65,365
2019-03-01,87,83,0,793,427,351,89,378,0,63,339,69,87,0,810,43,51,69,82,87,313,343,89,0,0,90,0,827,45,68,623,382,66,59,78,111,78,55,75,316
2019-03-02,70,50,0,1020,420,551,72,402,0,51,331,83,104,0,928,47,59,72,49,94,309,327,74,0,0,81,0,1082,58,73,707,470,69,64,82,91,94,65,57,314
2019-03-03,77,53,0,982,474,549,78,410,0,69,376,52,77,0,996,48,71,72,83,86,355,352,99,0,0,70,0,763,82,71,733,507,53,50,79,58,84,68,62,449
2019-03-04,97,68,0,862,476,500,80,478,0,71,424,50,68,0,1019,62,58,76,70,90,333,448,86,0,0,84,0,1079,73,72,852,475,54,57,90,105,98,57,74,371
2019-03-05,91,92,0,1086,519,621,70,476,0,81,435,69,96,0,1078,53,60,62,59,85,347,432,71,0,0,76,0,909,82,81,942,392,91,51,82,103,88,61,71,449
2019-03-06,77,69,0,1069,513,413,79,469,0,53,428,77,69,0,1023,68,56,72,49,88,417,410,95,0,0,67,0,963,65,73,907,586,56,63,79,92,89,78,67,435
2019-03-07,75,76,0,1071,455,460,80,444,0,52,379,72,73,0,895,59,59,66,75,86,294,383,69,0,0,90,0,726,81,74,916,408,79,69,79,94,86,43,82,351
2019-03-08,84,79,0,811,403,534,77,339,0,48,348,68,84,0,866,53,54,74,84,84,317,370,81,0,0,78,0,763,72,71,714,417,55,55,99,104,108,49,73,398
2019-03-09,88,85,0,1019,437,387,66,391,0,84,359,62,91,0,894,53,65,75,57,87,371,279,74,0,0,93,0,856,64,76,746,418,63,62,82,115,86,69,79,316
2019-03-10,93,81,0,1318,444,358,72,474,0,66,400,56,89,0,910,66,57,84,64,86,223,387,103,0,0,78,0,688,83,76,762,406,46,85,85,96,91,66,70,423
2019-03-11,81,73,0,1254,488,495,67,451,0,75,445,93,70,0,1041,58,67,71,71,87,316,424,82,0,0,80,0,841,76,76,598,584,76,66,90,113,78,57,73,331
2019-03-12,109,82,0,1092,509,567,66,479,0,60,446,61,96,0,1113,56,57,81,75,81,453,492,89,0,0,81,0,1156,65,73,913,464,76,52,76,83,91,64,76,413
2019-03-13,111,77,0,967,509,522,71,499,0,54,403,70,78,0,1064,51,56,70,65,77,332,390,76,0,0,85,0,845,92,63,848,483,72,59,79,119,77,79,64,327
2019-03-14,112,76,0,859,461,541,81,415,0,72,352,86,81,0,920,62,63,81,68,90,294,376,81,0,0,82,0,803,68,65,916,390,70,59,81,85,89,68,72,431
2019-03-15,89,79,0,1050,436,498,69,371,0,74,336,70,73,0,812,71,65,75,69,95,272,331,99,0,0,81,0,892,84,71,741,334,76,68,92,103,84,62,78,308
2019-03-16,54,53,0,927,417,479,69,419,0,57,348,68,84,0,859,54,58,78,71,79,335,343,94,0,0,80,0,624,87,69,757,455,71,64,80,113,101,59,72,348
2019-03-17,96,60,0,1268,470,425,65,403,0,64,373,71,100,0,997,56,60,67,81,81,332,373,85,0,0,77,0,627,83,67,847,433,76,45,89,96,98,65,69,305
2019-03-18,109,69,0,1084,501,550,84,426,0,56,410,55,92,0,966,49,62,61,62,85,339,414,75,0,0,82,0,856,76,73,726,538,72,57,82,114,90,75,87,411
2019-03-19,111,77,0,1227,509,575,85,504,0,43,443,91,80,0,924,41,54,72,71,85,359,446,79,0,0,87,0,834,79,70,1059,518,65,43,82,114,100,72,68,407
2019-03-20,118,60,0,1124,496,511,71,498,0,63,410,59,83,0,1037,64,62,70,69,94,411,462,59,0,0,80,0,1084,70,60,821,539,76,64,86,64,89,34,76,392
2019-03-21,87,73,0,923,441,493,73,454,0,67,398,71,92,0,946,61,70,81,49,79,236,333,82,0,0,71,0,639,66,69,815,414,85,57,86,98,84,60,75,337
2019-03-22,94,80,0,954,415,514,73,381,0,59,319,70,101,0,832,63,65,73,56,70,240,364,91,0,0,86,0,785,80,69,809,382,72,54,86,106,94,55,78,340
2019-03-23,78,64,0,772,442,452,76,389,0,71,341,66,89,0,857,74,70,77,78,87,225,323,79,0,0,69,0,630,79,72,732,336,69,63,81,107,91,53,70,336
2019-03-24,97,91,0,1112,465,487,76,407,0,77,375,72,98,0,927,61,71,83,67,85,300,395,80,0,0,82,0,961,70,77,960,435,53,63,81,79,89,55,77,266
2019-03-25,95,55,0,1209,491,419,82,427,0,83,413,54,101,0,1043,54,60,77,54,87,321,404,79,0,0,70,0,1105,84,67,957,425,64,61,86,92,85,74,74,441
2019-03-26,109,67,0,930,505,490,70,486,0,68,437,63,82,0,1070,58,67,76,80,84,414,467,56,0,0,97,0,1010,68,58,805,569,66,55,78,101,91,58,66,466
2019-03-27,88,61,0,1061,503,559,90,461,0,66,408,52,70,0,1082,53,55,70,55,86,414,400,90,0,0,102,0,910,90,75,757,423,75,73,86,86,100,49,73,344
2019-03-28,94,83,0,1134,438,503,73,435,0,52,379,75,73,0,1015,45,56,77,39,81,326,408,104,0,0,76,0,668,74,71,586,409,82,50,96,75,85,51,66,373
2019-03-29,89,57,0,888,430,406,81,417,0,79,344,60,103,0,882,62,60,78,65,92,291,303,91,0,0,85,0,787,66,67,872,393,59,59,79,94,86,66,68,338
2019-03-30,105,78,0,893,425,493,82,418,0,66,312,71,65,0,913,47,60,68,53,89,361,341,78,0,0,87,0,806,66,72,732,440,83,51,74,98,93,63,77,295
2019-03-31,94,87,0,891,445,523,76,409,0,52,370,75,66,0,982,36,63,73,86,84,288,350,84,0,0,78,0,866,66,62,928,481,55,55,86,82,80,51,84,270
2019-04-01,69,59,47,880,484,560,69,463,0,40,425,81,90,0,1063,44,66,75,56,92,298,437,84,0,0,83,6,929,77,64,929,505,91,62,82,80,98,80,77,427
2019-04-02,69,79,0,1242,528,616,81,443,0,59,451,63,86,0,1093,58,65,79,68,81,351,463,81,0,0,84,2,1095,63,71,1076,478,65,73,79,109,95,57,79,322
2019-04-03,92,71,0,1092,484,516,70,503,0,82,422,57,73,0,1069,64,49,59,54,89,342,377,77,0,0,73,4,826,78,65,895,463,73,46,92,113,90,52,72,443
2019-04-04,100,90,0,1110,465,501,98,438,0,54,369,69,89,0,1012,67,54,82,67,87,310,394,119,0,0,82,2,893,77,76,774,422,82,60,89,68,81,69,72,427
2019-04-05,102,59,0,1073,425,350,79,378,0,58,335,64,81,0,896,74,58,76,63,82,311,358,82,0,0,90,0,1186,76,80,724,523,76,60,85,83,96,46,74,428
2019-04-06,106,91,28,914,419,447,78,395,0,66,342,65,93,0,867,51,66,76,80,88,278,341,95,0,0,79,0,797,80,66,814,493,56,54,82,89,79,71,72,235
2019-04-07,99,67,48,941,460,563,87,438,0,64,390,59,86,0,964,47,65,76,56,87,455,378,103,0,0,71,0,921,68,70,882,400,49,75,84,80,95,68,66,293
2019-04-08,81,61,0,1092,497,440,77,512,0,80,410,65,52,0,1028,60,62,72,63,91,318,430,86,0,0,94,0,1041,81,66,943,513,81,64,75,95,96,61,68,381
2019-04-09,82,92,58,933,544,518,65,479,0,61,434,71,75,0,1102,69,69,72,85,88,353,430,94,0,0,77,1,825,75,70,796,474,74,57,83,98,88,59,79,435
2019-04-10,85,80,0,1154,458,442,83,452,0,82,409,77,63,0,1037,54,65,80,78,90,379,424,119,0,0,87,3,999,63,64,984,613,69,63,89,100,92,61,75,432
2019-04-11,72,94,12,1058,448,596,76,416,0,63,365,59,96,0,982,53,56,83,68,82,347,381,75,0,0,78,3,808,75,65,906,447,72,57,79,77,92,45,81,320
2019-04-12,82,86,0,934,429,462,69,378,0,37,360,78,109,0,919,63,68,66,61,92,329,309,96,0,0,85,8,921,80,77,613,448,39,66,90,97,85,53,69,332
2019-04-13,98,73,21,912,411,422,88,387,0,72,361,61,78,0,891,42,61,71,60,90,181,300,63,0,0,99,5,878,60,65,749,442,64,58,90,110,88,69,72,261
2019-04-14,86,67,11,901,455,461,75,431,0,69,376,77,79,0,976,56,69,69,53,89,343,368,81,0,0,73,10,926,87,77,724,394,59,68,80,72,92,67,62,421
2019-04-15,90,76,0,1161,491,577,79,438,0,67,406,47,91,0,1033,60,51,76,60,83,352,389,69,0,0,83,5,1189,73,66,849,486,72,63,74,97,92,53,60,386
2019-04-16,116,70,13,1450,535,479,76,508,0,63,434,67,100,0,1084,59,59,74,68,91,371,444,74,0,0,72,1,1111,57,61,987,501,74,49,78,72,81,49,78,431
2019-04-17,102,69,8,860,486,364,80,487,0,48,417,89,85,0,1013,62,51,82,57,89,379,352,63,0,0,83,8,1001,76,77,825,578,84,62,78,98,90,51,70,406
2019-04-18,97,60,0,926,454,400,84,475,0,62,377,44,81,0,958,65,61,67,61,84,302,380,86,0,0,86,7,706,72,63,798,399,42,70,83,90,94,82,68,299
2019-04-19,86,95,10,883,430,434,83,359,0,56,335,75,60,0,887,55,52,80,70,88,264,312,86,0,0,78,1,685,85,69,672,414,62,51,85,114,88,74,66,326
2019-04-20,103,78,27,967,418,467,80,379,0,53,336,72,89,0,898,56,72,71,44,98,194,364,82,0,0,77,8,939,76,75,682,435,73,75,72,99,87,78,74,290
2019-04-21,92,63,78,942,466,485,90,456,0,88,361,79,69,0,993,65,55,67,70,91,379,410,96,0,0,86,6,950,74,72,918,487,69,47,79,93,98,66,68,357
2019-04-22,79,76,0,821,487,662,64,442,0,80,414,52,103,0,1031,68,61,72,77,90,310,427,94,0,0,86,12,736,75,73,966,478,75,58,90,88,97,53,60,444
2019-04-23,105,70,23,1200,503,547,79,466,0,59,422,62,101,0,1181,49,59,62,60,87,328,461,109,0,0,73,0,985,81,78,930,500,60,76,86,62,87,66,64,420
2019-04-24,97,68,0,1247,482,538,84,482,0,81,434,84,92,0,987,52,64,72,69,80,369,430,96,0,0,70,5,848,71,67,794,467,76,55,82,105,90,46,62,412
2019-04-25,79,65,24,1110,442,488,78,429,0,69,375,81,92,0,948,53,59,70,66,88,341,364,107,0,0,92,5,841,78,68,754,409,55,55,86,85,85,85,63,314
2019-04-26,71,62,16,783,433,530,79,372,0,67,335,77,65,0,868,62,52,76,65,91,230,359,99,0,0,93,8,710,65,79,789,398,68,63,83,101,88,73,80,275
2019-04-27,105,73,32,743,405,423,86,423,0,62,322,74,66,0,842,48,63,74,65,88,283,317,72,0,0,69,11,669,63,68,889,346,78,66,77,101,98,62,61,389
2019-04-28,101,83,0,1176,447,550,72,404,0,80,380,58,85,0,909,44,65,80,82,79,267,384,55,0,0,86,8,857,80,64,856,402,49,69,83,83,80,60,75,332
2019-04-29,114,69,11,1022,484,568,86,492,0,74,408,56,88,0,1018,54,51,73,71,74,263,430,110,0,0,84,0,798,82,85,1051,514,54,63,83,70,97,59,73,407
2019-04-30,77,85,0,1158,500,517,73,468,0,57,437,75,68,0,1081,55,60,81,70,82,347,393,75,0,0,91,8,1182,73,76,852,495,83,50,81,91,86,55,86,436
2019-05-01,118,97,26,1146,503,490,73,460,0,65,392,56,89,0,1044,66,59,65,61,85,332,435,73,0,0,81,6,894,57,72,948,627,44,72,78,83,97,86,70,370
2019-05-02,93,56,17,895,455,473,75,432,0,82,371,78,93,0,966,49,64,70,65,85,257,382,67,0,0,79,10,649,95,80,855,484,92,54,74,96,85,36,73,383
2019-05-03,84,77,9,973,436,528,86,402,0,67,348,58,80,0,875,63,71,72,61,81,208,404,81,0,0,100,6,753,67,71,888,435,83,52,77,90,90,55,55,292
2019-05-04,88,84,38,807,388,628,77,328,0,68,336,78,102,0,878,47,59,83,55,78,223,338,83,0,0,84,8,1036,48,69,698,348,64,60,80,118,86,48,75,309
2019-05-05,90,58,0,1086,451,472,70,430,0,65,362,65,77,0,956,56,56,77,63,91,316,344,79,0,0,80,10,907,65,78,873,496,80,72,79,91,87,69,79,374
2019-05-06,76,63,18,1089,474,491,75,452,0,42,412,69,76,0,963,59,63,84,71,79,385,418,80,0,0,88,6,888,88,73,947,509,57,56,76,100,96,78,64,314
2019-05-07,106,94,70,1098,526,477,78,560,0,83,435,72,87,0,1055,51,67,65,68,78,420,426,96,0,0,97,14,847,67,68,895,503,73,61,81,110,98,60,80,442
2019-05-08,110,80,0,916,492,532,69,457,0,62,413,82,77,0,1048,44,51,61,53,82,333,457,89,0,0,88,12,1017,63,63,912,488,38,69,81,90,89,57,68,397
2019-05-09,90,65,68,1149,445,535,88,434,0,61,374,64,86,0,955,50,52,68,75,82,346,389,80,0,0,83,9,933,77,64,798,468,54,57,85,107,86,67,69,357
2019-05-10,102,76,7,1039,429,494,76,329,0,59,338,52,67,0,874,57,61,71,104,83,311,345,79,0,0,86,14,641,75,72,804,406,74,72,81,98,80,95,56,272
2019-05-11,88,84,13,825,423,653,70,390,0,61,339,67,97,0,848,47,68,72,51,77,232,310,82,0,0,77,7,916,91,74,695,349,64,71,87,86,95,66,74,373
2019-05-12,105,89,5,1095,471,517,90,408,0,74,373,75,85,0,1047,49,61,79,61,92,354,401,86,0,0,95,9,957,44,77,891,478,72,67,90,103,100,64,68,272
2019-05-13,102,70,0,975,468,520,76,518,0,61,430,47,79,0,1015,54,51,76,77,89,344,420,94,0,0,85,8,776,63,71,837,422,80,60,88,85,84,63,78,409
2019-05-14,78,97,15,1223,508,522,72,514,0,49,440,90,83,0,1053,55,53,71,76,90,359,454,79,0,0,101,6,1173,97,67,916,495,86,54,79,112,85,65,79,468
2019-05-15,109,97,30,1110,514,595,71,439,0,61,414,58,68,0,982,58,58,79,64,89,307,427,80,0,0,84,1,824,76,74,872,511,59,47,86,81,91,76,76,401
2019-05-16,73,71,27,1016,461,529,81,485,0,78,371,80,96,0,908,60,62,74,66,93,350,374,82,0,0,69,15,947,65,73,780,501,70,68,83,96,99,76,83,377
2019-05-17,86,60,58,927,409,268,83,372,0,74,341,63,97,0,904,48,60,77,59,90,313,329,80,0,0,77,10,973,79,74,868,459,68,69,77,83,91,54,70,247
2019-05-18,85,74,0,909,428,474,78,374,0,64,341,69,81,0,876,44,62,69,52,84,275,309,72,0,0,83,12,745,70,68,626,489,49,58,77,61,77,31,66,267
2019-05-19,99,72,0,1002,442,547,75,441,0,66,381,56,66,0,963,51,62,75,63,84,345,375,87,0,0,81,11,772,88,68,932,503,71,56,79,61,95,65,63,325
2019-05-20,70,74,21,1064,514,519,72,445,0,61,430,91,106,0,1059,74,58,81,93,79,350,427,73,0,0,96,7,893,74,66,904,489,65,56,78,98,92,59,77,451
2019-05-21,82,69,44,1044,520,534,82,517,0,87,427,90,61,0,1141,55,66,70,47,88,331,431,79,0,0,74,12,962,77,75,1150,472,75,52,87,89,96,35,82,408
2019-05-22,103,65,46,1142,511,561,69,502,0,75,396,30,91,0,993,58,59,83,82,89,340,457,73,0,0,73,11,804,85,65,820,630,53,67,82,92,86,54,71,420
2019-05-23,78,76,0,1157,450,449,80,383,0,54,392,67,65,0,972,47,60,70,58,95,249,425,78,0,0,86,17,931,63,68,833,430,39,61,82,93,79,49,66,322
2019-05-24,114,78,0,807,413,486,81,400,0,43,333,93,78,0,930,51,64,69,43,83,312,366,82,0,0,79,10,829,70,65,688,464,56,69,86,98,93,75,71,316
2019-05-25,91,59,45,903,420,431,73,374,0,50,332,68,71,0,895,57,63,71,63,86,286,378,87,0,0,75,12,796,66,81,705,481,61,56,84,97,92,53,68,316
2019-05-26,78,69,0,1159,461,478,83,412,0,77,380,54,96,0,980,49,59,80,83,95,295,364,70,0,0,65,14,649,69,72,907,443,70,50,78,83,90,88,78,340
2019-05-27,72,95,27,860,515,428,74,469,0,69,408,54,94,0,1056,57,58,69,57,77,379,395,79,0,0,82,15,1193,91,72,1011,469,61,63,82,107,101,84,74,472
2019-05-28,91,70,52,1006,509,535,80,491,0,72,430,83,87,0,1085,44,62,67,44,78,388,464,88,0,0,71,16,824,69,82,917,571,74,59,85,94,76,80,75,467
2019-05-29,89,84,31,866,477,570,73,487,0,59,423,65,94,0,981,57,48,71,52,81,292,385,80,0,0,85,9,975,49,76,933,570,72,59,81,91,94,41,70,386
2019-05-30,105,52,13,1006,481,431,67,421,0,52,394,69,85,0,1019,59,69,70,63,89,284,377,87,0,0,70,8,933,82,62,698,563,66,61,77,111,99,62,62,472
2019-05-31,89,61,50,828,404,486,83,357,0,71,354,49,87,0,940,57,57,70,72,84,267,303,76,0,0,91,9,724,74,70,775,402,74,61,87,63,82,44,73,288
2019-06-01,110,42,1,761,443,465,82,417,0,78,335,81,77,0,910,52,75,71,40,94,287,362,87,0,0,69,14,877,79,69,738,382,45,47,72,109,89,39,74,364
2019-06-02,92,43,40,1073,466,506,94,440,0,59,372,61,86,0,902,60,57,61,48,81,343,389,96,0,0,90,13,851,80,70,952,488,80,64,84,98,92,72,81,340
2019-06-03,66,76,0,992,491,570,60,475,0,38,421,75,85,0,1202,50,58,64,87,88,424,470,74,0,0,77,15,880,73,76,967,444,73,59,83,109,99,65,66,420
2019-06-04,107,57,24,1024,514,545,72,468,0,54,424,76,80,0,1063,52,52,72,70,77,332,386,63,0,0,85,15,941,72,73,906,597,88,55,80,96,86,53,76,364
2019-06-05,75,87,17,869,472,504,83,510,0,67,420,39,91,0,1083,54,56,75,61,80,344,429,83,0,0,89,19,972,81,74,856,516,52,57,81,93,84,61,70,391
2019-06-06,79,60,63,1020,441,444,77,398,0,79,392,57,81,0,1045,51,77,71,77,91,292,344,88,0,0,80,20,926,67,60,697,511,62,65,73,97,93,48,65,391
2019-06-07,106,57,0,746,420,488,71,349,0,69,320,70,77,0,828,59,65,74,49,91,327,376,74,0,0,84,7,710,84,69,817,508,69,68,84,108,82,54,77,374
2019-06-08,69,73,30,858,454,492,77,434,0,62,333,81,77,0,927,64,59,63,69,95,226,339,91,0,0,77,21,837,80,76,725,388,71,67,91,94,90,68,68,324
2019-06-09,87,101,0,905,477,389,84,435,0,82,349,69,81,0,943,55,60,69,61,81,417,345,78,0,0,85,19,719,98,78,753,373,80,60,84,95,93,79,80,347
2019-06-10,90,59,39,1046,484,617,67,504,0,73,401,73,91,0,1022,72,67,74,70,98,372,411,83,0,0,83,17,1062,80,72,911,533,60,45,83,84,88,68,65,466
2019-06-11,107,76,34,950,518,522,78,506,0,65,433,78,85,0,1066,47,67,73,84,86,357,446,87,0,0,87,19,1180,65,70,839,596,65,55,75,96,93,77,79,446
2019-06-12,69,73,62,1177,490,554,79,479,0,50,399,75,54,0,1002,60,57,66,62,83,287,459,71,0,0,72,19,766,87,60,926,524,44,58,86,124,92,54,71,456
2019-06-13,102,73,22,1154,442,492,96,422,0,65,380,63,84,0,1002,63,67,83,76,81,319,380,66,0,0,96,18,1024,68,77,846,448,75,54,84,91,88,56,69,401
2019-06-14,121,85,29,1182,434,428,73,396,0,78,343,52,104,0,834,49,61,71,56,95,324,325,94,0,0,81,20,516,79,74,736,400,101,66,90,89,78,58,77,361
2019-06-15,89,83,0,930,423,471,80,416,0,44,339,45,65,0,850,61,60,78,75,83,294,309,82,0,0,75,17,797,58,66,475,309,55,63,80,87,102,71,72,267
2019-06-16,106,94,22,732,442,521,76,385,0,66,384,73,85,0,1013,60,63,78,79,84,273,410,78,0,0,76,15,933,75,73,836,469,99,46,79,121,85,55,68,296
2019-06-17,55,84,26,898,506,626,73,496,0,71,438,55,88,0,976,59,58,64,67,91,363,463,78,0,0,74,13,972,76,75,961,477,89,48,85,99,93,55,75,392
2019-06-18,79,110,27,1111,504,626,67,479,0,75,431,66,95,0,1065,58,62,71,45,76,412,418,91,0,0,76,23,993,84,73,911,530,49,50,78,77,96,68,58,451
2019-06-19,103,42,70,1110,488,554,77,462,0,55,403,64,69,0,1161,60,58,68,53,75,321,409,78,0,0,68,22,859,52,73,883,517,76,68,79,75,83,73,52,451
2019-06-20,72,72,0,879,452,461,73,386,0,71,375,71,69,0,951,59,63,71,57,88,350,399,67,0,0,90,22,946,67,68,786,413,83,55,76,96,95,43,72,349
2019-06-21,123,97,0,910,447,524,81,403,0,87,335,73,91,0,906,67,52,70,75,90,347,331,88,0,0,76,22,634,82,73,867,418,37,75,79,91,91,72,72,390
2019-06-22,123,72,55,848,431,465,67,397,0,54,319,83,100,0,916,57,68,66,56,93,311,387,93,0,0,90,23,798,80,77,624,436,83,60,80,88,97,41,63,289
2019-06-23,115,32,19,973,469,461,80,410,0,62,375,62,90,0,965,52,61,72,68,87,296,403,101,0,0,69,20,964,78,73,824,415,68,63,87,87,87,73,75,289
2019-06-24,94,98,16,1081,492,541,83,416,0,57,390,50,95,0,1087,53,60,80,74,83,331,461,87,0,0,88,16,844,79,61,964,517,93,65,85,96,85,65,80,426
2019-06-25,92,87,45,1031,512,486,72,497,0,44,432,57,69,0,973,54,59,82,84,90,325,471,74,0,0,81,19,1130,74,72,959,515,59,73,79,75,99,45,68,426
2019-06-26,97,75,25,921,483,499,89,441,0,63,415,72,68,0,1084,37,66,59,73,93,294,377,81,0,0,90,15,872,77,71,982,505,68,43,83,97,80,87,70,333
2019-06-27,107,71,24,1056,450,492,72,442,0,88,383,79,95,0,934,49,67,72,52,92,317,365,79,0,0,74,24,896,60,70,875,481,62,66,90,57,85,58,70,266
2019-06-28,87,100,20,900,432,420,75,398,0,75,326,57,63,0,798,51,54,68,71,83,269,336,91,0,0,89,20,526,79,72,725,418,74,55,77,123,102,49,75,328
2019-06-29,92,79,57,995,453,443,87,408,0,62,341,66,94,0,854,65,67,69,59,93,223,321,78,0,0,75,15,852,82,60,649,389,86,68,81,105,87,69,86,353
2019-06-30,94,57,30,862,461,514,71,413,0,92,389,43,103,0,934,65,64,70,60,86,324,345,86,0,0,82,12,986,93,68,828,453,62,61,76,62,80,68,79,355
2019-07-01,0,59,77,864,484,588,72,434,0,45,414,72,89,75,1020,0,63,74,75,94,363,396,88,12,0,82,23,1047,83,69,961,506,76,59,81,96,97,75,68,354
2019-07-02,0,66,24,1074,529,596,86,477,0,44,433,84,123,0,1118,0,55,83,54,89,421,427,76,0,0,83,16,937,68,67,1009,662,60,48,86,77,98,60,89,420
2019-07-03,0,59,0,995,482,540,75,472,0,65,415,74,79,0,1038,0,57,83,85,90,375,424,94,12,0,65,23,982,74,69,938,448,56,54,84,97,84,84,70,360
2019-07-04,0,77,65,807,434,446,69,454,0,41,363,43,90,0,1016,0,54,63,67,90,269,342,85,0,0,96,20,773,72,70,837,494,67,63,77,93,81,73,68,335
2019-07-05,0,54,44,882,436,473,85,392,0,74,326,70,59,0,933,0,65,76,64,84,201,357,104,19,0,85,20,897,85,72,769,451,74,58,82,66,91,50,73,345
2019-07-06,0,78,41,748,412,491,75,410,0,66,324,71,69,45,838,0,66,70,72,83,286,349,93,35,0,71,24,682,67,74,760,525,73,45,86,124,101,68,75,300
2019-07-07,0,58,41,902,454,477,84,399,0,52,388,47,84,128,969,0,62,73,69,92,355,394,97,56,0,99,24,963,79,67,801,399,64,57,82,104,98,54,69,382
2019-07-08,0,64,9,1214,472,529,60,464,0,50,409,52,94,30,1045,0,73,68,77,83,432,415,60,46,0,71,24,953,72,69,848,527,59,40,84,95,86,55,79,419
2019-07-09,0,78,11,1234,514,622,75,504,0,59,424,73,88,81,1147,0,61,72,75,91,400,397,103,0,0,92,26,803,84,67,1015,515,90,44,83,89,86,52,81,385
2019-07-10,0,97,6,1055,498,434,71,465,0,77,390,71,60,0,959,0,55,65,56,75,343,407,93,0,0,80,26,1051,83,69,923,518,72,58,84,100,99,58,71,344
2019-07-11,0,71,35,1071,426,495,82,445,0,59,383,64,79,0,976,0,70,79,76,91,286,393,81,33,0,94,24,1148,67,64,700,474,62,71,87,117,87,43,68,393
2019-07-12,0,61,56,891,422,499,74,375,0,64,354,54,96,70,945,0,64,65,71,85,233,369,88,12,0,74,25,664,70,63,660,442,73,58,84,87,82,76,65,307
2019-07-13,0,69,0,784,423,446,78,346,0,60,322,71,95,1,922,0,61,64,62,84,233,339,83,23,0,82,22,777,68,70,747,371,67,50,91,91,111,42,76,294
2019-07-14,0,76,10,1023,443,558,75,428,0,59,385,72,86,38,906,0,64,70,62,81,242,399,99,69,0,76,22,895,85,74,824,491,45,53,82,99,91,66,68,410
2019-07-15,0,64,3,819,506,515,83,431,0,65,410,94,71,0,1032,0,57,76,53,86,365,421,75,13,0,85,29,1251,81,70,844,477,60,66,83,69,93,61,73,412
2019-07-16,0,80,52,1312,528,640,70,496,0,69,433,62,96,83,1059,0,65,80,70,88,331,387,76,0,0,72,22,1046,72,71,1040,457,79,48,79,81,74,69,58,468
2019-07-17,0,73,35,938,500,523,71,464,0,59,426,58,112,0,1081,0,46,59,65,84,353,352,85,33,0,90,30,1084,64,71,783,493,72,60,90,102,98,68,82,436
2019-07-18,0,74,43,782,473,568,77,440,0,61,362,53,84,37,917,0,59,67,78,88,397,423,76,27,0,82,27,819,72,64,813,293,67,59,84,73,89,50,76,371
2019-07-19,0,63,55,542,416,560,77,417,0,76,331,74,87,56,848,0,61,75,52,83,300,312,79,65,0,83,30,779,67,65,857,420,57,59,87,97,83,68,79,332
2019-07-20,0,49,23,752,404,507,73,368,0,71,336,60,103,0,906,0,63,87,59,85,220,317,102,13,0,91,29,814,69,70,789,372,76,40,85,82,100,39,68,370
2019-07-21,0,67,38,876,438,510,79,424,0,61,372,60,101,0,965,0,59,72,58,83,341,404,77,0,0,77,22,1143,53,69,795,518,97,38,80,90,85,87,66,321
2019-07-22,0,81,47,1171,488,736,80,481,0,61,427,90,78,0,1049,0,70,82,58,86,292,436,72,0,0,79,27,886,82,68,920,506,67,61,82,73,90,70,69,354
2019-07-23,0,68,8,1029,537,486,90,487,0,51,440,65,63,0,1053,0,62,69,75,91,357,429,54,5,0,82,30,991,70,73,1040,530,57,69,79,127,100,57,72,345
2019-07-24,0,65,46,1072,497,497,78,457,0,65,397,67,73,0,1008,0,64,85,57,81,437,408,96,37,0,84,28,1086,61,63,861,433,63,70,84,89,107,73,75,548
2019-07-25,0,66,70,1018,437,513,79,408,0,63,366,26,94,0,1017,0,56,71,65,83,304,389,102,37,0,99,32,1057,79,75,862,519,87,76,77,66,99,53,79,410
2019-07-26,0,63,59,936,441,476,80,408,0,80,327,60,64,0,882,0,66,77,65,82,278,354,101,50,0,88,33,848,57,73,718,451,55,69,82,89,92,55,68,299
2019-07-27,0,66,19,741,421,460,75,385,0,42,336,69,69,0,923,0,59,72,57,97,221,405,74,41,0,72,32,857,64,68,848,392,86,54,82,102,83,68,71,339
2019-07-28,0,88,13,892,477,541,75,455,0,78,373,83,111,58,960,0,64,79,66,89,231,345,70,14,0,90,28,927,60,72,824,461,66,72,83,108,82,71,86,393
2019-07-29,0,59,64,1304,489,615,83,455,0,66,415,70,111,22,1061,0,61,74,72,84,364,453,88,118,0,86,25,783,69,73,841,515,74,62,84,112,85,55,66,372
2019-07-30,0,113,68,1382,524,510,83,522,0,68,427,60,114,0,1095,0,66,74,81,88,373,413,87,21,0,70,34,1069,82,75,985,482,59,57,83,101,86,56,69,425
2019-07-31,0,85,64,981,487,595,63,487,0,42,423,53,87,0,986,0,61,75,68,101,344,426,83,0,0,108,35,738,72,75,896,510,60,54,89,74,93,88,84,534
2019-08-01,0,75,38,889,450,418,81,388,0,68,344,81,91,61,966,0,66,72,56,93,328,402,88,0,0,86,29,930,71,72,861,423,54,57,76,73,89,67,58,411
2019-08-02,0,76,49,818,398,382,84,399,0,66,332,72,91,124,817,0,66,78,63,82,319,380,84,0,0,103,31,644,77,72,703,371,74,64,75,76,93,57,61,312
2019-08-03,0,64,29,852,407,553,84,324,0,52,353,73,97,0,924,0,61,64,55,92,241,366,116,52,0,61,29,950,74,67,621,411,75,72,81,88,90,55,81,371
2019-08-04,0,71,97,1101,443,572,77,456,0,46,372,74,43,20,981,0,59,66,64,91,273,346,101,72,0,80,39,769,74,79,807,557,85,54,79,80,95,40,62,353
2019-08-05,0,62,29,1240,500,507,73,497,0,49,414,63,91,0,1102,0,71,68,65,82,400,411,81,0,0,88,30,1031,68,59,955,480,58,59,78,105,89,70,69,470
2019-08-06,0,77,14,1249,492,613,70,475,0,76,442,58,89,170,1111,0,67,77,45,99,364,410,101,0,0,82,35,803,75,73,716,516,96,57,86,101,87,56,72,319
2019-08-07,0,67,63,1077,505,477,77,422,0,61,389,48,77,69,1072,0,64,80,72,83,366,450,92,53,0,75,32,949,83,76,954,515,92,60,83,126,90,65,81,474
2019-08-08,0,91,67,888,460,479,76,390,0,83,372,66,99,20,988,0,65,72,65,97,269,357,96,0,0,93,25,787,87,77,888,368,86,64,78,95,96,89,74,390
2019-08-09,0,79,65,942,444,550,78,445,0,54,344,74,70,42,915,0,60,68,66,92,310,340,86,27,0,82,32,697,83,63,905,408,44,51,84,66,86,49,58,408
2019-08-10,0,63,21,907,414,465,81,421,0,47,331,59,80,154,913,0,69,88,65,93,301,386,64,0,0,88,32,753,80,64,787,372,67,55,81,86,93,86,81,381
2019-08-11,0,88,62,1115,449,437,82,428,0,53,375,58,90,31,968,0,57,81,53,86,352,377,79,7,0,75,34,782,74,61,799,487,99,57,79,98,86,60,77,354
2019-08-12,0,92,21,1260,478,574,73,475,0,65,409,50,94,71,1049,0,61,70,52,75,267,407,95,0,0,85,33,849,80,64,909,362,44,65,84,105,99,72,72,386
2019-08-13,0,66,66,1198,498,598,85,538,0,67,419,51,88,22,1083,0,52,77,73,81,444,442,62,45,0,87,35,1023,84,74,1065,486,73,63,83,83,88,69,80,558
2019-08-14,0,89,16,917,513,476,77,442,0,38,406,67,83,33,1074,0,65,90,66,89,392,415,88,129,0,81,32,972,66,68,865,468,94,62,77,87,96,39,61,456
2019-08-15,0,77,55,915,448,424,75,441,0,49,372,80,93,36,1019,0,75,76,76,87,337,371,83,2,0,95,32,782,74,69,1026,472,70,52,86,109,81,72,75,340
2019-08-16,0,65,29,855,393,509,81,421,0,80,361,92,87,49,915,0,60,74,48,81,275,321,78,98,0,94,31,873,106,65,742,391,68,48,85,87,99,56,78,328
2019-08-17,0,63,31,851,428,516,82,429,0,68,324,70,58,0,905,0,59,74,59,95,302,336,98,17,0,97,26,943,71,72,769,447,59,71,81,74,88,34,65,257
2019-08-18,0,71,38,895,456,611,74,444,0,72,370,61,78,8,996,0,57,73,63,86,359,357,93,153,0,81,38,732,75,67,854,470,63,56,81,101,81,79,74,289
2019-08-19,0,56,25,960,485,592,77,451,0,64,392,84,95,0,1110,0,60,55,64,88,442,435,104,126,0,80,33,875,77,68,884,436,75,54,86,94,95,49,75,433
2019-08-20,0,66,51,1147,525,505,83,474,0,70,435,81,95,0,1171,0,52,71,73,91,365,424,73,0,0,77,35,1024,82,66,772,504,74,65,81,95,79,44,62,346
2019-08-21,0,59,44,1115,485,621,81,451,0,69,413,70,96,22,1000,0,60,69,64,90,311,469,86,11,0,84,31,1003,78,70,885,511,53,63,75,97,90,73,74,434
2019-08-22,0,80,42,941,431,505,83,419,0,58,372,80,89,42,1016,0,70,75,77,86,381,363,72,0,0,79,35,897,69,73,952,497,71,51,79,93,84,57,74,335
2019-08-23,0,61,74,1041,409,508,73,425,0,53,343,76,79,3,992,0,65,72,67,89,334,332,86,56,0,102,35,809,81,69,845,494,77,73,80,121,94,46,74,305
2019-08-24,0,80,53,1006,421,512,68,364,0,70,343,49,76,3,931,0,57,68,73,95,277,309,90,16,0,79,36,793,75,74,908,414,64,49,79,83,82,66,79,392
2019-08-25,0,64,51,949,460,445,79,409,0,80,364,52,78,39,1012,0,69,78,78,85,355,387,116,0,0,74,44,985,64,71,823,507,73,59,79,74,87,68,61,320
2019-08-26,0,45,29,1105,498,499,83,435,0,53,410,80,94,48,1045,0,63,68,57,88,370,387,83,0,0,70,34,921,44,76,899,497,61,59,78,69,87,41,79,451
2019-08-27,0,43,81,1365,526,565,68,503,0,65,434,50,87,0,1119,0,63,71,84,86,380,415,100,0,0,91,32,946,68,71,1015,548,68,49,85,84,102,57,71,353
2019-08-28,0,68,36,1027,489,506,73,417,0,77,403,61,121,35,1086,0,68,62,75,94,332,406,91,0,0,87,34,780,77,72,809,514,87,56,83,63,89,74,83,362
2019-08-29,0,72,42,999,445,397,67,422,0,70,341,81,115,13,1023,0,67,62,67,88,330,333,59,66,0,91,34,633,81,61,862,477,78,68,90,88,86,64,60,334
2019-08-30,0,62,39,1002,435,416,82,422,0,59,342,64,91,49,976,0,59,75,75,92,303,342,76,54,0,55,34,782,73,58,837,395,49,58,80,88,86,51,77,345
2019-08-31,0,89,45,1006,404,429,79,423,0,63,339,70,94,17,902,0,64,61,69,90,342,289,95,0,0,96,31,734,68,70,919,363,75,65,77,73,90,43,65,321
2019-09-01,0,89,51,1068,452,563,79,436,0,58,362,75,102,93,931,0,63,77,58,79,346,349,100,113,0,78,32,810,74,75,793,464,59,69,91,53,86,68,76,395
2019-09-02,0,67,82,1168,496,617,76,474,0,41,408,77,92,6,1068,0,70,76,54,89,357,435,73,10,0,83,32,980,61,68,900,533,71,64,77,95,79,81,73,354
2019-09-03,0,70,36,1245,511,662,81,474,0,60,432,67,93,0,1087,0,51,74,70,87,383,468,117,40,0,86,39,932,80,76,850,560,57,56,83,104,86,73,65,399
2019-09-04,0,48,57,1184,486,588,65,490,0,61,404,74,74,164,991,0,50,64,101,89,389,407,101,27,0,79,44,771,82,68,873,460,71,58,83,124,99,78,78,413
2019-09-05,0,85,11,1071,433,486,86,411,0,61,376,67,91,84,923,0,65,80,93,97,290,396,55,20,0,91,35,1051,89,71,854,509,61,68,88,128,86,39,76,363
2019-09-06,0,83,110,778,420,468,73,451,0,72,334,73,61,58,880,0,59,78,68,96,239,366,86,3,0,74,44,825,75,65,650,414,63,65,82,111,93,51,68,359
2019-09-07,0,71,34,1052,396,400,73,396,0,57,339,64,114,30,927,0,63,65,79,83,271,339,50,0,0,80,38,655,78,78,936,359,60,67,82,85,95,53,81,210
2019-09-08,0,75,49,1045,442,545,75,426,0,28,380,85,88,3,913,0,59,67,54,80,290,377,66,87,0,88,38,700,50,73,830,486,34,57,84,114,98,62,67,372
2019-09-09,0,57,45,1050,470,568,81,475,0,67,417,66,99,83,1033,0,58,70,91,86,349,409,90,38,0,98,37,698,77,68,936,518,71,70,91,88,84,59,69,414
2019-09-10,0,66,41,999,501,504,85,522,0,53,446,66,91,119,1121,0,63,78,81,87,442,435,75,81,0,83,35,916,62,78,960,481,63,55,76,120,95,51,67,405
2019-09-11,0,39,68,1177,460,699,77,466,0,59,410,64,104,19,1125,0,60,87,49,75,372,410,90,0,0,70,35,1025,81,74,1026,545,77,62,83,99,87,70,71,377
2019-09-12,0,93,23,963,432,559,69,410,0,67,370,59,88,18,934,0,68,72,61,86,394,374,64,16,0,65,42,680,75,66,749,416,70,54,81,99,83,77,75,344
2019-09-13,0,65,35,1049,415,585,82,350,0,64,331,70,108,0,943,0,58,73,65,93,308,341,78,22,0,86,44,933,53,77,775,469,81,60,82,68,96,47,68,315
2019-09-14,0,95,59,985,413,455,77,363,0,52,335,86,93,0,923,0,61,65,69,88,280,350,86,73,0,94,38,795,72,67,671,377,93,65,83,85,104,44,76,353
2019-09-15,0,98,33,944,459,563,84,426,0,66,358,72,87,14,955,0,54,74,57,86,325,353,103,0,0,82,44,489,99,70,846,412,60,59,83,97,95,55,73,331
2019-09-16,0,81,94,1207,502,609,72,453,0,66,418,81,69,80,1033,0,59,80,64,82,329,462,73,138,0,95,44,891,79,71,1036,545,84,63,79,108,87,67,76,430
2019-09-17,0,77,8,930,519,531,79,490,0,74,414,75,82,49,1084,0,62,76,73,92,288,445,90,0,0,95,43,1131,69,68,1050,538,38,54,83,95,86,46,73,424
2019-09-18,0,75,50,983,485,634,88,448,0,49,412,66,97,134,1021,0,68,77,54,84,330,427,91,0,0,66,44,914,86,67,825,493,60,69,92,82,81,71,64,418
2019-09-19,0,80,63,975,448,441,78,478,0,69,370,64,111,0,1045,0,56,75,65,85,274,369,62,95,0,87,36,881,73,72,753,427,61,77,79,98,79,71,71,414
2019-09-20,0,59,45,878,434,568,76,366,0,55,337,67,90,31,885,0,59,70,62,93,207,358,85,0,0,83,42,821,70,66,761,433,68,74,86,71,106,67,74,308
2019-09-21,0,61,59,827,417,421,77,373,0,68,335,98,94,1,900,0,66,79,71,86,218,309,94,20,0,75,41,949,60,72,700,411,88,58,81,101,83,65,77,365
2019-09-22,0,62,89,996,437,427,75,379,0,50,374,71,83,51,903,0,69,63,87,94,293,402,66,69,0,99,36,862,100,59,931,376,71,58,87,97,89,75,63,403
2019-09-23,0,53,55,1010,482,608,83,524,0,73,419,70,73,23,1074,0,64,95,71,83,366,433,82,42,0,74,40,783,62,66,928,449,77,58,84,70,88,60,76,436
2019-09-24,0,66,34,1011,498,574,80,454,0,67,426,66,60,6,1082,0,62,63,76,94,427,476,94,24,0,98,44,897,65,80,1057,530,74,57,82,91,82,54,73,454
2019-09-25,0,65,87,1179,490,698,66,470,0,55,414,64,90,162,1064,0,64,81,51,90,353,384,85,37,0,71,40,1200,77,68,983,458,50,48,78,82,93,75,80,326
2019-09-26,0,69,58,899,455,602,86,464,0,58,367,87,122,21,885,0,68,76,61,85,356,402,109,84,0,78,45,1076,80,70,913,523,66,70,81,106,88,49,72,386
2019-09-27,0,73,13,939,422,543,78,369,0,72,329,68,101,9,935,0,56,67,73,90,292,311,97,45,0,76,50,610,69,67,668,444,67,71,79,69,93,56,61,367
2019-09-28,0,65,81,843,424,473,64,396,0,61,320,62,88,166,862,0,55,67,74,90,275,325,77,23,0,84,39,857,90,70,866,377,67,57,90,88,98,82,85,361
2019-09-29,0,84,90,1163,442,406,70,436,0,69,383,72,94,83,953,0,56,70,74,83,396,328,91,108,0,86,42,761,74,56,804,551,42,56,87,115,99,68,63,399
2019-09-30,0,64,58,1146,493,477,82,431,0,80,416,69,98,44,1063,0,75,72,71,88,388,451,78,9,0,82,42,1077,79,68,838,548,55,65,77,76,87,47,70,445
2019-10-01,0,66,31,940,523,509,69,504,174,84,421,72,94,0,1141,0,59,71,68,92,412,457,78,6,2,79,51,963,58,80,1070,506,55,76,82,94,100,87,74,349
2019-10-02,0,73,71,1161,492,577,79,472,30,55,398,63,88,72,1077,0,54,74,53,83,368,404,88,47,22,100,43,915,61,72,895,477,59,61,81,79,95,62,79,436
2019-10-03,0,59,38,948,453,386,75,464,0,59,381,80,65,0,908,0,53,68,45,92,350,333,75,0,3,94,43,863,74,67,856,439,78,61,87,131,92,61,70,463
2019-10-04,0,61,43,972,415,440,72,368,142,58,303,71,85,91,854,0,56,84,59,82,296,311,84,63,4,86,37,595,83,69,853,427,83,63,80,86,105,86,72,375
2019-10-05,0,90,64,850,410,510,75,404,0,75,353,59,85,108,902,0,52,75,53,84,351,335,108,44,51,85,48,841,81,66,839,325,63,69,88,85,82,75,76,291
2019-10-06,0,80,89,1046,452,510,82,457,0,82,375,94,112,78,927,0,57,72,94,89,377,369,54,0,2,77,41,870,68,74,855,503,59,61,74,89,90,61,69,352
2019-10-07,0,78,66,1043,495,669,74,463,0,83,416,53,116,0,1071,0,73,73,84,82,382,430,91,58,0,87,40,955,65,67,971,520,64,56,83,90,99,59,74,442
2019-10-08,0,67,17,1109,512,494,80,477,136,67,425,83,109,118,1137,0,65,59,85,81,405,458,91,51,35,100,42,782,53,80,1012,535,83,60,89,123,99,55,58,396
2019-10-09,0,79,64,913,484,470,73,505,127,66,414,54,82,63,1020,0,57,76,66,91,294,400,82,73,0,80,51,1022,70,70,1008,434,55,54,82,80,87,79,68,508
2019-10-10,0,52,92,1122,459,533,80,413,0,68,384,64,94,127,981,0,69,70,62,87,321,376,73,55,6,96,44,981,69,69,799,532,75,70,91,125,91,54,70,385
2019-10-11,0,67,70,885,425,414,68,379,0,58,324,60,79,59,840,0,56,87,67,88,281,357,93,0,21,74,46,903,75,74,776,476,76,59,81,85,78,51,70,274
2019-10-12,0,64,86,944,423,301,80,345,0,93,350,48,97,14,913,0,68,75,63,86,292,344,88,60,27,83,48,662,78,72,834,424,55,59,76,119,84,63,68,350
2019-10-13,0,71,44,1132,470,556,78,423,0,63,364,70,100,76,995,0,73,60,57,92,296,395,46,120,30,104,47,873,69,74,924,450,73,66,90,95,92,66,73,344
2019-10-14,0,84,35,996,497,510,77,501,25,74,412,76,63,108,1052,0,66,75,53,80,409,419,78,86,20,92,47,1142,70,56,804,426,65,69,84,121,91,67,71,485
2019-10-15,0,82,86,1167,508,387,86,454,71,68,425,59,108,2,1028,0,62,70,74,84,377,447,97,107,7,88,45,921,81,70,951,584,60,54,83,92,92,64,58,329
2019-10-16,0,75,38,1000,496,515,80,513,0,72,417,43,79,66,1042,0,54,70,64,88,403,422,75,38,1,94,42,752,56,79,906,571,84,62,77,93,90,81,74,420
2019-10-17,0,57,74,1019,464,546,82,399,0,63,362,80,112,0,1030,0,58,73,62,92,303,362,75,33,9,92,41,649,74,64,702,454,60,62,85,116,101,53,78,316
2019-10-18,0,84,96,769,417,378,83,400,14,65,330,44,86,42,939,0,59,79,66,85,295,356,79,21,42,89,45,549,87,73,765,456,63,56,79,109,99,74,80,263
2019-10-19,0,77,49,976,422,497,71,418,0,78,323,75,107,97,812,0,55,76,86,88,276,360,104,57,56,78,46,841,84,70,794,406,91,67,86,69,89,62,70,353
2019-10-20,0,62,23,1016,445,548,73,423,34,67,379,67,94,45,1000,0,58,66,62,88,332,421,78,16,17,104,39,670,97,73,719,397,67,63,86,72,82,62,77,415
2019-10-21,0,77,59,1165,488,543,96,459,38,75,408,52,67,58,1114,0,64,69,45,90,346,428,73,27,0,90,42,919,84,64,1035,459,69,63,79,98,98,66,86,378
2019-10-22,0,59,66,1212,512,552,91,499,38,47,428,85,87,32,1040,0,58,81,57,97,432,453,83,44,31,87,49,785,92,67,959,508,69,73,80,92,88,47,72,361
2019-10-23,0,81,61,941,503,523,74,448,41,63,399,66,104,72,1074,0,49,60,70,83,427,384,66,76,46,85,44,998,78,77,965,502,73,74,86,117,90,51,71,337
2019-10-24,0,85,113,984,436,608,80,436,108,72,358,92,103,0,971,0,54,67,42,85,258,376,88,0,36,75,52,1011,61,67,815,354,93,72,86,81,95,72,67,345
2019-10-25,0,79,61,943,412,567,76,339,0,70,347,48,116,0,831,0,63,66,61,88,292,323,76,168,25,84,42,1002,100,70,805,414,104,61,80,121,78,65,73,410
2019-10-26,0,98,41,1102,404,432,68,388,0,63,310,69,132,107,929,0,48,74,50,89,253,359,103,19,26,98,49,557,70,70,722,445,84,52,83,84,91,72,82,348
2019-10-27,0,67,44,929,438,467,73,445,32,76,369,60,98,125,1067,0,57,77,73,87,301,397,85,8,30,88,47,787,65,59,751,464,68,61,83,123,86,61,82,365
2019-10-28,0,75,56,1072,449,518,85,458,121,74,388,50,89,17,966,0,63,64,73,89,339,403,87,0,52,79,48,900,75,62,887,477,79,52,85,107,97,57,82,435
2019-10-29,0,85,58,1209,511,652,80,508,0,60,424,76,90,13,1099,0,56,83,89,82,329,413,53,87,35,84,51,1200,55,60,885,578,61,55,91,88,86,75,76,491
2019-10-30,0,62,95,1142,490,509,71,504,51,68,423,65,98,67,1071,0,58,66,99,86,452,471,72,59,23,86,55,892,65,66,901,550,77,46,78,100,87,58,75,354
2019-10-31,0,83,94,928,438,525,69,427,43,43,386,70,111,84,933,0,60,72,50,82,281,376,103,57,47,86,46,1026,79,65,893,416,41,77,85,70,85,54,75,396
2019-11-01,0,84,48,846,429,544,83,374,75,60,331,59,102,102,878,0,60,60,60,91,388,318,84,137,36,67,45,783,54,68,849,428,70,69,80,115,91,44,67,386
2019-11-02,0,98,103,1162,418,419,68,434,0,73,335,92,85,180,830,0,61,65,43,79,270,300,85,44,33,97,48,930,91,82,788,376,85,52,78,109,91,87,79,372
2019-11-03,0,77,23,850,430,552,77,413,0,49,363,61,64,68,962,0,56,63,35,80,316,409,74,0,53,93,49,894,63,63,845,490,59,63,88,114,96,61,85,349
2019-11-04,0,70,88,975,484,462,80,444,118,58,413,66,87,77,1028,0,57,74,70,88,395,457,85,52,62,75,49,957,87,54,807,389,69,56,78,96,91,65,74,509
2019-11-05,0,84,32,1177,524,591,75,514,66,75,435,94,76,50,1175,0,72,72,49,83,336,470,93,83,57,73,55,1095,69,76,1002,475,50,63,89,98,101,42,62,388
2019-11-06,0,84,97,1066,495,515,82,444,4,68,398,74,93,170,1102,0,60,67,74,85,406,450,66,51,52,70,47,898,72,69,915,375,44,56,90,102,96,60,71,439
2019-11-07,0,84,94,1216,427,533,77,444,87,65,369,100,113,126,994,0,54,71,82,82,262,386,75,42,26,66,45,1057,78,75,827,472,55,67,81,89,78,79,74,336
2019-11-08,0,76,47,1102,410,598,77,395,4,46,352,64,68,144,883,0,46,80,74,86,265,364,80,113,59,79,50,1122,91,68,847,364,64,47,79,92,82,72,64,336
2019-11-09,0,87,60,933,388,511,84,402,0,63,337,77,88,11,938,0,65,73,79,79,295,342,89,54,15,89,54,739,69,74,779,435,75,73,86,91,90,63,79,362
2019-11-10,0,56,110,870,455,619,80,395,80,50,369,61,96,0,953,0,57,75,61,80,331,383,97,21,27,60,52,701,68,67,705,414,68,55,84,84,89,58,66,326
2019-11-11,0,82,36,1041,484,530,78,480,0,77,404,67,112,103,1076,0,62,67,71,98,343,449,90,78,50,63,54,1229,73,74,986,431,68,65,90,89,90,59,77,338
2019-11-12,0,62,9,1448,476,548,81,488,122,60,416,57,105,85,1160,0,48,71,62,91,428,427,83,25,39,94,58,783,69,73,1031,484,58,69,81,138,91,65,74,488
2019-11-13,0,80,92,1331,505,589,79,446,0,71,399,72,65,0,1040,0,58,81,71,89,393,416,100,109,83,97,56,864,81,72,958,619,81,49,85,83,91,64,61,455
2019-11-14,0,89,64,1004,444,516,76,448,81,79,349,78,112,0,981,0,62,78,81,89,329,357,80,0,20,80,52,799,65,63,857,421,47,65,84,85,91,66,77,372
2019-11-15,0,66,109,1139,414,449,72,451,16,93,324,95,86,63,914,0,58,76,81,87,255,399,74,90,62,81,54,716,80,74,681,430,59,76,79,106,107,78,56,357
2019-11-16,0,51,27,944,392,522,74,384,142,71,329,68,103,40,874,0,62,75,91,83,216,327,87,4,73,85,53,865,65,68,791,393,45,48,81,92,99,60,76,356
2019-11-17,0,96,99,1108,446,575,78,448,18,68,353,71,83,46,1057,0,62,59,69,80,358,340,102,45,60,85,60,872,84,65,978,428,64,56,88,106,101,41,81,337
2019-11-18,0,83,55,950,497,601,72,503,0,54,413,77,94,0,1064,0,56,87,72,82,419,437,91,84,65,79,55,955,67,71,846,442,67,63,82,79,93,66,73,356
2019-11-19,0,70,62,1049,508,587,92,483,0,68,419,76,93,48,1108,0,58,74,74,86,319,427,73,74,73,89,51,1008,60,67,1090,530,66,76,88,88,85,71,78,479
2019-11-20,0,76,99,1042,494,601,82,469,51,62,401,45,80,37,1101,0,61,72,77,90,336,431,64,65,64,69,52,1071,77,70,846,557,67,63,78,92,88,53,78,440
2019-11-21,0,71,120,1049,459,490,84,456,0,68,362,78,93,118,999,0,60,62,78,86,318,362,94,124,65,79,56,939,72,64,874,456,76,56,88,90,83,74,78,353
2019-11-22,0,71,44,926,403,481,91,413,0,79,337,73,88,18,944,0,62,62,74,77,260,336,82,0,53,75,63,880,85,67,748,430,70,68,89,83,85,59,71,329
2019-11-23,0,80,33,866,422,452,65,369,6,88,351,69,79,97,988,0,64,64,63,85,260,363,77,110,69,74,50,880,79,70,793,444,51,59,74,140,105,64,73,371
2019-11-24,0,90,105,907,454,523,84,415,116,58,366,62,67,79,945,0,63,64,63,91,269,361,99,90,29,77,59,635,60,71,836,582,67,57,87,89,85,60,71,423
2019-11-25,0,75,74,1256,485,500,89,500,0,57,417,56,84,69,1100,0,51,69,63,84,386,410,77,0,78,87,59,829,71,71,825,541,44,58,89,55,89,48,72,475
2019-11-26,0,71,74,1003,516,641,82,495,0,65,432,77,105,71,1172,0,54,64,58,84,387,468,82,73,74,69,62,802,90,70,999,423,73,63,78,82,96,68,58,435
2019-11-27,0,75,80,987,510,581,76,480,0,73,391,58,117,0,1006,0,67,75,72,89,353,411,76,86,30,83,58,961,57,66,1003,587,31,65,90,101,93,75,68,329
2019-11-28,0,62,107,1131,446,496,77,415,18,64,375,73,110,56,980,0,54,72,79,89,335,320,85,76,41,73,63,910,67,78,807,418,70,51,79,105,84,70,76,339
2019-11-29,0,51,52,886,433,454,73,441,0,51,348,69,84,106,851,0,66,63,74,96,316,352,86,186,67,76,57,1057,93,73,707,397,61,46,95,99,91,45,68,308
2019-11-30,0,72,33,877,407,516,86,387,87,75,327,67,91,144,909,0,49,72,89,92,329,368,65,115,95,80,55,709,89,67,780,372,69,66,85,101,85,72,64,355
2019-12-01,0,66,65,995,448,584,66,421,74,73,353,66,122,113,951,0,64,65,62,85,309,397,89,44,98,78,62,769,56,69,862,486,71,63,82,112,93,73,78,395
2019-12-02,0,92,76,1221,482,556,87,423,209,41,399,62,101,237,1141,0,56,66,57,92,388,406,97,92,75,86,56,772,88,66,868,575,63,56,77,63,86,61,82,369
2019-12-03,0,95,82,1218,505,553,78,483,22,72,436,54,82,72,1105,0,60,78,48,91,340,456,79,93,64,88,49,1105,91,73,1000,487,73,64,84,126,91,79,85,470
2019-12-04,0,82,105,1006,478,480,85,504,154,86,415,57,117,150,1103,0,64,77,83,87,350,459,75,88,46,87,66,669,70,71,1001,438,62,52,84,112,103,47,76,477
2019-12-05,0,72,85,1019,441,603,72,421,0,52,353,77,79,99,953,0,63,73,55,93,442,373,101,85,87,59,55,900,82,70,903,406,62,67,91,97,104,50,72,433
2019-12-06,0,75,106,753,428,482,71,409,42,58,332,44,75,51,853,0,62,85,67,92,292,274,79,163,85,75,56,912,82,73,912,461,78,56,84,101,78,68,79,399
2019-12-07,0,69,41,1045,406,425,86,368,40,54,322,66,97,80,907,0,60,70,79,92,313,341,63,34,78,70,59,868,64,65,828,574,43,54,77,82,89,45,75,300
2019-12-08,0,74,90,1123,447,440,84,443,51,77,370,70,75,50,931,0,45,65,67,85,338,321,95,0,78,100,63,829,65,58,668,486,76,62,80,90,95,82,69,391
2019-12-09,0,66,35,1088,469,629,73,524,0,55,418,61,85,41,1135,0,54,83,75,90,401,428,89,41,72,91,56,763,75,65,903,481,78,49,87,58,86,63,69,392
2019-12-10,0,70,128,1313,529,521,71,463,122,67,446,76,105,133,1120,0,59,77,85,84,392,440,74,72,76,92,65,1040,75,70,1088,547,58,56,86,126,97,83,74,486
2019-12-11,0,64,57,966,496,546,73,471,0,64,411,82,103,133,944,0,53,70,105,87,351,371,88,49,55,88,55,924,81,58,972,411,40,62,81,78,97,70,79,412
2019-12-12,0,76,135,1168,439,584,73,441,14,72,384,59,101,61,896,0,47,58,43,72,384,389,110,0,91,69,65,1031,73,69,794,418,50,61,89,99,84,55,70,342
2019-12-13,0,67,70,846,415,454,82,416,1,55,347,59,80,214,867,0,65,78,64,85,258,353,76,158,87,81,58,800,79,67,866,429,42,71,79,120,92,52,64,420
2019-12-14,0,74,37,1101,429,266,77,360,0,78,309,77,65,0,923,0,64,67,54,89,314,357,114,0,87,79,58,701,77,77,817,447,72,63,90,84,107,75,69,370
2019-12-15,0,51,74,871,441,505,75,456,48,60,365,73,75,128,1008,0,60,67,76,86,385,343,88,68,79,82,65,859,88,70,1003,470,76,57,81,93,90,66,78,362
2019-12-16,0,67,133,956,506,457,84,484,55,63,416,85,107,58,1051,0,60,65,67,91,377,361,71,54,81,80,60,946,80,65,1062,585,63,65,82,70,94,64,75,479
2019-12-17,0,79,74,1264,506,509,86,469,0,59,413,70,89,0,1153,0,62,64,85,91,326,406,73,50,62,94,68,1013,69,61,1242,460,61,64,82,97,87,74,76,462
2019-12-18,0,106,64,1076,488,609,85,436,220,56,430,74,54,25,1036,0,62,69,74,80,354,440,79,98,72,72,67,990,97,69,989,508,51,72,87,107,74,53,74,411
2019-12-19,0,81,91,1138,468,514,73,405,131,79,354,46,102,0,1016,0,46,69,70,89,283,424,91,74,79,88,58,1042,61,74,715,467,72,62,94,100,98,73,62,412
2019-12-20,0,82,83,1048,418,572,65,363,18,54,319,59,85,0,910,0,63,70,67,85,293,373,76,32,91,75,72,709,67,67,773,401,75,66,85,111,100,65,77,394
2019-12-21,0,76,64,891,406,455,80,408,0,46,329,68,90,95,983,0,64,69,73,80,337,323,113,48,106,85,67,699,56,67,796,434,89,74,87,88,96,51,82,409
2019-12-22,0,81,67,1200,468,443,78,434,19,71,374,74,73,153,979,0,65,75,62,85,377,363,106,172,68,66,70,874,86,70,882,380,51,43,81,113,100,66,70,345
2019-12-23,0,70,48,1141,474,575,70,447,11,67,406,95,65,0,1031,0,62,72,46,87,363,450,96,0,99,88,61,875,85,68,969,503,66,65,76,87,98,65,82,438
2019-12-24,0,93,111,1115,514,513,79,457,92,75,433,77,84,80,1151,0,56,86,81,84,387,401,88,106,87,78,60,841,85,63,985,583,50,59,81,110,97,76,70,387
2019-12-25,0,91,83,1140,501,423,86,458,67,68,400,71,123,95,1027,0,41,69,70,86,378,457,59,73,108,79,61,903,79,72,1066,494,46,79,86,102,86,63,72,363
2019-12-26,0,66,61,1063,442,525,64,476,24,65,369,82,106,53,953,0,56,70,56,82,391,366,97,81,77,75,70,1186,83,75,807,397,78,65,85,96,91,50,83,411
2019-12-27,0,60,126,794,395,481,79,373,148,55,348,76,65,0,929,0,74,58,51,91,341,340,86,75,107,94,68,661,71,69,670,421,61,50,95,70,83,57,68,289
2019-12-28,0,74,45,810,400,498,79,432,261,70,327,70,89,159,958,0,62,67,60,88,345,340,94,167,107,62,65,589,77,83,736,462,79,61,78,82,96,46,71,355
2019-12-29,0,73,99,1067,461,507,82,413,0,56,360,93,94,50,976,0,64,75,68,89,359,364,81,0,102,57,73,871,69,67,824,462,54,71,79,112,93,64,66,439
2019-12-30,0,77,150,916,473,473,84,498,16,75,406,55,76,84,1116,0,55,72,71,88,315,370,89,0,84,79,59,893,57,78,893,504,65,65,86,91,94,53,83,438
2019-12-31,0,71,56,1219,506,599,82,460,247,56,413,67,91,63,1155,0,43,73,54,86,394,431,94,92,78,78,62,1147,75,64,1123,584,60,55,72,103,94,71,66,407
