Date,UGJ,DZT,NAQ,CFG,OMV,UMU,QMD,CNQ,YYO,WYG,XML,MAJ,TSE,PAA,RAH,BZM,OSG,XSV,RGS,ZMS,WMB,VSM,AEI,PGL,ZSD,TAP,NMO,QSN,BTB,MUY,VYZ,ATT,EFN,WGR,SMM,DTJ,ENY,SGA,NGB,YGY
2019-01-01,74,57,359,55,323,70,363,58,0,98,68,0,79,572,951,82,474,81,615,50,93,69,0,409,0,66,0,1033,87,337,48,61,75,52,1054,66,79,931,0,66
2019-01-02,82,65,295,64,370,69,525,67,0,85,77,0,87,479,1128,92,452,98,421,67,85,76,0,419,0,92,0,917,79,378,71,68,84,47,953,63,67,1086,0,80
2019-01-03,74,57,405,59,478,72,528,65,0,77,62,0,97,543,1106,74,381,100,496,66,85,63,0,414,0,73,0,1032,90,356,64,61,97,52,919,59,84,1033,0,91
2019-01-04,84,58,292,75,326,75,477,60,0,88,77,0,71,500,871,67,359,93,491,63,95,70,0,338,0,66,0,739,82,295,78,55,94,54,906,67,115,915,0,108
2019-01-05,72,59,399,65,415,59,515,59,0,93,61,0,78,471,1143,73,362,124,372,57,83,75,0,337,0,79,0,778,82,244,46,62,75,68,819,54,68,725,0,83
2019-01-06,46,54,358,68,250,68,322,55,0,104,77,0,80,520,1495,69,404,88,462,56,94,63,0,331,0,64,0,940,80,273,59,63,100,74,888,68,81,941,0,57
2019-01-07,66,52,399,71,367,68,423,69,0,90,73,0,83,583,917,77,447,121,512,46,93,71,0,423,0,86,0,877,78,316,67,67,78,55,1073,64,93,1188,0,83
2019-01-08,79,61,433,74,287,78,585,64,0,86,78,0,70,643,1264,77,456,98,445,56,83,72,0,462,0,77,0,1030,82,414,58,61,70,74,1015,63,84,1264,0,59
2019-01-09,75,56,442,68,364,81,481,64,0,81,76,0,90,628,1089,86,505,53,478,59,92,68,0,391,0,84,0,1095,83,295,68,62,105,63,1081,63,92,867,0,73
2019-01-10,70,63,281,72,382,72,642,58,0,90,68,0,91,563,921,66,417,118,540,61,81,75,0,394,0,79,0,897,82,348,60,49,69,77,856,71,88,836,0,78
2019-01-11,102,52,306,66,352,73,628,53,0,76,72,0,105,483,1265,71,391,71,421,70,101,80,0,341,0,74,0,888,90,275,64,64,91,40,801,72,100,906,0,94
2019-01-12,72,66,386,79,314,67,365,68,0,89,74,0,82,455,895,85,361,67,290,64,81,73,0,273,0,73,0,626,87,237,61,60,95,68,881,59,86,910,0,72
2019-01-13,71,60,376,72,417,71,409,66,0,77,72,0,77,500,818,73,392,93,420,65,90,55,0,415,0,93,0,934,81,372,58,70,72,45,975,67,59,925,0,98
2019-01-14,91,54,468,69,475,79,500,73,0,89,74,0,74,579,1198,74,426,77,539,67,87,73,0,414,0,67,0,878,81,284,71,53,93,63,967,57,98,1164,0,90
2019-01-15,93,59,384,70,405,72,612,66,0,103,68,0,73,587,1097,73,457,54,545,60,86,68,0,466,0,73,0,1080,80,368,78,63,88,65,1052,66,115,1298,0,95
2019-01-16,57,55,348,73,437,72,372,68,0,68,77,0,76,540,1244,62,435,86,649,54,90,66,0,392,0,64,0,827,84,435,66,57,95,65,993,66,72,899,0,56
2019-01-17,93,61,332,72,471,72,479,46,0,96,61,0,81,518,1127,72,415,100,625,60,96,61,0,417,0,76,0,803,90,365,98,55,87,57,944,63,87,973,0,89
2019-01-18,67,51,390,61,326,71,472,72,0,94,81,0,76,506,708,86,370,85,479,59,92,72,0,352,0,78,0,685,81,310,53,66,79,65,825,66,73,947,0,96
2019-01-19,90,61,374,66,397,66,460,65,0,94,66,0,95,491,1097,77,334,101,386,54,85,79,0,327,0,80,0,752,76,290,73,67,86,59,857,76,96,720,0,67
2019-01-20,60,60,414,68,351,70,352,50,0,75,80,0,79,472,1243,80,390,90,540,68,98,75,0,351,0,73,0,827,81,284,64,76,88,67,873,62,98,940,0,66
2019-01-21,82,60,335,73,400,93,389,60,0,95,67,0,98,578,1149,79,416,75,481,55,89,65,0,394,0,64,0,832,92,378,59,70,85,60,1037,61,69,865,0,98
2019-01-22,72,59,432,78,350,58,422,47,0,80,71,0,76,551,928,68,431,82,603,60,81,72,0,402,0,84,0,1076,81,356,71,65,85,55,1056,65,92,1275,0,69
2019-01-23,85,55,398,70,361,63,431,57,0,89,73,0,85,546,1067,84,476,92,379,67,87,72,0,421,0,88,0,1042,82,326,63,63,93,61,1113,63,84,1007,0,77
2019-01-24,79,67,417,69,429,85,481,51,0,68,72,0,84,539,1110,80,401,100,619,55,92,70,0,384,0,63,0,762,76,304,65,66,84,58,938,67,76,828,0,98
2019-01-25,76,50,329,67,263,70,444,55,0,101,75,0,86,473,879,74,338,63,498,48,88,66,0,337,0,88,0,816,86,248,94,59,104,78,824,62,96,861,0,85
2019-01-26,55,62,297,66,349,68,463,59,0,86,74,0,67,425,1047,85,377,140,516,66,84,72,0,367,0,75,0,846,86,185,76,50,94,60,920,62,84,916,0,72
2019-01-27,81,54,329,72,334,69,513,67,0,83,69,0,79,517,903,71,423,92,496,62,102,73,0,353,0,73,0,959,84,331,70,63,82,70,911,60,67,1013,0,92
2019-01-28,85,48,391,68,371,48,537,67,0,81,79,0,77,568,867,76,415,76,528,64,89,70,0,417,0,78,0,1168,90,300,74,64,65,74,1025,63,101,1084,0,101
2019-01-29,72,57,543,78,463,76,582,64,0,78,73,0,71,549,1313,71,486,77,588,60,87,67,0,409,0,90,0,877,75,364,64,58,104,55,1062,60,99,1073,0,98
2019-01-30,64,66,444,66,462,76,588,63,0,41,65,0,60,571,956,76,434,75,322,55,83,68,0,463,0,80,0,1034,87,401,65,67,72,58,999,57,82,1021,0,66
2019-01-31,101,54,385,62,396,73,408,74,0,63,59,0,74,551,974,78,399,55,430,62,94,73,0,356,0,67,0,826,80,268,62,60,70,62,979,66,79,1009,0,74
2019-02-01,78,57,410,69,377,81,406,63,0,77,77,0,81,492,936,93,320,76,441,62,81,71,0,315,0,71,0,938,88,293,63,59,88,85,889,72,75,885,0,93
2019-02-02,60,65,404,71,333,72,351,57,0,45,85,0,79,518,741,81,392,97,386,66,97,63,0,347,0,71,0,927,86,225,77,65,94,72,891,66,91,780,0,78
2019-02-03,85,67,381,75,404,60,465,61,0,75,66,0,85,524,978,75,416,72,470,60,90,72,0,404,0,70,0,846,82,342,43,62,77,61,1045,61,69,995,0,51
2019-02-04,62,57,507,66,392,58,490,68,0,100,74,0,77,546,1281,91,459,64,497,58,87,72,0,375,0,84,0,1049,67,346,73,63,93,44,1007,63,84,881,0,88
2019-02-05,86,53,461,84,420,78,521,71,0,80,75,0,76,595,1081,78,487,76,548,59,92,76,0,431,0,86,0,914,75,427,62,60,118,54,1078,57,76,1174,0,76
2019-02-06,87,53,392,67,405,72,574,60,0,90,66,0,84,552,1001,68,406,83,515,57,96,67,0,429,0,71,0,997,96,359,51,63,81,31,979,74,80,1105,0,79
2019-02-07,75,57,441,77,321,56,504,62,0,70,74,0,86,525,1153,76,386,93,400,67,85,72,0,375,0,71,0,861,78,270,82,56,92,74,946,74,79,959,0,97
2019-02-08,62,61,339,57,342,80,460,72,0,90,78,0,89,503,892,82,377,76,560,57,101,68,0,369,0,67,0,570,85,231,81,66,91,61,910,60,88,881,0,76
2019-02-09,88,67,349,72,295,73,410,60,0,90,74,0,87,480,1054,77,395,94,414,49,83,71,0,317,0,80,0,824,84,283,59,69,90,53,938,62,100,1037,0,64
2019-02-10,74,51,384,76,334,78,395,61,0,84,78,0,90,502,758,84,386,69,418,62,94,66,0,344,0,84,0,897,79,330,66,65,59,79,932,59,98,950,0,82
2019-02-11,83,57,458,79,440,80,713,59,0,99,67,0,89,579,831,69,451,65,534,71,88,79,0,432,0,66,0,947,90,378,58,52,87,69,927,68,93,1017,0,86
2019-02-12,74,59,543,68,408,74,341,60,0,89,74,0,93,610,1092,67,485,111,491,55,83,63,0,418,0,77,0,912,81,396,55,64,85,33,999,72,100,1077,0,86
2019-02-13,72,51,493,72,465,59,577,64,0,96,83,0,86,604,921,64,454,90,644,58,97,78,0,427,0,92,0,792,82,393,76,60,71,50,1004,62,98,1005,0,110
2019-02-14,87,65,353,80,374,64,466,71,0,58,69,0,89,527,940,78,390,103,528,58,85,82,0,353,0,69,0,741,94,330,62,58,89,76,942,61,80,803,0,73
2019-02-15,77,58,448,63,271,79,470,59,0,77,83,0,83,468,1148,79,373,110,474,72,91,69,0,373,0,71,0,656,81,307,81,66,85,64,846,68,72,996,0,63
2019-02-16,78,60,366,72,310,65,486,58,0,98,76,0,78,509,857,78,355,48,545,59,92,62,0,312,0,65,0,720,85,219,73,54,89,67,895,61,61,887,0,105
2019-02-17,61,56,509,65,456,85,410,63,0,101,69,0,91,457,738,73,375,54,467,54,90,63,0,341,0,80,0,757,90,281,55,66,101,51,978,61,82,1128,0,63
2019-02-18,77,63,437,75,397,67,464,59,0,79,79,0,72,473,886,76,439,73,497,63,85,75,0,433,0,81,0,857,89,422,62,54,77,66,908,65,99,1114,0,85
2019-02-19,77,57,482,74,485,49,348,57,0,66,67,0,93,628,1066,74,515,85,474,58,88,75,0,465,0,72,0,1009,94,279,63,63,68,81,1088,68,84,1046,0,83
2019-02-20,62,62,368,70,402,86,530,65,0,75,69,0,74,537,842,77,423,72,473,67,97,62,0,406,0,79,0,884,86,385,29,59,99,42,1046,66,107,846,0,80
2019-02-21,76,52,456,64,341,78,540,69,0,94,74,0,87,485,797,69,402,108,477,63,99,78,0,397,0,83,0,752,83,282,47,63,80,57,1019,65,67,892,0,67
2019-02-22,85,65,270,79,345,51,590,59,0,94,67,0,80,512,592,80,355,100,483,56,90,71,0,346,0,73,0,818,79,293,66,66,97,65,868,70,85,642,0,98
2019-02-23,80,54,342,70,431,84,527,73,0,91,64,0,81,484,863,83,332,66,402,60,86,63,0,342,0,64,0,817,76,267,65,62,86,77,877,61,86,894,0,79
2019-02-24,93,56,347,66,352,73,585,69,0,63,62,0,76,537,816,73,430,81,480,58,86,69,0,349,0,83,0,995,91,283,57,66,74,43,982,64,86,953,0,91
2019-02-25,88,65,457,64,410,59,460,67,0,91,74,0,90,565,984,85,433,99,481,68,93,84,0,415,0,83,0,822,81,237,74,64,100,63,972,62,93,1146,0,59
2019-02-26,79,57,501,72,446,73,591,56,0,90,77,0,71,612,1139,68,474,79,515,57,86,71,0,408,0,71,0,955,82,395,58,67,73,58,1049,69,89,1290,0,86
2019-02-27,57,47,466,72,543,78,458,67,0,114,78,0,80,580,1138,78,476,65,573,68,99,65,0,413,0,72,0,854,71,409,52,60,91,56,939,66,107,1067,0,90
2019-02-28,66,63,439,66,353,72,585,73,0,76,78,0,95,583,978,81,379,85,562,57,88,77,0,329,0,85,0,798,92,310,61,64,92,63,959,66,91,873,0,99
2019-03-01,102,64,305,58,267,68,595,65,0,90,78,0,82,494,1354,70,318,87,437,64,90,67,0,330,0,67,0,689,85,264,67,71,97,64,841,64,80,1057,0,61
2019-03-02,96,63,360,75,357,51,620,56,0,105,71,0,77,439,905,82,384,70,435,57,87,80,0,325,0,80,0,635,87,287,77,66,73,66,874,58,83,886,0,92
2019-03-03,73,62,418,66,313,60,663,65,0,77,68,0,79,552,1113,89,425,83,535,52,87,63,0,366,0,76,0,831,96,217,62,60,90,77,930,68,77,824,0,81
2019-03-04,87,48,525,66,303,74,369,60,0,77,76,0,77,512,1002,73,456,73,443,63,93,74,0,404,0,89,0,855,82,414,71,66,94,50,952,68,75,682,0,75
2019-03-05,63,65,460,66,452,68,551,55,0,100,73,0,87,569,1050,79,477,72,430,68,87,70,0,388,0,82,0,983,81,358,56,62,83,50,1103,61,92,1168,0,108
2019-03-06,78,54,448,77,452,72,469,60,0,73,69,0,89,514,1158,77,459,109,456,64,86,67,0,421,0,73,0,737,96,372,74,56,90,65,934,69,100,1205,0,39
2019-03-07,75,72,362,62,398,59,560,69,0,80,74,0,75,518,912,74,393,68,522,55,89,76,0,335,0,59,0,845,73,320,76,64,83,63,920,67,89,1126,0,103
2019-03-08,86,56,290,70,279,68,323,52,0,92,76,0,91,483,862,70,362,87,291,73,87,69,0,351,0,67,0,730,87,234,65,61,90,64,791,60,90,900,0,75
2019-03-09,91,55,295,77,361,62,206,63,0,91,64,0,80,488,930,73,365,89,366,55,96,69,0,315,0,77,0,901,77,311,62,64,98,51,920,57,65,806,0,91
2019-03-10,90,60,354,73,341,60,427,71,0,83,77,0,75,559,987,90,403,74,464,54,86,59,0,355,0,75,0,891,84,374,58,54,75,72,972,69,79,1075,0,78
2019-03-11,72,63,426,74,490,52,355,56,0,109,79,0,86,490,1098,76,438,100,476,58,91,72,0,395,0,81,0,759,92,421,65,58,68,77,953,65,76,1028,0,93
2019-03-12,103,56,484,63,432,68,467,63,0,100,74,0,69,561,1114,76,465,65,546,67,92,73,0,411,0,54,0,911,76,384,56,59,90,50,1023,67,89,1069,0,80
2019-03-13,86,61,347,61,186,70,383,60,0,85,69,0,88,534,1050,76,447,69,553,51,99,78,0,377,0,72,0,781,93,292,58,59,102,79,968,73,92,1056,0,70
2019-03-14,66,55,491,71,439,51,599,56,0,80,73,0,81,528,1084,74,428,76,432,67,87,58,0,377,0,65,0,929,81,273,66,67,109,68,924,64,99,932,0,103
2019-03-15,89,60,342,72,331,55,443,62,0,81,63,0,88,492,1168,72,350,101,489,69,85,73,0,354,0,70,0,875,85,292,70,55,95,70,904,58,86,781,0,86
2019-03-16,70,49,302,69,367,91,542,65,0,63,82,0,93,501,1208,77,369,88,329,61,101,72,0,326,0,83,0,743,71,312,52,67,80,47,823,68,81,961,0,84
2019-03-17,75,63,399,77,342,63,435,61,0,119,78,0,80,520,908,74,402,85,531,52,89,71,0,373,0,85,0,968,94,289,63,63,88,75,923,70,67,1080,0,91
2019-03-18,88,60,479,65,459,76,561,59,0,95,71,0,78,548,1102,77,508,67,419,73,94,66,0,411,0,70,0,856,90,355,65,73,85,72,1001,63,87,980,0,98
2019-03-19,88,60,402,71,520,87,435,64,0,84,81,0,65,611,1229,81,479,96,489,52,88,66,0,438,0,79,0,894,90,387,68,61,72,63,1009,63,96,1269,0,57
2019-03-20,71,60,484,69,350,58,551,67,0,73,89,0,97,537,1112,76,413,89,621,60,86,68,0,421,0,92,0,711,85,368,69,63,79,69,920,69,59,856,0,57
2019-03-21,71,65,452,69,401,57,516,66,0,117,69,0,50,497,611,74,397,68,392,66,88,66,0,363,0,75,0,908,81,301,56,69,82,63,852,62,91,987,0,73
2019-03-22,84,59,353,78,387,64,378,56,0,82,79,0,79,518,1055,81,338,74,331,55,96,70,0,326,0,80,0,814,91,248,68,70,92,54,883,68,96,816,0,102
2019-03-23,70,57,256,73,189,58,491,74,0,97,67,0,83,428,971,82,371,122,549,59,92,65,0,351,0,92,0,859,83,276,44,64,98,42,878,63,84,958,0,65
2019-03-24,90,54,423,57,397,72,383,67,0,87,77,0,73,554,1064,71,380,104,496,64,96,71,0,415,0,65,0,918,82,229,64,59,83,68,939,64,100,762,0,88
2019-03-25,62,55,511,65,544,56,490,62,0,86,64,0,77,640,1060,67,471,87,417,62,85,73,0,408,0,54,0,862,94,401,56,59,74,77,1003,64,66,1010,0,117
2019-03-26,87,66,480,63,483,75,585,65,0,108,68,0,74,622,1068,76,486,96,643,45,100,57,0,436,0,85,0,877,76,412,65,59,101,68,1074,67,81,1130,0,75
2019-03-27,78,75,426,75,422,76,535,61,0,57,77,0,89,503,1008,78,453,82,624,64,89,70,0,434,0,74,0,925,84,423,65,56,88,58,1039,59,85,1060,0,53
2019-03-28,66,69,454,61,442,71,483,64,0,96,69,0,89,508,1306,77,383,106,563,67,88,69,0,406,0,88,0,996,98,272,55,60,87,61,997,73,93,857,0,73
2019-03-29,70,61,476,69,417,75,471,57,0,55,67,0,84,450,750,81,345,68,463,63,92,74,0,309,0,77,0,663,76,303,58,56,75,62,924,64,73,900,0,86
2019-03-30,61,69,310,72,364,59,376,62,0,61,68,0,84,465,921,61,395,104,489,63,88,79,0,327,0,79,0,865,84,190,76,60,96,82,910,60,90,891,0,97
2019-03-31,74,55,395,69,345,61,405,71,0,102,75,0,60,559,1008,64,445,101,374,62,86,68,0,366,0,85,0,762,87,382,44,57,112,65,907,66,86,919,0,70
2019-04-01,99,72,427,74,395,58,359,62,0,108,72,0,91,561,1211,72,446,120,395,69,95,75,0,403,0,74,11,1012,79,321,67,64,111,64,1043,69,94,1151,0,94
2019-04-02,80,62,419,65,440,58,457,60,0,82,72,0,75,481,1116,81,452,86,535,56,92,74,8,375,0,62,0,936,91,390,60,58,77,73,1078,61,80,1002,0,103
2019-04-03,86,60,322,73,412,75,585,56,0,88,80,0,82,522,992,79,439,102,600,65,95,68,9,365,0,75,40,832,74,359,63,61,91,65,1057,69,93,1080,0,103
2019-04-04,77,67,298,60,298,69,564,56,0,90,72,0,70,547,718,67,371,83,570,63,87,75,0,377,0,69,136,1083,71,255,74,62,102,54,893,65,81,1011,0,76
2019-04-05,91,50,394,79,430,75,448,55,0,93,69,0,73,417,1093,75,396,72,295,60,95,71,152,367,0,69,92,841,89,185,62,63,83,50,849,61,68,792,0,99
2019-04-06,72,64,409,66,284,72,476,75,0,97,83,0,78,548,972,67,340,76,536,58,89,70,146,366,0,77,64,608,90,302,72,63,114,68,859,67,102,880,0,82
2019-04-07,80,54,326,62,313,71,413,60,0,99,69,0,75,495,1020,78,407,60,329,54,85,75,284,354,0,73,104,1064,83,313,67,64,59,64,997,60,74,824,0,94
2019-04-08,81,61,395,71,585,81,540,56,0,76,71,0,84,564,1029,81,492,60,472,64,87,67,0,426,0,79,60,1035,80,450,58,67,71,65,1027,69,65,976,0,85
2019-04-09,76,62,489,68,402,71,398,63,0,117,80,0,77,595,986,74,455,98,423,59,92,69,0,448,0,71,155,1095,93,418,64,61,83,61,990,62,104,998,0,48
2019-04-10,72,62,479,71,373,75,502,64,0,94,71,0,79,517,1140,66,414,62,500,71,95,74,0,442,0,101,42,932,82,303,52,60,76,68,1085,65,93,918,0,82
2019-04-11,90,56,417,61,306,58,497,61,0,93,76,0,83,480,632,76,397,87,505,55,87,68,0,348,0,66,0,787,84,291,81,62,96,67,960,66,112,1049,0,82
2019-04-12,90,57,347,62,270,69,201,73,0,61,74,0,78,391,711,75,365,101,196,56,95,68,0,361,0,63,46,831,85,269,47,62,68,53,916,72,94,839,0,58
2019-04-13,71,58,355,65,379,78,468,64,0,102,67,0,85,475,1006,74,376,67,397,62,98,67,50,287,0,67,158,617,88,347,63,63,71,55,797,62,103,932,0,76
2019-04-14,60,63,253,82,409,79,527,63,0,99,78,0,68,560,955,67,426,106,534,65,86,69,92,389,0,79,80,832,89,350,69,63,85,60,974,64,85,962,0,102
2019-04-15,91,56,369,60,404,73,450,64,0,104,75,0,89,516,955,85,432,106,573,58,86,70,22,405,0,72,0,1061,89,336,59,60,89,63,941,66,92,1158,0,56
2019-04-16,87,61,412,58,444,65,496,61,0,104,76,0,66,564,1255,66,481,90,485,64,100,67,4,444,0,90,0,1084,85,381,65,58,74,51,983,61,94,966,0,75
2019-04-17,84,55,351,74,379,72,563,58,0,105,83,0,85,568,1114,88,462,77,538,52,80,68,158,435,0,64,0,891,89,400,58,66,96,53,1041,66,70,1155,0,61
2019-04-18,84,56,336,71,409,93,437,65,0,116,65,0,91,502,960,76,386,90,490,62,96,74,73,362,0,71,59,875,95,326,76,59,95,62,904,69,82,1054,0,83
2019-04-19,73,64,366,71,345,65,362,62,0,96,69,0,81,462,872,81,362,78,268,62,94,75,105,322,0,72,0,634,78,256,62,64,77,50,851,73,61,916,0,76
2019-04-20,64,54,439,67,358,54,366,57,0,103,75,0,75,539,868,78,381,95,450,71,85,71,15,348,0,74,118,789,85,251,52,57,94,83,791,66,98,966,0,70
2019-04-21,107,55,414,68,263,69,559,63,0,75,68,0,80,535,1011,72,381,48,481,61,95,64,33,341,0,88,0,923,72,300,65,69,76,53,893,69,76,964,0,114
2019-04-22,80,62,465,68,413,71,565,64,0,110,79,0,78,499,1103,83,447,80,553,55,91,79,51,360,0,70,0,919,88,324,68,57,97,34,958,62,84,943,0,85
2019-04-23,100,62,385,75,426,84,629,63,0,110,80,0,55,597,1091,81,465,103,554,60,94,75,0,392,0,72,141,972,89,319,75,63,80,76,1095,65,89,1133,0,66
2019-04-24,75,50,476,65,487,60,482,66,0,89,69,0,74,611,1152,74,480,84,490,64,84,72,0,400,0,87,89,1015,85,345,55,66,69,66,1048,70,91,982,0,103
2019-04-25,77,61,245,74,332,63,422,64,0,105,76,0,80,524,866,93,379,78,610,60,100,75,0,365,0,74,12,769,86,303,71,63,111,72,914,63,90,684,0,94
2019-04-26,64,55,303,62,279,70,441,53,0,108,76,0,76,471,1127,78,370,93,406,66,88,65,104,360,0,76,36,943,85,278,70,62,80,48,897,62,81,994,0,74
2019-04-27,78,51,311,62,298,85,515,68,0,89,68,0,70,473,937,84,369,106,705,56,95,78,0,372,0,61,28,722,83,379,76,61,98,70,818,64,77,881,0,49
2019-04-28,72,60,335,77,297,70,453,53,0,96,65,0,63,491,1169,81,397,67,472,58,90,78,71,364,0,73,53,942,87,288,59,54,101,67,862,65,88,795,0,83
2019-04-29,82,63,387,73,361,67,514,55,0,72,85,0,76,519,1402,72,476,72,568,62,97,75,0,396,0,79,59,1009,86,197,81,65,96,72,1023,62,77,1232,0,60
2019-04-30,80,58,443,56,444,65,765,54,0,64,79,0,102,569,1264,70,494,93,646,70,84,81,76,418,0,84,0,1032,91,384,63,65,76,60,1087,61,86,1083,0,100
2019-05-01,71,65,427,60,431,78,593,61,0,71,72,0,83,473,1033,67,440,56,374,54,90,72,64,404,0,65,26,1021,89,344,68,58,72,73,989,68,89,950,0,100
2019-05-02,73,55,290,68,282,69,441,75,0,83,68,0,89,507,923,70,392,85,560,65,96,75,0,329,0,72,0,890,79,328,71,68,97,56,903,56,97,924,0,75
2019-05-03,81,54,331,63,351,64,430,72,0,90,75,0,85,553,988,73,358,89,534,65,88,62,126,373,0,79,103,660,94,308,70,63,71,63,866,67,97,992,0,58
2019-05-04,83,64,316,68,346,79,301,70,0,90,77,0,67,483,868,80,403,91,251,57,96,78,0,356,0,67,12,935,98,213,88,56,100,60,827,64,83,871,0,103
2019-05-05,74,51,377,75,294,77,395,62,0,94,66,0,91,482,1287,77,363,79,426,60,91,70,30,365,0,79,0,957,76,314,62,66,76,80,880,64,82,1162,0,91
2019-05-06,96,58,409,76,223,71,498,56,0,88,76,0,82,656,990,80,467,91,516,63,91,80,0,422,0,79,71,993,84,366,56,58,87,70,973,74,82,1079,0,78
2019-05-07,58,61,454,69,353,50,542,63,0,77,75,0,78,600,1431,76,465,136,613,59,92,76,31,440,0,67,163,813,83,401,64,72,86,72,1008,72,76,1159,0,97
2019-05-08,104,57,413,72,456,62,501,58,0,75,74,0,85,551,883,73,461,107,542,69,96,66,0,411,0,86,99,924,91,341,72,65,87,54,976,65,93,1058,0,97
2019-05-09,67,59,450,62,388,75,490,66,0,82,84,0,106,582,1204,79,412,113,483,62,96,70,0,382,0,71,17,698,79,290,61,56,75,51,920,68,64,660,0,93
2019-05-10,93,57,360,70,291,76,481,67,0,75,88,0,72,476,1029,86,377,77,524,49,92,64,0,329,0,84,67,741,87,199,55,62,99,69,907,69,75,1058,0,84
2019-05-11,96,49,388,65,422,64,396,69,0,90,67,0,76,474,1000,80,356,90,338,58,90,73,77,327,0,76,0,707,92,239,56,59,91,65,819,60,91,943,0,76
2019-05-12,87,59,381,77,352,55,403,63,0,64,76,0,79,549,1121,79,394,72,470,73,93,77,61,361,0,67,36,1009,75,281,59,59,84,59,882,70,83,933,0,73
2019-05-13,70,58,472,68,459,91,697,64,0,72,70,0,73,573,1030,72,435,88,703,59,91,69,30,398,0,69,106,929,91,337,69,61,99,71,933,69,70,940,0,55
2019-05-14,68,56,481,51,366,68,283,59,0,91,74,0,95,573,1065,74,466,68,527,57,85,73,21,422,0,77,9,928,84,408,61,62,106,56,1020,66,71,989,0,74
2019-05-15,85,52,421,67,533,81,661,77,0,71,67,0,97,584,887,61,496,89,432,57,101,70,37,421,0,82,134,782,89,337,44,62,66,58,1039,61,61,1141,0,85
2019-05-16,74,52,414,58,411,73,349,59,0,83,70,0,95,478,951,81,374,99,556,68,90,72,53,361,0,66,0,807,76,308,60,68,106,60,1016,69,89,1145,0,110
2019-05-17,74,66,366,55,262,81,533,61,0,91,78,0,75,445,967,77,362,86,326,64,92,81,0,329,0,78,45,884,84,331,60,61,76,60,841,68,94,1113,0,86
2019-05-18,71,60,392,59,208,67,343,53,0,85,73,0,68,560,879,82,403,66,286,54,87,75,0,319,0,76,6,487,87,278,69,60,88,47,922,64,47,881,0,96
2019-05-19,84,56,288,65,410,65,496,52,0,74,71,0,94,552,1118,78,380,90,440,66,94,75,0,420,0,80,61,751,90,324,66,64,81,58,953,62,87,786,0,93
2019-05-20,74,48,401,72,496,68,587,68,0,71,78,0,85,513,929,90,462,72,526,62,94,75,4,398,0,71,39,939,88,324,72,62,90,50,1015,67,65,912,0,77
2019-05-21,79,64,425,69,385,80,475,56,0,121,73,0,69,570,1193,80,405,91,620,60,94,65,0,436,0,78,50,929,96,325,81,57,79,50,1101,71,92,1205,0,86
2019-05-22,62,64,430,63,438,77,600,59,0,96,69,0,77,549,1143,77,436,92,580,58,85,74,139,436,0,85,0,1073,84,379,53,60,81,46,1033,63,97,898,0,79
2019-05-23,86,65,334,72,532,79,404,58,0,80,86,0,85,524,950,86,411,57,397,68,98,66,0,387,0,63,0,896,82,341,67,66,97,64,1005,59,90,1012,0,102
2019-05-24,87,57,384,66,254,78,303,57,0,81,74,0,59,510,1044,74,391,47,533,71,88,65,83,339,0,66,277,664,86,235,73,61,79,39,868,66,81,843,0,116
2019-05-25,93,68,359,63,351,60,338,73,0,94,71,0,85,462,751,71,394,84,391,64,101,73,32,354,0,75,53,993,88,221,62,62,87,67,789,71,67,1017,0,77
2019-05-26,59,59,378,73,339,65,608,49,0,80,76,0,81,470,1136,75,411,122,576,63,91,83,80,368,0,53,0,651,88,280,58,59,122,51,819,70,103,983,0,69
2019-05-27,59,54,410,59,555,76,445,73,0,75,69,0,75,560,1189,79,461,87,544,61,85,73,89,379,0,68,30,866,81,288,68,62,63,62,1123,60,79,932,0,93
2019-05-28,68,60,490,82,564,80,617,63,0,63,72,0,78,561,1061,77,475,65,448,58,95,82,0,447,0,72,2,891,83,421,67,70,89,68,1077,67,86,1291,0,97
2019-05-29,87,69,406,66,387,63,576,63,0,93,75,0,83,572,1277,74,410,116,611,55,87,81,0,427,0,74,0,865,92,345,90,59,70,83,993,70,86,1213,0,95
2019-05-30,72,53,415,81,386,66,305,55,0,79,74,0,74,556,978,83,446,98,444,61,92,81,80,370,0,81,45,789,90,352,71,58,96,66,981,66,72,1138,0,83
2019-05-31,61,55,355,69,381,64,403,62,0,96,75,0,89,478,847,78,370,106,576,56,103,73,45,333,0,74,155,837,79,252,69,68,103,55,768,72,89,919,0,81
2019-06-01,43,67,306,59,329,67,402,59,0,110,74,0,75,429,886,72,421,95,395,68,89,65,145,349,0,70,0,709,92,338,71,60,108,72,900,57,82,547,0,91
2019-06-02,88,59,356,62,363,69,462,57,0,71,73,0,96,543,1407,77,356,67,479,71,88,65,0,368,0,82,0,1009,76,219,62,61,83,47,866,70,80,728,0,74
2019-06-03,89,48,431,62,382,95,456,56,0,96,75,0,65,562,996,83,485,69,436,58,93,73,11,386,0,75,61,926,90,372,85,69,68,52,1120,66,79,1150,0,66
2019-06-04,85,60,439,79,471,77,581,62,0,73,71,0,79,554,1245,79,440,64,573,55,88,71,0,447,0,80,85,867,96,428,58,62,107,53,1012,61,89,1181,0,82
2019-06-05,86,64,364,61,359,72,579,68,0,104,64,0,89,570,1024,85,459,98,454,67,93,75,0,425,0,85,79,867,85,385,82,59,98,68,1040,70,90,1095,0,76
2019-06-06,73,60,379,74,296,75,420,54,0,102,76,0,84,604,853,71,376,62,476,60,85,71,6,369,0,90,0,875,78,269,72,55,104,51,935,63,59,741,0,88
2019-06-07,69,61,317,65,485,90,550,66,0,81,74,0,90,475,972,79,394,93,423,72,95,76,0,306,0,89,0,872,86,262,58,68,103,68,823,69,85,957,0,83
2019-06-08,81,58,476,64,208,67,363,59,0,96,74,0,72,486,1027,76,366,104,474,54,99,73,2,364,0,65,24,677,79,358,61,56,77,66,826,66,76,1003,0,91
2019-06-09,76,69,298,53,406,83,406,56,0,101,74,0,91,510,1016,81,428,101,422,56,85,66,0,401,0,71,0,971,89,317,69,69,90,47,893,63,82,954,0,110
2019-06-10,84,55,448,61,306,79,610,59,0,67,76,0,83,541,1257,73,415,68,433,59,101,72,121,408,0,64,34,1105,91,377,55,62,93,57,1082,66,87,1134,0,111
2019-06-11,80,52,385,76,498,64,580,67,0,85,78,0,95,572,1020,82,467,78,624,72,89,77,51,442,0,86,1,733,79,390,63,61,111,65,1063,78,88,1289,0,87
2019-06-12,70,63,440,60,466,74,454,70,0,87,71,0,63,606,950,84,464,110,458,54,87,71,0,404,0,78,93,1123,89,358,54,60,79,72,963,64,86,1230,0,98
2019-06-13,95,63,357,74,470,65,517,65,0,97,69,0,82,486,1335,85,412,68,444,61,95,69,114,360,0,63,6,826,92,331,74,60,77,68,954,67,88,992,0,83
2019-06-14,92,67,310,63,396,98,373,68,0,63,68,0,85,495,1085,84,402,81,437,67,98,77,0,343,0,73,0,868,91,236,64,53,86,68,883,63,97,1063,0,81
2019-06-15,83,57,366,63,367,75,311,64,0,95,72,0,84,420,1065,72,346,51,447,63,94,80,18,331,0,84,6,921,87,271,77,62,75,53,797,67,110,902,0,65
2019-06-16,64,60,375,73,316,53,382,54,0,76,75,0,79,516,925,79,464,70,531,57,85,74,51,375,0,61,137,761,86,277,91,59,95,80,901,65,80,798,0,70
2019-06-17,70,63,459,78,486,80,375,64,0,89,79,0,75,657,1054,80,454,97,531,61,97,62,61,413,0,76,10,840,84,335,72,72,76,69,941,66,94,1085,0,100
2019-06-18,69,56,419,63,579,70,436,59,0,73,77,0,91,567,1228,76,477,95,638,70,94,70,0,425,0,92,56,1074,93,361,58,64,97,89,1024,64,75,976,0,75
2019-06-19,97,67,402,72,444,60,503,52,0,105,83,0,87,633,1145,94,449,90,479,57,94,73,21,391,0,81,0,962,88,425,68,66,96,42,1011,64,92,909,0,127
2019-06-20,51,59,353,66,406,76,340,63,0,89,79,0,85,498,1202,75,403,54,354,64,93,69,160,372,0,70,98,817,85,322,63,59,83,64,839,64,76,850,0,89
2019-06-21,87,56,363,68,466,68,289,73,0,76,79,0,88,456,1247,70,371,80,528,66,86,70,0,318,0,92,0,621,83,316,42,58,96,63,839,53,65,586,0,51
2019-06-22,78,60,457,70,292,72,382,58,0,91,80,0,81,443,1190,77,373,75,492,61,93,75,45,318,0,80,28,744,81,317,48,63,114,47,868,63,88,804,0,77
2019-06-23,82,55,369,72,416,75,517,57,0,126,77,0,88,564,1078,79,379,78,449,59,94,70,23,361,0,85,131,1085,98,318,58,67,93,52,985,68,92,1271,0,60
2019-06-24,64,58,400,68,367,75,580,69,0,63,68,0,84,522,1042,81,422,94,522,60,96,74,0,382,0,72,82,911,77,321,50,61,81,59,1030,71,95,955,0,75
2019-06-25,79,70,460,78,474,80,552,57,0,90,81,0,89,512,1301,82,495,84,464,57,92,65,0,440,0,65,0,967,97,371,72,62,108,58,1067,71,79,1217,0,50
2019-06-26,74,57,412,63,418,81,622,51,0,86,78,0,73,580,1040,72,446,95,504,64,99,76,7,408,0,62,198,759,81,379,87,62,76,69,1049,68,70,1033,0,66
2019-06-27,90,61,366,55,406,65,595,62,0,84,69,0,82,518,1074,78,409,96,375,66,89,79,0,344,0,87,39,842,86,292,66,70,106,54,967,64,88,1015,0,85
2019-06-28,76,62,410,63,327,69,321,64,0,99,64,0,75,490,1008,69,350,90,437,63,98,65,26,352,0,71,225,817,84,318,67,61,63,65,938,75,100,887,0,84
2019-06-29,80,58,356,72,381,84,535,57,0,125,72,0,91,520,1195,77,399,101,461,63,88,61,129,309,0,79,54,769,89,296,59,52,96,66,820,83,69,798,0,67
2019-06-30,94,55,352,56,375,63,412,64,0,93,71,0,97,480,1126,74,394,101,462,59,105,82,0,397,0,82,48,675,94,322,72,63,89,59,901,61,67,1083,0,92
2019-07-01,87,60,506,67,343,77,377,48,158,76,82,0,93,618,1119,80,416,0,573,0,88,73,67,374,0,70,253,956,78,374,65,66,85,84,962,64,75,1162,18,79
2019-07-02,77,56,537,60,365,58,552,56,0,77,75,0,92,589,1278,72,494,0,449,0,90,75,0,458,0,74,0,1079,93,328,80,59,96,80,986,67,87,1142,9,75
2019-07-03,73,61,308,71,452,94,492,68,0,87,88,0,98,550,1009,75,415,0,546,0,94,85,0,442,0,64,145,889,99,371,60,69,76,40,1025,64,82,1054,11,81
2019-07-04,77,64,404,74,476,71,457,55,122,86,76,0,81,555,918,77,418,0,524,0,90,69,217,367,0,72,126,820,84,326,79,60,99,72,958,70,105,1070,2,72
2019-07-05,91,59,322,64,390,77,252,59,0,112,82,0,68,506,1299,79,404,0,496,0,92,68,10,322,0,73,0,720,80,250,53,54,88,63,929,60,89,858,0,78
2019-07-06,68,47,284,62,252,83,353,65,0,119,73,0,83,439,931,72,353,0,366,0,94,71,53,323,0,71,0,742,81,319,49,63,91,61,833,68,88,927,0,92
2019-07-07,89,69,314,75,433,55,389,60,0,82,70,0,66,538,830,77,408,0,368,0,97,68,100,363,0,65,20,570,87,227,72,67,92,61,931,61,94,956,18,79
2019-07-08,72,63,490,70,395,66,547,64,152,98,81,0,72,550,1004,80,461,0,427,0,87,74,0,398,0,86,27,676,102,375,72,57,101,62,994,61,109,914,43,70
2019-07-09,75,60,449,65,363,63,404,60,0,95,58,0,72,538,968,79,486,0,450,0,92,72,179,418,0,61,0,981,76,366,53,66,80,57,1053,71,104,1148,4,81
2019-07-10,85,63,503,75,506,58,663,61,0,67,80,0,83,532,1040,75,445,0,413,0,92,61,47,405,0,87,18,834,85,383,68,59,100,64,1048,68,67,1070,6,92
2019-07-11,89,64,430,58,362,55,572,49,0,99,82,0,65,495,935,70,407,0,530,0,91,80,58,387,0,87,97,760,93,328,70,65,73,52,971,60,88,1035,0,66
2019-07-12,100,61,360,58,325,76,413,59,0,70,75,0,91,393,1042,79,398,0,391,0,107,86,184,268,0,78,0,743,84,353,70,60,75,62,893,69,95,822,9,82
2019-07-13,77,54,371,72,404,85,431,73,0,103,81,0,93,479,777,70,350,0,363,0,95,82,153,332,0,62,0,814,88,314,77,68,89,71,903,68,81,956,26,85
2019-07-14,108,56,385,69,367,69,388,64,0,84,70,0,102,500,1103,74,402,0,494,0,90,80,65,374,0,74,9,977,80,306,65,61,76,54,1052,59,74,915,15,72
2019-07-15,71,68,463,59,394,66,772,71,0,82,72,0,55,557,1112,79,482,0,533,0,89,63,0,440,0,73,15,925,90,311,54,57,95,40,993,65,83,972,24,58
2019-07-16,65,60,521,53,436,72,617,59,0,103,76,0,79,552,1172,74,481,0,559,0,91,71,24,448,0,64,119,898,86,320,64,55,72,52,1094,68,63,1113,5,62
2019-07-17,65,52,358,52,516,80,483,56,0,75,81,0,76,609,1150,82,423,0,465,0,92,67,0,401,0,72,166,992,90,340,58,63,89,74,929,71,102,1058,24,96
2019-07-18,87,64,413,73,326,75,466,65,89,86,74,0,82,513,1334,74,397,0,633,0,91,70,192,388,0,75,57,830,87,322,61,63,94,49,946,71,90,1067,0,65
2019-07-19,87,55,349,77,336,80,510,63,0,49,72,0,90,474,745,87,399,0,226,0,100,76,0,345,0,77,0,904,91,322,56,62,80,77,845,72,81,956,11,97
2019-07-20,61,61,417,57,359,53,519,64,0,90,79,0,82,484,1289,70,382,0,436,0,91,75,143,370,0,68,174,650,81,278,51,66,91,65,910,63,98,840,10,88
2019-07-21,66,60,492,69,354,85,523,56,0,87,71,0,80,517,849,70,459,0,571,0,91,72,22,378,0,78,0,803,101,320,68,66,87,51,869,71,80,1069,12,64
2019-07-22,68,60,439,72,429,43,549,74,0,86,73,0,73,568,1039,76,434,0,535,0,92,68,0,428,0,64,121,855,87,362,54,60,89,65,1021,65,72,1102,12,85
2019-07-23,80,62,415,56,340,60,527,54,0,78,81,0,77,534,972,79,477,0,533,0,95,77,0,418,0,80,0,1023,74,348,80,57,93,58,1074,68,92,1185,21,76
2019-07-24,97,58,440,68,312,85,502,62,0,56,75,0,82,573,1058,89,446,0,547,0,89,81,0,412,0,76,17,919,88,390,71,63,105,55,1004,64,74,1104,4,93
2019-07-25,76,66,382,59,355,73,403,53,11,92,74,0,79,537,1122,78,413,0,521,0,96,66,0,385,0,80,0,855,83,353,63,61,89,60,874,59,89,940,48,79
2019-07-26,84,71,303,66,335,75,563,56,0,78,72,0,77,453,857,80,366,0,533,0,96,69,0,342,0,74,34,807,89,275,58,62,86,59,880,64,96,1022,24,86
2019-07-27,58,61,379,69,381,62,484,66,0,121,81,0,85,463,830,81,357,0,352,0,92,63,45,296,0,68,0,992,95,208,66,66,82,46,884,66,76,859,16,55
2019-07-28,84,54,393,64,365,46,438,72,214,94,71,0,95,514,1127,67,374,0,541,0,93,81,0,352,0,75,121,973,79,315,65,62,100,74,949,68,85,1135,17,91
2019-07-29,92,48,357,61,489,69,447,53,52,94,70,0,89,637,1309,82,445,0,517,0,94,80,0,432,0,78,0,865,98,282,64,63,88,67,1022,64,86,983,47,67
2019-07-30,72,62,527,67,549,65,526,56,0,61,81,0,63,567,1288,81,515,0,405,0,101,69,45,393,0,66,0,1078,85,350,66,65,89,68,975,62,76,1135,54,84
2019-07-31,70,65,378,62,367,72,429,59,12,75,76,0,84,519,951,82,438,0,523,0,89,77,14,417,0,48,11,895,84,346,76,57,101,36,1127,67,61,1159,10,77
2019-08-01,70,54,435,63,348,72,538,64,94,85,63,0,94,549,811,82,361,0,346,0,88,66,0,379,0,79,69,672,88,362,63,65,68,61,889,65,85,1029,0,79
2019-08-02,55,59,336,70,489,81,421,62,0,84,77,0,88,494,1060,76,399,0,348,0,100,84,43,321,0,74,67,611,91,169,74,60,86,73,884,69,92,944,39,72
2019-08-03,65,65,293,68,285,69,352,61,149,76,75,0,89,465,524,88,363,0,424,0,96,73,252,323,0,77,54,747,92,292,65,50,88,64,883,61,90,948,17,95
2019-08-04,93,58,386,70,392,67,446,59,0,74,82,0,61,551,1163,77,418,0,500,0,88,68,0,357,0,77,244,842,87,323,62,57,88,56,900,60,88,862,40,112
2019-08-05,83,60,486,61,388,58,586,53,99,95,78,0,81,533,1130,83,458,0,404,0,93,69,117,392,0,81,0,908,82,355,66,58,101,69,952,69,85,997,1,84
2019-08-06,80,57,428,73,438,46,541,67,67,76,82,0,77,662,1303,85,509,0,658,0,93,74,0,434,0,82,0,1096,96,323,73,61,90,66,1104,76,86,1143,57,53
2019-08-07,78,64,485,73,413,59,483,62,33,76,75,0,72,524,1244,73,411,0,392,0,99,74,54,427,0,81,18,906,80,307,61,66,59,62,1003,66,85,1039,7,100
2019-08-08,86,69,395,57,320,62,410,60,0,107,73,0,74,509,1072,75,418,0,523,0,92,60,0,382,0,68,0,921,74,275,65,70,74,62,984,58,94,1048,27,104
2019-08-09,76,53,300,68,387,75,397,48,65,96,76,0,107,525,948,65,401,0,428,0,97,73,77,315,0,77,187,833,101,305,60,47,90,49,875,66,98,864,15,88
2019-08-10,89,57,365,62,318,70,469,67,208,93,72,0,88,498,888,70,375,0,403,0,88,73,107,351,0,79,261,840,95,311,64,58,81,61,773,65,88,766,31,97
2019-08-11,95,76,332,61,274,68,469,61,0,104,79,0,86,584,1075,81,412,0,451,0,98,71,5,392,0,71,56,727,84,275,59,63,93,62,888,68,75,1127,36,87
2019-08-12,74,56,357,63,466,56,473,67,200,80,91,0,81,616,1212,94,391,0,570,0,90,68,0,426,0,65,19,1009,86,385,71,63,86,42,939,69,69,1001,19,82
2019-08-13,80,63,506,64,449,63,395,59,2,92,86,0,72,461,1177,86,485,0,494,0,98,79,1,412,0,50,8,881,86,350,67,67,87,76,1055,65,78,1202,0,89
2019-08-14,101,60,433,61,378,85,497,66,0,106,72,0,72,579,995,86,481,0,546,0,96,83,167,406,0,83,0,916,87,372,55,64,62,79,991,72,84,1090,31,79
2019-08-15,85,62,487,68,260,91,483,61,99,109,74,0,85,571,1112,76,432,0,594,0,97,77,51,362,0,83,121,750,89,249,58,55,92,65,965,68,83,991,50,87
2019-08-16,90,54,300,67,344,72,514,70,0,71,87,0,73,447,1115,85,378,0,513,0,92,67,37,305,0,77,63,605,92,246,70,59,94,58,858,65,93,832,23,87
2019-08-17,98,55,358,74,337,70,447,67,181,75,84,0,79,421,1173,75,364,0,468,0,95,75,0,328,0,71,5,491,82,263,71,62,107,60,855,69,65,895,22,94
2019-08-18,80,72,380,69,244,69,546,62,191,114,87,0,77,522,1007,88,393,0,606,0,88,75,26,383,0,68,0,901,90,382,75,61,79,63,975,68,100,1157,45,61
2019-08-19,78,58,548,69,359,64,466,59,0,78,77,0,85,590,1210,83,486,0,679,0,94,78,0,386,0,75,0,791,95,352,76,69,90,70,1064,67,74,1166,6,111
2019-08-20,80,64,399,71,429,96,498,60,0,96,68,0,99,569,1380,84,434,0,498,0,92,72,128,432,0,80,0,854,81,364,65,63,89,73,1136,76,101,1055,35,84
2019-08-21,72,63,336,72,373,70,427,59,147,93,76,0,79,625,1017,86,457,0,443,0,95,70,0,451,0,88,56,922,87,320,57,65,84,67,1068,69,78,1006,45,57
2019-08-22,85,53,459,57,375,71,492,60,0,83,76,0,81,454,939,76,438,0,486,0,100,79,1,341,0,64,0,743,98,306,64,54,99,74,921,60,67,1084,23,102
2019-08-23,79,59,359,60,418,71,578,64,0,102,68,0,87,509,995,88,388,0,614,0,90,66,54,344,0,77,11,619,89,187,58,65,96,46,824,71,89,1033,38,83
2019-08-24,81,79,373,66,332,65,486,64,19,74,72,0,85,523,1047,74,363,0,313,0,96,71,0,326,0,79,102,662,84,228,67,57,85,63,860,68,94,741,42,67
2019-08-25,90,53,433,68,345,82,472,69,111,75,71,0,65,609,751,68,376,0,556,0,90,75,0,370,0,84,80,886,83,217,57,65,85,70,871,69,85,810,12,100
2019-08-26,78,59,343,61,272,86,553,62,163,84,79,0,84,623,1277,74,482,0,477,0,100,65,0,411,0,64,0,1019,85,319,46,64,78,59,1015,68,71,928,36,81
2019-08-27,59,66,400,71,485,72,440,60,0,91,99,0,66,516,1384,74,442,0,477,0,88,72,0,470,0,80,95,922,92,385,61,65,76,65,1032,67,83,1032,31,57
2019-08-28,71,55,501,72,451,65,450,56,0,115,77,0,75,511,1051,78,462,0,439,0,96,70,43,409,0,67,5,954,90,361,71,71,81,74,975,71,84,1118,0,85
2019-08-29,72,58,364,70,360,66,632,56,0,91,74,0,82,562,971,84,450,0,563,0,100,72,209,389,0,73,98,820,103,357,66,69,91,57,1007,61,89,1049,24,86
2019-08-30,95,62,374,66,453,86,492,62,32,85,83,0,63,433,1129,86,382,0,456,0,93,72,102,347,0,80,70,566,81,266,54,61,104,70,946,66,62,819,46,72
2019-08-31,89,61,352,71,457,66,267,71,0,101,84,0,89,603,983,84,357,0,547,0,93,84,73,324,0,68,0,639,82,292,48,67,90,66,835,68,81,1084,52,92
2019-09-01,80,56,385,75,358,77,495,56,0,83,76,0,99,505,934,82,430,0,394,0,89,85,26,353,0,78,104,892,77,232,75,60,99,76,957,63,72,1184,44,83
2019-09-02,93,49,443,55,348,67,543,65,0,85,73,0,77,554,957,90,438,0,560,0,92,69,0,394,0,65,0,742,86,412,67,65,86,69,961,66,94,963,61,116
2019-09-03,79,61,487,69,317,73,753,52,7,60,74,0,84,613,1241,83,469,0,593,0,103,70,89,420,0,73,47,1045,94,413,60,66,80,64,995,65,89,1317,36,83
2019-09-04,77,69,484,58,314,65,527,69,163,109,66,0,82,566,1241,88,440,0,495,0,94,67,205,463,0,81,0,904,93,381,59,60,91,55,1104,69,96,1097,58,89
2019-09-05,72,55,265,72,286,81,657,50,61,68,67,0,94,531,1172,84,396,0,467,0,89,77,0,382,0,74,100,834,84,255,49,62,89,56,888,69,80,979,31,95
2019-09-06,73,68,303,83,285,77,542,54,0,96,73,0,95,473,1130,64,380,0,416,0,94,77,267,359,0,72,174,937,93,317,76,60,93,65,921,66,91,559,39,122
2019-09-07,76,62,345,67,318,67,383,64,0,106,77,0,84,512,719,80,394,0,482,0,89,67,42,321,0,83,56,870,78,297,64,73,85,71,892,61,83,851,44,72
2019-09-08,86,57,454,76,345,76,458,57,0,87,77,0,75,540,1134,83,391,0,316,0,94,84,84,355,0,65,78,954,93,314,59,62,92,60,946,70,75,758,32,101
2019-09-09,68,69,435,70,457,71,585,67,69,100,81,0,76,537,1279,84,448,0,546,0,99,74,69,385,0,85,45,1041,94,485,75,59,92,65,1080,76,80,1054,8,93
2019-09-10,86,53,483,65,515,74,547,69,77,115,79,0,81,594,1162,77,478,0,510,0,96,68,133,435,0,71,0,966,94,372,57,63,89,57,1015,64,87,921,61,108
2019-09-11,78,70,377,74,390,73,499,56,0,111,93,0,80,587,1023,83,462,0,667,0,87,73,166,399,0,66,35,1069,84,319,54,63,81,69,956,69,81,1200,54,49
2019-09-12,91,58,432,67,269,84,606,55,54,100,81,0,86,541,869,87,413,0,535,0,104,72,81,390,0,77,102,837,90,287,67,54,96,78,878,67,90,1086,54,93
2019-09-13,84,58,300,55,319,64,383,62,130,100,72,0,85,464,1111,81,395,0,325,0,98,73,52,327,0,82,99,804,89,294,73,65,87,82,839,69,95,1035,15,75
2019-09-14,80,54,385,58,193,75,625,70,8,90,86,0,75,534,771,82,403,0,478,0,92,70,0,334,0,70,0,530,92,296,60,59,106,62,871,65,106,1038,51,69
2019-09-15,77,66,434,73,559,55,604,70,33,89,73,0,81,502,816,79,411,0,343,0,89,79,0,322,0,65,145,1021,83,266,53,55,103,72,986,69,92,730,12,70
2019-09-16,66,57,256,68,370,88,527,64,133,94,80,0,75,598,976,79,424,0,545,0,97,68,66,423,0,84,141,894,88,331,60,64,85,64,1071,72,63,1057,64,74
2019-09-17,86,62,401,60,473,65,432,64,83,97,73,0,77,563,1241,80,470,0,520,0,92,78,47,436,0,62,78,1089,90,331,71,68,94,60,1055,70,89,1286,59,108
2019-09-18,54,57,371,62,527,74,528,74,183,79,68,0,87,610,1159,76,482,0,379,0,98,80,128,434,0,81,0,1054,99,408,78,61,82,66,1015,71,89,980,29,85
2019-09-19,74,69,317,61,281,73,373,59,0,85,83,0,68,529,1348,72,409,0,525,0,96,69,0,352,0,76,96,810,89,319,54,64,101,65,867,69,106,846,42,68
2019-09-20,74,65,330,64,408,79,468,64,38,90,71,0,79,481,780,85,449,0,365,0,102,76,73,311,0,65,0,791,80,303,53,63,63,42,822,69,87,969,42,87
2019-09-21,91,60,338,67,296,81,472,75,0,107,84,0,73,534,1122,81,367,0,455,0,92,71,198,353,0,78,105,632,91,246,79,60,99,43,819,70,88,674,53,73
2019-09-22,75,56,409,66,267,68,310,65,35,101,81,0,91,489,835,94,404,0,484,0,89,83,44,364,0,62,14,715,93,348,67,54,88,76,858,74,91,903,42,86
2019-09-23,77,59,419,76,438,70,495,65,60,83,78,0,84,532,1206,75,461,0,357,0,99,71,0,419,0,85,0,742,88,468,51,70,73,61,954,67,68,1286,57,71
2019-09-24,75,69,449,67,439,71,523,68,40,58,70,0,83,604,1310,72,490,0,541,0,91,73,0,462,0,74,48,960,85,404,56,53,60,80,1073,61,80,1222,40,81
2019-09-25,75,56,433,76,497,61,403,59,67,91,75,0,91,577,1017,77,472,0,565,0,100,70,58,383,0,88,23,940,89,442,51,65,83,56,1047,71,68,1105,39,98
2019-09-26,93,59,416,59,430,76,478,68,0,97,71,0,58,570,860,79,344,0,471,0,99,71,48,367,0,65,133,780,81,302,63,66,74,65,933,70,72,1198,55,82
2019-09-27,73,59,395,51,368,63,651,52,0,70,79,0,81,481,956,82,387,0,504,0,94,78,6,325,0,79,0,961,96,287,60,60,80,46,886,60,85,1074,0,47
2019-09-28,66,63,303,62,469,83,389,60,163,83,73,0,83,504,902,73,381,0,379,0,92,82,170,322,0,62,72,883,93,253,80,62,80,62,869,65,94,1038,45,92
2019-09-29,100,58,447,65,301,83,578,67,169,115,89,0,73,542,1192,79,432,0,556,0,89,68,34,330,0,80,69,846,91,305,63,61,100,64,977,67,95,1006,52,82
2019-09-30,79,62,423,70,410,91,509,64,192,69,79,0,99,564,892,88,457,0,521,0,97,68,152,422,0,83,198,1182,86,401,61,66,74,66,978,61,83,983,59,96
2019-10-01,92,66,365,66,531,54,541,63,215,87,74,11,75,654,1342,86,449,0,646,0,104,73,76,458,43,70,96,994,84,398,76,61,93,71,1022,62,76,1069,43,106
2019-10-02,66,64,476,78,518,82,495,56,131,73,72,31,74,522,1407,85,433,0,594,0,91,79,34,374,0,75,130,946,90,336,53,54,100,73,1026,65,84,898,64,89
2019-10-03,51,58,412,72,291,73,597,74,39,110,62,9,99,514,1088,73,381,0,494,0,92,71,98,321,102,71,52,929,89,310,48,59,83,69,981,69,69,1140,94,98
2019-10-04,67,61,391,66,413,63,426,58,48,94,81,0,96,500,863,78,364,0,415,0,91,74,0,346,0,70,0,836,94,379,67,62,74,79,862,69,83,971,69,102
2019-10-05,99,59,401,72,509,84,327,62,0,99,86,28,81,439,932,100,395,0,462,0,103,70,0,354,0,75,49,959,80,287,66,63,99,61,897,71,60,867,53,83
2019-10-06,73,55,507,75,341,74,417,60,0,59,78,0,65,544,1020,76,423,0,480,0,96,77,133,330,0,64,234,1097,98,293,67,66,101,49,1059,71,60,1056,42,89
2019-10-07,76,62,399,58,422,70,505,59,14,96,83,35,79,570,1286,67,420,0,448,0,92,74,0,446,66,77,185,1015,84,409,58,65,91,62,1080,63,90,974,37,103
2019-10-08,95,69,446,60,500,71,629,68,87,69,85,16,80,564,1427,83,501,0,465,0,92,83,140,451,0,82,111,929,92,391,70,63,92,53,995,63,76,1116,63,92
2019-10-09,88,61,410,80,407,54,548,58,43,103,88,8,85,613,1210,81,486,0,616,0,100,66,0,399,46,79,128,1033,99,365,45,66,78,70,1011,72,103,1013,72,87
2019-10-10,99,64,429,63,409,70,472,51,135,86,78,52,81,558,1151,80,397,0,539,0,95,80,0,368,53,72,0,669,94,380,48,54,93,58,961,70,69,1058,99,82
2019-10-11,95,55,238,70,309,79,612,60,149,94,70,0,99,544,1356,75,356,0,401,0,91,69,67,309,72,72,133,631,90,270,73,63,105,71,838,69,89,1002,69,90
2019-10-12,89,59,310,72,331,60,519,59,56,76,74,17,82,489,954,80,365,0,387,0,94,67,42,352,4,67,0,849,83,378,56,67,82,53,843,64,81,867,48,104
2019-10-13,84,66,350,68,322,64,446,68,30,76,77,23,87,530,958,79,412,0,358,0,97,82,110,398,5,83,183,879,89,243,54,65,112,76,986,72,88,1121,48,91
2019-10-14,85,57,392,59,462,75,465,78,159,94,76,54,82,609,1007,79,473,0,612,0,95,85,0,406,0,71,110,874,90,385,61,63,68,61,934,75,71,1073,71,60
2019-10-15,73,69,474,69,380,57,482,59,259,65,85,0,87,584,920,81,462,0,362,0,95,74,0,425,30,73,0,993,88,387,58,57,84,56,967,66,94,1104,62,75
2019-10-16,79,57,406,76,452,69,561,69,78,77,78,34,89,521,1029,78,491,0,444,0,93,74,25,408,18,73,40,762,82,394,59,64,89,69,1057,68,100,988,64,84
2019-10-17,95,71,296,66,318,60,281,61,0,110,85,0,79,460,1325,85,387,0,458,0,101,71,73,385,69,82,90,878,81,360,58,69,86,63,880,65,72,1151,83,69
2019-10-18,108,57,337,65,251,63,369,57,118,89,82,27,70,538,1068,79,386,0,348,0,89,67,38,330,0,71,10,1013,94,258,53,56,86,60,845,61,71,910,72,100
2019-10-19,94,58,464,69,311,73,307,61,0,51,74,53,88,510,1090,83,409,0,441,0,93,83,0,341,104,69,52,997,92,261,58,61,75,64,850,69,100,789,37,74
2019-10-20,100,57,362,62,430,74,473,68,0,62,75,12,81,529,968,64,371,0,427,0,99,79,0,334,0,78,0,1017,87,317,76,58,98,81,954,68,110,958,47,70
2019-10-21,69,57,310,72,471,58,455,59,22,51,81,17,79,591,1148,88,454,0,478,0,101,76,134,373,0,76,69,1077,83,466,45,68,76,58,974,75,95,1167,74,86
2019-10-22,81,59,406,59,382,70,456,73,204,94,80,22,86,612,1391,89,469,0,408,0,90,70,77,424,0,68,101,1132,100,328,77,63,97,72,1078,65,86,1068,73,71
2019-10-23,74,67,471,73,397,49,723,59,119,71,85,49,75,604,1101,77,471,0,458,0,96,66,10,406,34,59,58,999,79,344,71,62,97,57,1007,68,76,780,65,97
2019-10-24,83,57,346,72,403,66,420,64,124,107,79,51,71,500,1043,81,417,0,450,0,95,74,34,339,46,85,0,1108,103,347,75,60,95,64,931,73,95,953,69,99
2019-10-25,91,51,273,70,266,61,371,63,0,87,78,42,48,535,1157,79,408,0,547,0,100,71,116,343,68,86,80,843,78,254,52,59,84,55,887,72,75,899,44,87
2019-10-26,94,65,263,61,316,88,402,67,88,63,83,41,63,564,1015,90,370,0,352,0,88,72,95,393,55,64,10,810,81,259,53,63,65,47,949,64,76,1260,47,69
2019-10-27,110,61,391,77,465,55,622,66,168,106,70,36,81,503,1182,82,394,0,575,0,96,69,0,381,93,58,92,750,89,369,74,63,73,77,955,67,99,1174,60,75
2019-10-28,86,62,431,61,339,81,551,58,0,71,79,23,68,552,1223,80,461,0,521,0,101,64,228,464,79,76,78,1004,100,348,71,57,90,50,1041,71,97,820,94,86
2019-10-29,76,68,447,75,512,70,529,55,10,100,82,0,66,567,1310,76,457,0,639,0,95,67,84,452,0,76,148,986,92,424,60,65,99,67,1037,61,81,1066,75,85
2019-10-30,81,63,451,63,496,72,526,59,0,98,92,50,78,599,1261,83,477,0,504,0,96,75,110,394,87,67,0,1007,95,400,70,52,103,60,1075,61,69,1058,41,88
2019-10-31,93,55,419,63,326,64,401,49,91,96,76,41,86,511,1162,77,352,0,379,0,95,78,0,326,37,79,0,729,89,292,62,71,84,65,991,72,96,979,84,85
2019-11-01,102,50,351,64,432,72,175,61,229,72,83,41,71,467,746,74,378,0,474,0,91,71,0,298,0,87,123,740,85,323,49,64,86,73,929,64,85,834,41,109
2019-11-02,83,63,264,69,348,63,390,69,39,92,76,67,67,523,924,77,387,0,412,0,98,76,41,342,32,79,46,795,87,264,43,66,81,65,856,64,79,926,55,98
2019-11-03,63,59,410,69,418,80,492,59,162,73,73,59,83,552,1226,87,407,0,524,0,95,75,17,396,56,69,13,977,92,376,71,60,91,49,901,63,91,1094,80,87
2019-11-04,73,60,544,65,409,73,417,59,59,110,76,32,79,644,1135,83,475,0,533,0,100,78,198,398,0,71,91,1043,79,337,75,60,79,69,1078,71,67,967,58,81
2019-11-05,73,68,529,64,389,84,464,63,249,82,82,15,81,532,1018,80,514,0,416,0,96,84,0,386,66,75,16,1018,99,364,81,65,81,66,1120,67,79,1015,77,70
2019-11-06,73,69,418,60,509,77,475,51,158,93,78,80,78,570,957,77,467,0,466,0,95,79,117,418,65,70,106,799,95,356,47,54,91,50,1052,60,80,1214,62,69
2019-11-07,53,60,405,60,381,55,367,64,77,58,81,50,70,550,956,74,433,0,563,0,100,86,109,360,0,78,84,737,85,363,56,62,86,75,1044,70,75,955,66,96
2019-11-08,99,63,343,66,272,57,521,71,5,62,88,63,90,427,1214,84,382,0,506,0,91,68,92,357,66,65,0,664,100,256,59,64,107,57,880,63,90,764,85,97
2019-11-09,71,60,326,67,368,94,272,66,57,103,80,22,86,481,1068,80,345,0,345,0,100,79,88,309,66,72,101,703,84,212,51,65,101,49,824,66,87,930,89,72
2019-11-10,85,59,336,67,353,67,335,64,0,83,65,57,84,483,1161,85,423,0,392,0,99,71,0,380,55,78,9,933,95,365,54,64,103,34,1004,69,81,826,81,76
2019-11-11,72,50,411,70,493,74,660,59,0,89,77,43,85,565,1219,80,511,0,516,0,89,70,0,373,165,75,32,928,88,330,49,60,91,56,1024,65,92,1094,85,62
2019-11-12,107,61,541,59,508,52,480,68,19,80,81,48,70,636,1261,75,492,0,503,0,95,62,130,414,136,84,133,1014,87,487,79,62,63,50,1101,70,98,1241,56,65
2019-11-13,70,63,487,58,480,75,615,55,0,82,78,43,77,601,918,76,429,0,368,0,94,79,72,368,82,71,32,1125,92,413,61,56,94,56,1097,75,86,1192,59,96
2019-11-14,60,63,446,72,339,74,432,49,165,75,66,65,67,510,1293,87,418,0,386,0,97,80,25,328,89,65,55,847,87,372,63,65,85,65,919,71,99,839,105,74
2019-11-15,87,71,325,66,295,66,350,63,0,82,77,69,75,499,1003,87,367,0,514,0,95,76,95,331,16,69,105,791,90,311,52,62,82,57,894,64,73,788,85,102
2019-11-16,79,66,411,71,322,71,414,62,140,84,79,54,97,445,995,69,362,0,398,0,104,75,173,376,0,84,118,765,95,294,61,65,87,72,922,61,99,717,86,105
2019-11-17,79,63,404,58,432,62,442,62,0,90,70,43,73,562,863,74,414,0,593,0,90,72,21,381,7,63,72,940,79,324,61,66,106,57,987,71,77,740,60,82
2019-11-18,74,62,369,65,405,73,536,63,87,88,85,39,77,503,1168,84,465,0,545,0,98,62,44,423,180,75,88,1178,93,378,68,57,78,72,1021,68,66,1081,81,107
2019-11-19,78,54,559,65,451,67,554,75,0,110,71,51,87,614,1173,84,525,0,648,0,91,77,158,439,62,70,23,612,94,399,75,62,87,73,1073,73,78,1186,91,64
2019-11-20,88,67,435,78,296,62,468,57,0,82,77,46,66,525,958,75,438,0,600,0,103,75,116,417,115,77,141,835,77,380,64,66,105,60,1024,67,78,1128,86,91
2019-11-21,71,59,428,74,277,90,381,74,169,107,75,61,106,489,1042,81,405,0,459,0,81,82,139,320,0,83,198,870,95,308,60,57,60,79,1006,71,78,937,57,76
2019-11-22,73,58,362,63,261,66,311,63,226,92,76,86,68,438,940,73,380,0,434,0,94,65,0,347,0,71,0,647,96,273,40,71,79,64,822,77,76,1171,33,84
2019-11-23,69,65,429,58,326,78,277,64,61,72,70,83,88,467,619,76,371,0,393,0,104,68,112,348,5,65,28,791,97,364,67,59,72,49,820,70,76,1014,60,84
2019-11-24,82,68,453,66,453,81,443,69,44,104,79,58,86,490,1060,82,404,0,542,0,105,73,24,362,58,91,23,625,86,314,69,57,92,70,911,74,78,1271,89,81
2019-11-25,77,59,391,78,450,80,545,61,7,88,72,44,82,657,1221,74,464,0,650,0,96,77,72,368,21,61,131,860,90,355,48,67,82,56,1071,72,88,1282,79,82
2019-11-26,93,53,478,65,445,73,570,61,31,94,83,65,92,554,1170,75,469,0,428,0,101,74,183,361,0,67,32,982,100,358,54,58,80,67,1157,70,77,1155,74,78
2019-11-27,88,72,377,73,360,68,498,64,58,88,90,73,83,573,985,89,458,0,639,0,95,79,95,382,92,58,76,898,84,332,60,63,78,56,1023,70,102,1087,80,65
2019-11-28,82,56,333,50,390,79,537,71,195,60,73,80,99,623,1217,80,391,0,447,0,94,76,18,368,120,66,0,663,80,318,64,61,90,37,889,70,100,930,85,98
2019-11-29,88,78,337,64,333,74,479,56,0,88,81,58,82,506,876,78,367,0,445,0,89,81,121,381,60,62,172,608,97,272,64,62,93,66,849,71,99,1036,55,93
2019-11-30,79,64,479,69,413,78,480,67,7,120,71,44,94,480,939,78,395,0,443,0,95,70,222,337,140,71,83,730,92,208,68,61,87,60,882,78,87,821,41,84
2019-12-01,91,58,521,64,407,81,558,51,0,101,80,48,91,542,995,80,433,0,494,0,102,76,38,377,107,67,28,838,82,282,65,67,90,62,880,77,84,1159,107,66
2019-12-02,76,52,403,60,431,77,612,64,76,92,60,60,79,647,909,83,450,0,389,0,93,63,76,387,20,76,62,672,93,460,54,60,72,68,961,76,76,1272,90,81
2019-12-03,77,58,383,67,432,61,538,56,200,75,85,68,77,616,1221,86,458,0,503,0,100,74,14,417,0,84,52,1006,92,334,64,57,98,74,1054,66,63,1404,106,97
2019-12-04,68,67,406,72,505,86,562,60,26,113,71,73,70,554,888,91,479,0,503,0,100,76,0,417,140,65,105,895,84,384,62,64,78,57,1076,67,94,946,73,100
2019-12-05,78,56,373,76,349,67,497,62,0,87,84,82,75,544,1275,73,387,0,383,0,93,76,96,331,24,61,0,748,91,351,58,62,92,65,955,64,80,1062,73,93
2019-12-06,88,68,343,72,397,65,344,52,103,81,81,91,79,491,1177,82,408,0,375,0,97,85,0,313,32,69,103,721,95,331,72,60,71,67,914,69,99,1066,86,73
2019-12-07,88,64,330,70,284,70,424,56,10,108,74,75,85,517,968,73,441,0,313,0,95,73,18,330,0,61,148,789,102,388,60,63,99,67,843,73,89,913,84,98
2019-12-08,101,73,480,60,426,81,487,66,113,60,71,64,88,600,1061,76,384,0,371,0,96,79,97,346,188,69,0,936,92,373,59,62,87,54,915,64,76,860,38,80
2019-12-09,93,61,402,72,388,74,578,65,281,98,79,79,76,604,1276,91,525,0,505,0,95,82,89,419,0,59,197,774,85,408,79,66,91,56,1004,69,92,1054,89,97
2019-12-10,92,55,535,75,525,74,491,64,174,53,79,73,79,584,1188,80,462,0,534,0,105,71,0,436,69,75,144,968,76,390,60,62,82,62,945,70,92,1335,67,74
2019-12-11,92,59,369,67,378,55,496,55,59,95,80,91,73,593,1087,85,444,0,493,0,90,84,0,400,100,78,96,927,93,399,57,58,69,84,1051,75,93,1300,76,80
2019-12-12,98,59,322,64,415,81,653,65,148,99,78,63,61,523,1227,80,434,0,362,0,101,75,0,340,17,72,165,804,95,362,61,60,87,68,889,66,85,932,71,99
2019-12-13,86,62,306,61,337,77,408,62,54,106,87,114,75,497,771,84,383,0,444,0,95,74,111,337,87,69,22,827,94,230,63,64,102,52,844,75,90,961,82,86
2019-12-14,82,60,326,68,388,83,533,63,72,90,78,93,103,471,1092,100,354,0,426,0,87,71,64,349,106,72,134,970,79,274,66,63,79,56,920,67,85,1042,90,98
2019-12-15,74,64,525,63,332,73,463,59,158,95,74,73,77,540,1154,77,407,0,415,0,98,72,141,337,62,75,75,743,94,383,53,67,78,70,990,64,68,973,109,60
2019-12-16,79,55,387,72,494,71,379,65,85,87,74,71,98,569,992,80,461,0,429,0,102,61,97,431,22,76,39,786,100,254,69,62,107,66,968,73,67,1332,98,111
2019-12-17,99,66,508,62,440,97,605,66,98,96,85,114,82,645,1041,81,445,0,522,0,101,83,49,399,20,56,173,921,103,359,79,59,75,58,1019,65,84,1102,69,75
2019-12-18,88,71,439,70,464,66,402,58,7,91,77,70,81,597,1254,79,468,0,497,0,94,74,200,432,0,80,0,1047,82,399,65,63,86,59,1022,76,61,1218,85,99
2019-12-19,98,59,296,71,415,68,492,47,50,75,91,50,116,494,903,84,421,0,506,0,99,76,97,327,104,76,76,726,79,257,52,63,98,58,944,70,78,1366,65,96
2019-12-20,91,61,382,66,272,75,424,60,138,90,74,137,72,491,848,75,334,0,487,0,90,75,106,336,89,76,82,828,94,279,61,62,113,68,921,67,93,797,100,118
2019-12-21,95,54,355,82,314,71,470,55,12,73,60,82,76,526,1086,86,391,0,343,0,100,78,34,348,100,56,30,761,97,305,46,61,99,63,906,65,69,895,89,88
2019-12-22,80,66,342,72,406,68,386,66,134,85,78,95,80,464,1366,86,435,0,425,0,93,82,0,314,81,77,183,697,87,360,42,62,84,58,997,70,90,833,105,128
2019-12-23,83,64,499,64,349,67,709,56,0,98,71,61,70,555,1117,94,516,0,403,0,104,69,16,428,144,62,81,1103,94,391,62,57,100,61,1074,76,89,811,65,83
2019-12-24,72,55,375,59,587,69,435,60,61,92,80,124,89,517,1353,80,496,0,567,0,96,74,0,450,96,63,53,1077,87,363,61,65,101,52,1075,64,72,1224,86,67
2019-12-25,83,64,406,70,416,65,446,60,203,119,75,84,69,619,1264,79,435,0,466,0,98,74,99,386,21,69,59,832,93,326,66,64,110,66,1077,67,70,1005,82,101
2019-12-26,74,68,387,60,430,80,562,57,19,116,78,114,90,504,1001,80,359,0,534,0,93,71,0,323,78,74,101,824,102,365,54,60,86,75,935,66,87,1029,99,102
2019-12-27,87,62,393,75,298,66,433,68,154,75,82,67,74,510,917,85,404,0,431,0,103,64,287,331,41,80,50,604,89,292,69,70,82,84,844,70,75,906,86,68
2019-12-28,92,56,256,65,400,82,353,52,118,82,87,86,80,503,1102,88,355,0,431,0,94,69,0,337,0,74,66,743,91,314,74,60,102,43,806,76,93,1185,90,85
2019-12-29,67,67,532,64,435,64,512,59,168,89,84,100,92,549,863,86,408,0,626,0,86,68,149,357,110,70,213,872,85,284,77,60,95,52,1021,70,69,1193,67,90
2019-12-30,72,60,406,72,298,78,491,59,158,92,83,78,69,611,969,86,470,0,476,0,96,72,93,437,85,55,0,859,93,346,71,59,86,57,1037,68,74,1226,88,73
2019-12-31,73,69,430,69,596,93,391,60,145,89,79,122,57,652,1281,95,492,0,590,0,97,86,0,450,100,85,7,904,83,429,77,57,93,61,1143,67,70,1101,127,104
